-- phpMyAdmin SQL Dump
-- version 5.2.1
-- https://www.phpmyadmin.net/
--
-- Servidor: 127.0.0.1
-- Tiempo de generaci贸n: 27-01-2026 a las 21:37:02
-- Versi贸n del servidor: 10.4.32-MariaDB
-- Versi贸n de PHP: 8.2.12

SET SQL_MODE = "NO_AUTO_VALUE_ON_ZERO";
START TRANSACTION;
SET time_zone = "+00:00";


/*!40101 SET @OLD_CHARACTER_SET_CLIENT=@@CHARACTER_SET_CLIENT */;
/*!40101 SET @OLD_CHARACTER_SET_RESULTS=@@CHARACTER_SET_RESULTS */;
/*!40101 SET @OLD_COLLATION_CONNECTION=@@COLLATION_CONNECTION */;
/*!40101 SET NAMES utf8mb4 */;

--
-- Base de datos: `mi_tienda`
--

-- --------------------------------------------------------

--
-- Estructura de tabla para la tabla `audit_logs`
--

CREATE TABLE `audit_logs` (
  `id` int(11) NOT NULL,
  `user_id` int(11) DEFAULT NULL,
  `action` varchar(100) DEFAULT NULL,
  `object_type` varchar(50) DEFAULT NULL,
  `object_id` int(11) DEFAULT NULL,
  `details` text DEFAULT NULL,
  `created_at` timestamp NOT NULL DEFAULT current_timestamp()
) ENGINE=InnoDB DEFAULT CHARSET=utf8mb4 COLLATE=utf8mb4_unicode_ci;

-- --------------------------------------------------------

--
-- Estructura de tabla para la tabla `branches`
--

CREATE TABLE `branches` (
  `id` int(11) NOT NULL,
  `name` varchar(100) NOT NULL,
  `nit` varchar(50) DEFAULT NULL,
  `active` tinyint(1) NOT NULL DEFAULT 1,
  `address` varchar(255) DEFAULT NULL,
  `phone` varchar(50) DEFAULT NULL,
  `email` varchar(100) DEFAULT NULL,
  `invoice_prefix` varchar(20) DEFAULT NULL,
  `invoice_legend` varchar(255) DEFAULT NULL,
  `company_logo` varchar(255) DEFAULT NULL,
  `created_at` timestamp NOT NULL DEFAULT current_timestamp()
) ENGINE=InnoDB DEFAULT CHARSET=utf8mb4 COLLATE=utf8mb4_unicode_ci;

--
-- Volcado de datos para la tabla `branches`
--

INSERT INTO `branches` (`id`, `name`, `nit`, `active`, `address`, `phone`, `email`, `invoice_prefix`, `invoice_legend`, `company_logo`, `created_at`) VALUES
(1, 'Sucursal Danubio', '1012319489-3', 1, 'Carrera 18 O 路10-20', '3202477979', NULL, NULL, 'solo pagos--------------------                                                                                                 -------------------------------------------                                                              ---------------------', '', '2025-12-04 21:43:36'),
(2, 'Sucursal Veredita', '1012319489-3', 1, 'calle falsa', '', NULL, NULL, 'solo a,os jfoidsfkjnvkjkjdnvkjnjgkfnvk--------------------------------------------------------------------------------------------------------------------------------------------------------------------------------------------------------------', '', '2025-12-07 00:49:11');

-- --------------------------------------------------------

--
-- Estructura de tabla para la tabla `branch_category_visibility`
--

CREATE TABLE `branch_category_visibility` (
  `id` int(11) NOT NULL,
  `branch_id` int(11) NOT NULL,
  `category_id` int(11) NOT NULL,
  `visible` tinyint(1) NOT NULL DEFAULT 1,
  `updated_by` int(11) DEFAULT NULL,
  `updated_at` timestamp NULL DEFAULT current_timestamp() ON UPDATE current_timestamp()
) ENGINE=InnoDB DEFAULT CHARSET=utf8mb4 COLLATE=utf8mb4_general_ci;

--
-- Volcado de datos para la tabla `branch_category_visibility`
--

INSERT INTO `branch_category_visibility` (`id`, `branch_id`, `category_id`, `visible`, `updated_by`, `updated_at`) VALUES
(1, 1, 8, 1, 1, '2026-01-22 19:40:07'),
(2, 1, 9, 1, 1, '2026-01-22 19:40:07'),
(3, 1, 10, 1, 1, '2026-01-22 19:40:07'),
(4, 1, 11, 1, 1, '2026-01-22 19:40:07'),
(17, 1, 12, 0, 1, '2026-01-22 19:40:07'),
(18, 1, 13, 0, 1, '2026-01-22 19:40:07'),
(19, 1, 14, 0, 1, '2026-01-22 19:40:07'),
(20, 1, 15, 0, 1, '2026-01-22 19:40:07'),
(21, 2, 8, 0, 11, '2026-01-24 21:53:57'),
(22, 2, 9, 0, 11, '2026-01-24 21:53:57'),
(23, 2, 10, 0, 11, '2026-01-24 21:53:57'),
(24, 2, 11, 0, 11, '2026-01-24 21:53:57'),
(25, 2, 12, 1, 11, '2026-01-24 21:53:57'),
(26, 2, 13, 1, 11, '2026-01-24 21:53:57'),
(27, 2, 14, 1, 11, '2026-01-24 21:53:57'),
(28, 2, 15, 1, 11, '2026-01-24 21:53:57'),
(37, 1, 16, 0, 1, '2026-01-22 19:40:07'),
(47, 1, 17, 1, 1, '2026-01-22 19:40:07'),
(48, 1, 18, 0, 1, '2026-01-22 19:40:07'),
(57, 2, 16, 0, 11, '2026-01-24 21:53:57'),
(58, 2, 17, 0, 11, '2026-01-24 21:53:57'),
(59, 2, 18, 1, 11, '2026-01-24 21:53:57');

-- --------------------------------------------------------

--
-- Estructura de tabla para la tabla `branch_subcategory_visibility`
--

CREATE TABLE `branch_subcategory_visibility` (
  `id` int(11) NOT NULL,
  `branch_id` int(11) NOT NULL,
  `subcategory_id` int(11) NOT NULL,
  `visible` tinyint(1) NOT NULL DEFAULT 1,
  `updated_by` int(11) DEFAULT NULL,
  `updated_at` timestamp NULL DEFAULT current_timestamp() ON UPDATE current_timestamp()
) ENGINE=InnoDB DEFAULT CHARSET=utf8mb4 COLLATE=utf8mb4_general_ci;

--
-- Volcado de datos para la tabla `branch_subcategory_visibility`
--

INSERT INTO `branch_subcategory_visibility` (`id`, `branch_id`, `subcategory_id`, `visible`, `updated_by`, `updated_at`) VALUES
(1, 1, 10, 1, 1, '2026-01-22 19:40:07'),
(2, 1, 11, 1, 1, '2026-01-22 19:40:07'),
(5, 1, 14, 1, 1, '2026-01-22 19:40:07'),
(6, 1, 15, 1, 1, '2026-01-22 19:40:07'),
(7, 1, 16, 1, 1, '2026-01-22 19:40:07'),
(8, 1, 17, 1, 1, '2026-01-22 19:40:07'),
(9, 1, 18, 1, 1, '2026-01-22 19:40:07'),
(10, 1, 19, 1, 1, '2026-01-22 19:40:07'),
(12, 1, 21, 1, 1, '2026-01-22 19:40:07'),
(13, 1, 22, 1, 1, '2026-01-22 19:40:07'),
(14, 1, 23, 1, 1, '2026-01-22 19:40:07'),
(15, 1, 24, 1, 1, '2026-01-22 19:40:07'),
(16, 1, 25, 1, 1, '2026-01-22 19:40:07'),
(17, 1, 26, 1, 1, '2026-01-22 19:40:07'),
(18, 1, 27, 1, 1, '2026-01-22 19:40:07'),
(19, 1, 28, 1, 1, '2026-01-22 19:40:07'),
(20, 1, 29, 1, 1, '2026-01-22 19:40:07'),
(21, 1, 30, 1, 1, '2026-01-22 19:40:07'),
(22, 1, 31, 1, 1, '2026-01-22 19:40:07'),
(23, 1, 32, 1, 1, '2026-01-22 19:40:07'),
(24, 1, 33, 1, 1, '2026-01-22 19:40:07'),
(25, 1, 34, 1, 1, '2026-01-22 19:40:07'),
(26, 1, 35, 1, 1, '2026-01-22 19:40:07'),
(27, 1, 36, 1, 1, '2026-01-22 19:40:07'),
(28, 1, 37, 1, 1, '2026-01-22 19:40:07'),
(29, 1, 38, 1, 1, '2026-01-22 19:40:07'),
(30, 1, 39, 1, 1, '2026-01-22 19:40:07'),
(31, 1, 40, 1, 1, '2026-01-22 19:40:07'),
(33, 1, 42, 1, 1, '2026-01-22 19:40:07'),
(34, 1, 43, 1, 1, '2026-01-22 19:40:07'),
(69, 1, 44, 1, 1, '2026-01-22 19:40:07'),
(140, 2, 10, 1, 11, '2026-01-24 21:53:57'),
(141, 2, 11, 1, 11, '2026-01-24 21:53:57'),
(144, 2, 14, 1, 11, '2026-01-24 21:53:57'),
(145, 2, 15, 1, 11, '2026-01-24 21:53:57'),
(146, 2, 16, 1, 11, '2026-01-24 21:53:57'),
(147, 2, 17, 1, 11, '2026-01-24 21:53:57'),
(148, 2, 18, 1, 11, '2026-01-24 21:53:57'),
(149, 2, 19, 1, 11, '2026-01-24 21:53:57'),
(151, 2, 21, 1, 11, '2026-01-24 21:53:57'),
(152, 2, 22, 1, 11, '2026-01-24 21:53:57'),
(153, 2, 23, 1, 11, '2026-01-24 21:53:57'),
(154, 2, 24, 1, 11, '2026-01-24 21:53:57'),
(155, 2, 25, 1, 11, '2026-01-24 21:53:57'),
(156, 2, 26, 1, 11, '2026-01-24 21:53:57'),
(157, 2, 27, 1, 11, '2026-01-24 21:53:57'),
(158, 2, 28, 1, 11, '2026-01-24 21:53:57'),
(159, 2, 29, 1, 11, '2026-01-24 21:53:57'),
(160, 2, 30, 1, 11, '2026-01-24 21:53:57'),
(161, 2, 31, 1, 11, '2026-01-24 21:53:57'),
(162, 2, 32, 1, 11, '2026-01-24 21:53:57'),
(163, 2, 33, 1, 11, '2026-01-24 21:53:57'),
(164, 2, 34, 1, 11, '2026-01-24 21:53:57'),
(165, 2, 35, 1, 11, '2026-01-24 21:53:57'),
(166, 2, 36, 1, 11, '2026-01-24 21:53:57'),
(167, 2, 37, 1, 11, '2026-01-24 21:53:57'),
(168, 2, 38, 1, 11, '2026-01-24 21:53:57'),
(169, 2, 39, 1, 11, '2026-01-24 21:53:57'),
(170, 2, 40, 1, 11, '2026-01-24 21:53:57'),
(172, 2, 42, 1, 11, '2026-01-24 21:53:57'),
(173, 2, 43, 1, 11, '2026-01-24 21:53:57'),
(174, 2, 44, 1, 11, '2026-01-24 21:53:57'),
(207, 1, 211, 1, 1, '2026-01-22 19:40:07'),
(208, 1, 221, 1, 1, '2026-01-22 19:40:07'),
(209, 1, 78, 1, 1, '2026-01-22 19:40:07'),
(210, 1, 79, 1, 1, '2026-01-22 19:40:07'),
(211, 1, 81, 1, 1, '2026-01-22 19:40:07'),
(212, 1, 82, 1, 1, '2026-01-22 19:40:07'),
(213, 1, 83, 1, 1, '2026-01-22 19:40:07'),
(214, 1, 84, 1, 1, '2026-01-22 19:40:07'),
(215, 1, 85, 1, 1, '2026-01-22 19:40:07'),
(216, 1, 86, 1, 1, '2026-01-22 19:40:07'),
(217, 1, 87, 1, 1, '2026-01-22 19:40:07'),
(218, 1, 89, 1, 1, '2026-01-22 19:40:07'),
(219, 1, 90, 1, 1, '2026-01-22 19:40:07'),
(220, 1, 91, 1, 1, '2026-01-22 19:40:07'),
(221, 1, 92, 1, 1, '2026-01-22 19:40:07'),
(222, 1, 93, 1, 1, '2026-01-22 19:40:07'),
(223, 1, 94, 1, 1, '2026-01-22 19:40:07'),
(224, 1, 95, 1, 1, '2026-01-22 19:40:07'),
(225, 1, 96, 1, 1, '2026-01-22 19:40:07'),
(226, 1, 97, 1, 1, '2026-01-22 19:40:07'),
(227, 1, 98, 1, 1, '2026-01-22 19:40:07'),
(228, 1, 99, 1, 1, '2026-01-22 19:40:07'),
(229, 1, 100, 1, 1, '2026-01-22 19:40:07'),
(230, 1, 101, 1, 1, '2026-01-22 19:40:07'),
(231, 1, 102, 1, 1, '2026-01-22 19:40:07'),
(232, 1, 103, 1, 1, '2026-01-22 19:40:07'),
(233, 1, 104, 1, 1, '2026-01-22 19:40:07'),
(234, 1, 105, 1, 1, '2026-01-22 19:40:07'),
(235, 1, 106, 1, 1, '2026-01-22 19:40:07'),
(236, 1, 107, 1, 1, '2026-01-22 19:40:07'),
(237, 1, 108, 1, 1, '2026-01-22 19:40:07'),
(238, 1, 109, 1, 1, '2026-01-22 19:40:07'),
(239, 1, 110, 1, 1, '2026-01-22 19:40:07'),
(240, 1, 111, 1, 1, '2026-01-22 19:40:07'),
(241, 1, 216, 1, 1, '2026-01-22 19:40:07'),
(242, 1, 145, 1, 1, '2026-01-22 19:40:07'),
(243, 1, 146, 1, 1, '2026-01-22 19:40:07'),
(244, 1, 147, 1, 1, '2026-01-22 19:40:07'),
(245, 1, 148, 1, 1, '2026-01-22 19:40:07'),
(246, 1, 149, 1, 1, '2026-01-22 19:40:07'),
(247, 1, 150, 1, 1, '2026-01-22 19:40:07'),
(248, 1, 151, 1, 1, '2026-01-22 19:40:07'),
(249, 1, 152, 1, 1, '2026-01-22 19:40:07'),
(250, 1, 153, 1, 1, '2026-01-22 19:40:07'),
(251, 1, 155, 1, 1, '2026-01-22 19:40:07'),
(252, 1, 156, 1, 1, '2026-01-22 19:40:07'),
(253, 1, 157, 1, 1, '2026-01-22 19:40:07'),
(254, 1, 158, 1, 1, '2026-01-22 19:40:07'),
(255, 1, 159, 1, 1, '2026-01-22 19:40:07'),
(256, 1, 160, 1, 1, '2026-01-22 19:40:07'),
(257, 1, 161, 1, 1, '2026-01-22 19:40:07'),
(258, 1, 162, 1, 1, '2026-01-22 19:40:07'),
(259, 1, 163, 1, 1, '2026-01-22 19:40:07'),
(260, 1, 164, 1, 1, '2026-01-22 19:40:07'),
(261, 1, 165, 1, 1, '2026-01-22 19:40:07'),
(262, 1, 166, 1, 1, '2026-01-22 19:40:07'),
(263, 1, 167, 1, 1, '2026-01-22 19:40:07'),
(264, 1, 168, 1, 1, '2026-01-22 19:40:07'),
(265, 1, 169, 1, 1, '2026-01-22 19:40:07'),
(266, 1, 170, 1, 1, '2026-01-22 19:40:07'),
(267, 1, 171, 1, 1, '2026-01-22 19:40:07'),
(268, 1, 172, 1, 1, '2026-01-22 19:40:07'),
(269, 1, 173, 1, 1, '2026-01-22 19:40:07'),
(270, 1, 174, 1, 1, '2026-01-22 19:40:07'),
(271, 1, 175, 1, 1, '2026-01-22 19:40:07'),
(272, 1, 176, 1, 1, '2026-01-22 19:40:07'),
(273, 1, 177, 1, 1, '2026-01-22 19:40:07'),
(274, 1, 218, 1, 1, '2026-01-22 19:40:07'),
(275, 1, 214, 1, 1, '2026-01-22 19:40:07'),
(277, 1, 45, 1, 1, '2026-01-22 19:40:07'),
(279, 1, 48, 1, 1, '2026-01-22 19:40:07'),
(280, 1, 49, 1, 1, '2026-01-22 19:40:07'),
(281, 1, 50, 1, 1, '2026-01-22 19:40:07'),
(282, 1, 51, 1, 1, '2026-01-22 19:40:07'),
(283, 1, 52, 1, 1, '2026-01-22 19:40:07'),
(284, 1, 53, 1, 1, '2026-01-22 19:40:07'),
(285, 1, 54, 1, 1, '2026-01-22 19:40:07'),
(286, 1, 55, 1, 1, '2026-01-22 19:40:07'),
(287, 1, 56, 1, 1, '2026-01-22 19:40:07'),
(288, 1, 57, 1, 1, '2026-01-22 19:40:07'),
(289, 1, 58, 1, 1, '2026-01-22 19:40:07'),
(290, 1, 59, 1, 1, '2026-01-22 19:40:07'),
(291, 1, 60, 1, 1, '2026-01-22 19:40:07'),
(292, 1, 61, 1, 1, '2026-01-22 19:40:07'),
(293, 1, 62, 1, 1, '2026-01-22 19:40:07'),
(294, 1, 63, 1, 1, '2026-01-22 19:40:07'),
(295, 1, 64, 1, 1, '2026-01-22 19:40:07'),
(296, 1, 65, 1, 1, '2026-01-22 19:40:07'),
(297, 1, 66, 1, 1, '2026-01-22 19:40:07'),
(298, 1, 67, 1, 1, '2026-01-22 19:40:07'),
(299, 1, 68, 1, 1, '2026-01-22 19:40:07'),
(300, 1, 69, 1, 1, '2026-01-22 19:40:07'),
(301, 1, 70, 1, 1, '2026-01-22 19:40:07'),
(302, 1, 71, 1, 1, '2026-01-22 19:40:07'),
(303, 1, 72, 1, 1, '2026-01-22 19:40:07'),
(304, 1, 73, 1, 1, '2026-01-22 19:40:07'),
(305, 1, 74, 1, 1, '2026-01-22 19:40:07'),
(306, 1, 75, 1, 1, '2026-01-22 19:40:07'),
(307, 1, 76, 1, 1, '2026-01-22 19:40:07'),
(308, 1, 77, 1, 1, '2026-01-22 19:40:07'),
(309, 1, 212, 1, 1, '2026-01-22 19:40:07'),
(310, 1, 222, 1, 1, '2026-01-22 19:40:07'),
(311, 1, 220, 1, 1, '2026-01-22 19:40:07'),
(312, 1, 178, 1, 1, '2026-01-22 19:40:07'),
(313, 1, 179, 1, 1, '2026-01-22 19:40:07'),
(314, 1, 180, 1, 1, '2026-01-22 19:40:07'),
(315, 1, 181, 1, 1, '2026-01-22 19:40:07'),
(316, 1, 182, 1, 1, '2026-01-22 19:40:07'),
(317, 1, 183, 1, 1, '2026-01-22 19:40:07'),
(318, 1, 184, 1, 1, '2026-01-22 19:40:07'),
(319, 1, 185, 1, 1, '2026-01-22 19:40:07'),
(320, 1, 186, 1, 1, '2026-01-22 19:40:07'),
(321, 1, 188, 1, 1, '2026-01-22 19:40:07'),
(322, 1, 189, 1, 1, '2026-01-22 19:40:07'),
(323, 1, 190, 1, 1, '2026-01-22 19:40:07'),
(324, 1, 191, 1, 1, '2026-01-22 19:40:07'),
(325, 1, 192, 1, 1, '2026-01-22 19:40:07'),
(326, 1, 193, 1, 1, '2026-01-22 19:40:07'),
(327, 1, 194, 1, 1, '2026-01-22 19:40:07'),
(328, 1, 195, 1, 1, '2026-01-22 19:40:07'),
(329, 1, 196, 1, 1, '2026-01-22 19:40:07'),
(330, 1, 197, 1, 1, '2026-01-22 19:40:07'),
(331, 1, 198, 1, 1, '2026-01-22 19:40:07'),
(332, 1, 199, 1, 1, '2026-01-22 19:40:07'),
(333, 1, 200, 1, 1, '2026-01-22 19:40:07'),
(334, 1, 201, 1, 1, '2026-01-22 19:40:07'),
(335, 1, 202, 1, 1, '2026-01-22 19:40:07'),
(336, 1, 203, 1, 1, '2026-01-22 19:40:07'),
(337, 1, 204, 1, 1, '2026-01-22 19:40:07'),
(338, 1, 205, 1, 1, '2026-01-22 19:40:07'),
(339, 1, 206, 1, 1, '2026-01-22 19:40:07'),
(340, 1, 207, 1, 1, '2026-01-22 19:40:07'),
(342, 1, 209, 1, 1, '2026-01-22 19:40:07'),
(343, 1, 210, 1, 1, '2026-01-22 19:40:07'),
(344, 1, 219, 1, 1, '2026-01-22 19:40:07'),
(345, 1, 112, 1, 1, '2026-01-22 19:40:07'),
(346, 1, 113, 1, 1, '2026-01-22 19:40:07'),
(347, 1, 114, 1, 1, '2026-01-22 19:40:07'),
(348, 1, 115, 1, 1, '2026-01-22 19:40:07'),
(349, 1, 116, 1, 1, '2026-01-22 19:40:07'),
(350, 1, 117, 1, 1, '2026-01-22 19:40:07'),
(351, 1, 118, 1, 1, '2026-01-22 19:40:07'),
(352, 1, 119, 1, 1, '2026-01-22 19:40:07'),
(353, 1, 120, 1, 1, '2026-01-22 19:40:07'),
(354, 1, 122, 1, 1, '2026-01-22 19:40:07'),
(355, 1, 123, 1, 1, '2026-01-22 19:40:07'),
(356, 1, 124, 1, 1, '2026-01-22 19:40:07'),
(357, 1, 125, 1, 1, '2026-01-22 19:40:07'),
(358, 1, 126, 1, 1, '2026-01-22 19:40:07'),
(359, 1, 127, 1, 1, '2026-01-22 19:40:07'),
(360, 1, 128, 1, 1, '2026-01-22 19:40:07'),
(361, 1, 129, 1, 1, '2026-01-22 19:40:07'),
(362, 1, 130, 1, 1, '2026-01-22 19:40:07'),
(363, 1, 131, 1, 1, '2026-01-22 19:40:07'),
(364, 1, 132, 1, 1, '2026-01-22 19:40:07'),
(365, 1, 133, 1, 1, '2026-01-22 19:40:07'),
(366, 1, 134, 1, 1, '2026-01-22 19:40:07'),
(367, 1, 135, 1, 1, '2026-01-22 19:40:07'),
(368, 1, 136, 1, 1, '2026-01-22 19:40:07'),
(369, 1, 137, 1, 1, '2026-01-22 19:40:07'),
(370, 1, 138, 1, 1, '2026-01-22 19:40:07'),
(371, 1, 139, 1, 1, '2026-01-22 19:40:07'),
(372, 1, 140, 1, 1, '2026-01-22 19:40:07'),
(373, 1, 141, 1, 1, '2026-01-22 19:40:07'),
(374, 1, 142, 1, 1, '2026-01-22 19:40:07'),
(375, 1, 143, 1, 1, '2026-01-22 19:40:07'),
(376, 1, 144, 1, 1, '2026-01-22 19:40:07'),
(377, 1, 217, 1, 1, '2026-01-22 19:40:07'),
(378, 1, 223, 1, 1, '2026-01-22 19:40:07'),
(411, 1, 264, 1, 1, '2026-01-22 19:40:07'),
(479, 1, 225, 1, 1, '2026-01-22 19:40:07'),
(480, 1, 227, 1, 1, '2026-01-22 19:40:07'),
(481, 1, 229, 1, 1, '2026-01-22 19:40:07'),
(482, 1, 231, 1, 1, '2026-01-22 19:40:07'),
(483, 1, 233, 1, 1, '2026-01-22 19:40:07'),
(484, 1, 235, 1, 1, '2026-01-22 19:40:07'),
(485, 1, 237, 1, 1, '2026-01-22 19:40:07'),
(486, 1, 239, 1, 1, '2026-01-22 19:40:07'),
(487, 1, 241, 1, 1, '2026-01-22 19:40:07'),
(488, 1, 243, 1, 1, '2026-01-22 19:40:07'),
(489, 1, 245, 1, 1, '2026-01-22 19:40:07'),
(490, 1, 247, 1, 1, '2026-01-22 19:40:07'),
(491, 1, 249, 1, 1, '2026-01-22 19:40:07'),
(492, 1, 251, 1, 1, '2026-01-22 19:40:07'),
(493, 1, 253, 1, 1, '2026-01-22 19:40:07'),
(494, 1, 255, 1, 1, '2026-01-22 19:40:07'),
(495, 1, 257, 1, 1, '2026-01-22 19:40:07'),
(496, 1, 259, 1, 1, '2026-01-22 19:40:07'),
(497, 1, 261, 1, 1, '2026-01-22 19:40:07'),
(534, 1, 224, 1, 1, '2026-01-22 19:40:07'),
(535, 1, 226, 1, 1, '2026-01-22 19:40:07'),
(536, 1, 228, 1, 1, '2026-01-22 19:40:07'),
(537, 1, 230, 1, 1, '2026-01-22 19:40:07'),
(538, 1, 232, 1, 1, '2026-01-22 19:40:07'),
(539, 1, 234, 1, 1, '2026-01-22 19:40:07'),
(540, 1, 236, 1, 1, '2026-01-22 19:40:07'),
(541, 1, 238, 1, 1, '2026-01-22 19:40:07'),
(542, 1, 240, 1, 1, '2026-01-22 19:40:07'),
(543, 1, 242, 1, 1, '2026-01-22 19:40:07'),
(544, 1, 244, 1, 1, '2026-01-22 19:40:07'),
(545, 1, 246, 1, 1, '2026-01-22 19:40:07'),
(546, 1, 248, 1, 1, '2026-01-22 19:40:07'),
(547, 1, 250, 1, 1, '2026-01-22 19:40:07'),
(548, 1, 252, 1, 1, '2026-01-22 19:40:07'),
(549, 1, 254, 1, 1, '2026-01-22 19:40:07'),
(550, 1, 256, 1, 1, '2026-01-22 19:40:07'),
(551, 1, 258, 1, 1, '2026-01-22 19:40:07'),
(552, 1, 260, 1, 1, '2026-01-22 19:40:07'),
(620, 1, 265, 1, 1, '2026-01-22 19:40:07'),
(621, 1, 266, 1, 1, '2026-01-22 19:40:07'),
(652, 2, 211, 1, 11, '2026-01-24 21:53:57'),
(653, 2, 221, 1, 11, '2026-01-24 21:53:57'),
(654, 2, 264, 1, 11, '2026-01-24 21:53:57'),
(655, 2, 78, 1, 11, '2026-01-24 21:53:57'),
(656, 2, 79, 1, 11, '2026-01-24 21:53:57'),
(657, 2, 81, 1, 11, '2026-01-24 21:53:57'),
(658, 2, 82, 1, 11, '2026-01-24 21:53:57'),
(659, 2, 83, 1, 11, '2026-01-24 21:53:57'),
(660, 2, 84, 1, 11, '2026-01-24 21:53:57'),
(661, 2, 85, 1, 11, '2026-01-24 21:53:57'),
(662, 2, 86, 1, 11, '2026-01-24 21:53:57'),
(663, 2, 87, 1, 11, '2026-01-24 21:53:57'),
(664, 2, 89, 1, 11, '2026-01-24 21:53:57'),
(665, 2, 90, 1, 11, '2026-01-24 21:53:57'),
(666, 2, 91, 1, 11, '2026-01-24 21:53:57'),
(667, 2, 92, 1, 11, '2026-01-24 21:53:57'),
(668, 2, 93, 1, 11, '2026-01-24 21:53:57'),
(669, 2, 94, 1, 11, '2026-01-24 21:53:57'),
(670, 2, 95, 1, 11, '2026-01-24 21:53:57'),
(671, 2, 96, 1, 11, '2026-01-24 21:53:57'),
(672, 2, 97, 1, 11, '2026-01-24 21:53:57'),
(673, 2, 98, 1, 11, '2026-01-24 21:53:57'),
(674, 2, 99, 1, 11, '2026-01-24 21:53:57'),
(675, 2, 100, 1, 11, '2026-01-24 21:53:57'),
(676, 2, 101, 1, 11, '2026-01-24 21:53:57'),
(677, 2, 102, 1, 11, '2026-01-24 21:53:57'),
(678, 2, 103, 1, 11, '2026-01-24 21:53:57'),
(679, 2, 104, 1, 11, '2026-01-24 21:53:57'),
(680, 2, 105, 1, 11, '2026-01-24 21:53:57'),
(681, 2, 106, 1, 11, '2026-01-24 21:53:57'),
(682, 2, 107, 1, 11, '2026-01-24 21:53:57'),
(683, 2, 108, 1, 11, '2026-01-24 21:53:57'),
(684, 2, 109, 1, 11, '2026-01-24 21:53:57'),
(685, 2, 110, 1, 11, '2026-01-24 21:53:57'),
(686, 2, 111, 1, 11, '2026-01-24 21:53:57'),
(687, 2, 216, 1, 11, '2026-01-24 21:53:57'),
(688, 2, 145, 1, 11, '2026-01-24 21:53:57'),
(689, 2, 146, 1, 11, '2026-01-24 21:53:57'),
(690, 2, 147, 1, 11, '2026-01-24 21:53:57'),
(691, 2, 148, 1, 11, '2026-01-24 21:53:57'),
(692, 2, 149, 1, 11, '2026-01-24 21:53:57'),
(693, 2, 150, 1, 11, '2026-01-24 21:53:57'),
(694, 2, 151, 1, 11, '2026-01-24 21:53:57'),
(695, 2, 152, 1, 11, '2026-01-24 21:53:57'),
(696, 2, 153, 1, 11, '2026-01-24 21:53:57'),
(697, 2, 155, 1, 11, '2026-01-24 21:53:57'),
(698, 2, 156, 1, 11, '2026-01-24 21:53:57'),
(699, 2, 157, 1, 11, '2026-01-24 21:53:57'),
(700, 2, 158, 1, 11, '2026-01-24 21:53:57'),
(701, 2, 159, 1, 11, '2026-01-24 21:53:57'),
(702, 2, 160, 1, 11, '2026-01-24 21:53:57'),
(703, 2, 161, 1, 11, '2026-01-24 21:53:57'),
(704, 2, 162, 1, 11, '2026-01-24 21:53:57'),
(705, 2, 163, 1, 11, '2026-01-24 21:53:57'),
(706, 2, 164, 1, 11, '2026-01-24 21:53:57'),
(707, 2, 165, 1, 11, '2026-01-24 21:53:57'),
(708, 2, 166, 1, 11, '2026-01-24 21:53:57'),
(709, 2, 167, 1, 11, '2026-01-24 21:53:57'),
(710, 2, 168, 1, 11, '2026-01-24 21:53:57'),
(711, 2, 169, 1, 11, '2026-01-24 21:53:57'),
(712, 2, 170, 1, 11, '2026-01-24 21:53:57'),
(713, 2, 171, 1, 11, '2026-01-24 21:53:57'),
(714, 2, 172, 1, 11, '2026-01-24 21:53:57'),
(715, 2, 173, 1, 11, '2026-01-24 21:53:57'),
(716, 2, 174, 1, 11, '2026-01-24 21:53:57'),
(717, 2, 175, 1, 11, '2026-01-24 21:53:57'),
(718, 2, 176, 1, 11, '2026-01-24 21:53:57'),
(719, 2, 177, 1, 11, '2026-01-24 21:53:57'),
(720, 2, 218, 1, 11, '2026-01-24 21:53:57'),
(721, 2, 214, 0, 11, '2026-01-24 21:53:57'),
(722, 2, 225, 1, 11, '2026-01-24 21:53:57'),
(723, 2, 227, 0, 11, '2026-01-24 21:53:57'),
(724, 2, 229, 0, 11, '2026-01-24 21:53:57'),
(725, 2, 231, 0, 11, '2026-01-24 21:53:57'),
(726, 2, 233, 0, 11, '2026-01-24 21:53:57'),
(727, 2, 235, 0, 11, '2026-01-24 21:53:57'),
(728, 2, 237, 0, 11, '2026-01-24 21:53:57'),
(729, 2, 239, 0, 11, '2026-01-24 21:53:57'),
(730, 2, 241, 0, 11, '2026-01-24 21:53:57'),
(731, 2, 243, 0, 11, '2026-01-24 21:53:57'),
(732, 2, 245, 0, 11, '2026-01-24 21:53:57'),
(733, 2, 247, 0, 11, '2026-01-24 21:53:57'),
(734, 2, 249, 0, 11, '2026-01-24 21:53:57'),
(735, 2, 251, 0, 11, '2026-01-24 21:53:57'),
(736, 2, 253, 0, 11, '2026-01-24 21:53:57'),
(737, 2, 255, 0, 11, '2026-01-24 21:53:57'),
(738, 2, 257, 0, 11, '2026-01-24 21:53:57'),
(739, 2, 259, 0, 11, '2026-01-24 21:53:57'),
(740, 2, 261, 0, 11, '2026-01-24 21:53:57'),
(743, 2, 45, 1, 11, '2026-01-24 21:53:57'),
(744, 2, 48, 1, 11, '2026-01-24 21:53:57'),
(745, 2, 49, 1, 11, '2026-01-24 21:53:57'),
(746, 2, 50, 1, 11, '2026-01-24 21:53:57'),
(747, 2, 51, 1, 11, '2026-01-24 21:53:57'),
(748, 2, 52, 1, 11, '2026-01-24 21:53:57'),
(749, 2, 53, 1, 11, '2026-01-24 21:53:57'),
(750, 2, 54, 1, 11, '2026-01-24 21:53:57'),
(751, 2, 55, 1, 11, '2026-01-24 21:53:57'),
(752, 2, 56, 1, 11, '2026-01-24 21:53:57'),
(753, 2, 57, 1, 11, '2026-01-24 21:53:57'),
(754, 2, 58, 1, 11, '2026-01-24 21:53:57'),
(755, 2, 59, 1, 11, '2026-01-24 21:53:57'),
(756, 2, 60, 1, 11, '2026-01-24 21:53:57'),
(757, 2, 61, 1, 11, '2026-01-24 21:53:57'),
(758, 2, 62, 1, 11, '2026-01-24 21:53:57'),
(759, 2, 63, 1, 11, '2026-01-24 21:53:57'),
(760, 2, 64, 1, 11, '2026-01-24 21:53:57'),
(761, 2, 65, 1, 11, '2026-01-24 21:53:57'),
(762, 2, 66, 1, 11, '2026-01-24 21:53:57'),
(763, 2, 67, 1, 11, '2026-01-24 21:53:57'),
(764, 2, 68, 1, 11, '2026-01-24 21:53:57'),
(765, 2, 69, 1, 11, '2026-01-24 21:53:57'),
(766, 2, 70, 1, 11, '2026-01-24 21:53:57'),
(767, 2, 71, 1, 11, '2026-01-24 21:53:57'),
(768, 2, 72, 1, 11, '2026-01-24 21:53:57'),
(769, 2, 73, 1, 11, '2026-01-24 21:53:57'),
(770, 2, 74, 1, 11, '2026-01-24 21:53:57'),
(771, 2, 75, 1, 11, '2026-01-24 21:53:57'),
(772, 2, 76, 1, 11, '2026-01-24 21:53:57'),
(773, 2, 77, 1, 11, '2026-01-24 21:53:57'),
(774, 2, 212, 1, 11, '2026-01-24 21:53:57'),
(775, 2, 222, 1, 11, '2026-01-24 21:53:57'),
(776, 2, 220, 0, 11, '2026-01-24 21:53:57'),
(777, 2, 224, 1, 11, '2026-01-24 21:53:57'),
(778, 2, 226, 0, 11, '2026-01-24 21:53:57'),
(779, 2, 228, 0, 11, '2026-01-24 21:53:57'),
(780, 2, 230, 0, 11, '2026-01-24 21:53:57'),
(781, 2, 232, 0, 11, '2026-01-24 21:53:57'),
(782, 2, 234, 0, 11, '2026-01-24 21:53:57'),
(783, 2, 236, 0, 11, '2026-01-24 21:53:57'),
(784, 2, 238, 0, 11, '2026-01-24 21:53:57'),
(785, 2, 240, 0, 11, '2026-01-24 21:53:57'),
(786, 2, 242, 0, 11, '2026-01-24 21:53:57'),
(787, 2, 244, 0, 11, '2026-01-24 21:53:57'),
(788, 2, 246, 0, 11, '2026-01-24 21:53:57'),
(789, 2, 248, 0, 11, '2026-01-24 21:53:57'),
(790, 2, 250, 0, 11, '2026-01-24 21:53:57'),
(791, 2, 252, 0, 11, '2026-01-24 21:53:57'),
(792, 2, 254, 0, 11, '2026-01-24 21:53:57'),
(793, 2, 256, 0, 11, '2026-01-24 21:53:57'),
(794, 2, 258, 0, 11, '2026-01-24 21:53:57'),
(795, 2, 260, 0, 11, '2026-01-24 21:53:57'),
(797, 2, 178, 1, 11, '2026-01-24 21:53:57'),
(798, 2, 179, 1, 11, '2026-01-24 21:53:57'),
(799, 2, 180, 0, 11, '2026-01-24 21:53:57'),
(800, 2, 181, 1, 11, '2026-01-24 21:53:57'),
(801, 2, 182, 1, 11, '2026-01-24 21:53:57'),
(802, 2, 183, 1, 11, '2026-01-24 21:53:57'),
(803, 2, 184, 1, 11, '2026-01-24 21:53:57'),
(804, 2, 185, 1, 11, '2026-01-24 21:53:57'),
(805, 2, 186, 1, 11, '2026-01-24 21:53:57'),
(806, 2, 188, 1, 11, '2026-01-24 21:53:57'),
(807, 2, 189, 1, 11, '2026-01-24 21:53:57'),
(808, 2, 190, 1, 11, '2026-01-24 21:53:57'),
(809, 2, 191, 1, 11, '2026-01-24 21:53:57'),
(810, 2, 192, 1, 11, '2026-01-24 21:53:57'),
(811, 2, 193, 1, 11, '2026-01-24 21:53:57'),
(812, 2, 194, 1, 11, '2026-01-24 21:53:57'),
(813, 2, 195, 1, 11, '2026-01-24 21:53:57'),
(814, 2, 196, 1, 11, '2026-01-24 21:53:57'),
(815, 2, 197, 1, 11, '2026-01-24 21:53:57'),
(816, 2, 198, 1, 11, '2026-01-24 21:53:57'),
(817, 2, 199, 1, 11, '2026-01-24 21:53:57'),
(818, 2, 200, 1, 11, '2026-01-24 21:53:57'),
(819, 2, 201, 1, 11, '2026-01-24 21:53:57'),
(820, 2, 202, 1, 11, '2026-01-24 21:53:57'),
(821, 2, 203, 1, 11, '2026-01-24 21:53:57'),
(822, 2, 204, 1, 11, '2026-01-24 21:53:57'),
(823, 2, 205, 0, 11, '2026-01-24 21:53:57'),
(824, 2, 206, 1, 11, '2026-01-24 21:53:57'),
(825, 2, 207, 1, 11, '2026-01-24 21:53:57'),
(826, 2, 209, 1, 11, '2026-01-24 21:53:57'),
(827, 2, 210, 1, 11, '2026-01-24 21:53:57'),
(828, 2, 219, 1, 11, '2026-01-24 21:53:57'),
(829, 2, 112, 1, 11, '2026-01-24 21:53:57'),
(830, 2, 113, 1, 11, '2026-01-24 21:53:57'),
(831, 2, 114, 1, 11, '2026-01-24 21:53:57'),
(832, 2, 115, 1, 11, '2026-01-24 21:53:57'),
(833, 2, 116, 1, 11, '2026-01-24 21:53:57'),
(834, 2, 117, 1, 11, '2026-01-24 21:53:57'),
(835, 2, 118, 1, 11, '2026-01-24 21:53:57'),
(836, 2, 119, 1, 11, '2026-01-24 21:53:57'),
(837, 2, 120, 1, 11, '2026-01-24 21:53:57'),
(838, 2, 122, 1, 11, '2026-01-24 21:53:57'),
(839, 2, 123, 1, 11, '2026-01-24 21:53:57'),
(840, 2, 124, 1, 11, '2026-01-24 21:53:57'),
(841, 2, 125, 1, 11, '2026-01-24 21:53:57'),
(842, 2, 126, 1, 11, '2026-01-24 21:53:57'),
(843, 2, 127, 1, 11, '2026-01-24 21:53:57'),
(844, 2, 128, 1, 11, '2026-01-24 21:53:57'),
(845, 2, 129, 1, 11, '2026-01-24 21:53:57'),
(846, 2, 130, 1, 11, '2026-01-24 21:53:57'),
(847, 2, 131, 1, 11, '2026-01-24 21:53:57'),
(848, 2, 132, 1, 11, '2026-01-24 21:53:57'),
(849, 2, 133, 1, 11, '2026-01-24 21:53:57'),
(850, 2, 134, 1, 11, '2026-01-24 21:53:57'),
(851, 2, 135, 1, 11, '2026-01-24 21:53:57'),
(852, 2, 136, 1, 11, '2026-01-24 21:53:57'),
(853, 2, 137, 1, 11, '2026-01-24 21:53:57'),
(854, 2, 138, 1, 11, '2026-01-24 21:53:57'),
(855, 2, 139, 1, 11, '2026-01-24 21:53:57'),
(856, 2, 140, 1, 11, '2026-01-24 21:53:57'),
(857, 2, 141, 1, 11, '2026-01-24 21:53:57'),
(858, 2, 142, 1, 11, '2026-01-24 21:53:57'),
(859, 2, 143, 1, 11, '2026-01-24 21:53:57'),
(860, 2, 144, 1, 11, '2026-01-24 21:53:57'),
(861, 2, 217, 1, 11, '2026-01-24 21:53:57'),
(862, 2, 223, 0, 11, '2026-01-24 21:53:57'),
(863, 2, 265, 1, 11, '2026-01-24 21:53:57'),
(864, 2, 266, 1, 11, '2026-01-24 21:53:57');

-- --------------------------------------------------------

--
-- Estructura de tabla para la tabla `cash_sessions`
--

CREATE TABLE `cash_sessions` (
  `id` int(11) NOT NULL,
  `user_id` int(11) NOT NULL,
  `branch_id` int(11) NOT NULL,
  `opening_amount` decimal(10,2) NOT NULL,
  `closing_amount` decimal(10,2) DEFAULT NULL,
  `opened_at` datetime NOT NULL DEFAULT current_timestamp(),
  `closed_at` datetime DEFAULT NULL,
  `status` enum('abierta','cerrada') NOT NULL DEFAULT 'abierta'
) ENGINE=InnoDB DEFAULT CHARSET=utf8mb4 COLLATE=utf8mb4_unicode_ci;

--
-- Volcado de datos para la tabla `cash_sessions`
--

INSERT INTO `cash_sessions` (`id`, `user_id`, `branch_id`, `opening_amount`, `closing_amount`, `opened_at`, `closed_at`, `status`) VALUES
(1, 5, 2, 100000.00, 90000.00, '2025-12-15 15:32:13', '2025-12-15 15:32:39', 'cerrada'),
(2, 1, 1, 100000.00, 130000.00, '2025-12-18 21:31:35', '2025-12-18 21:31:49', 'cerrada'),
(3, 1, 1, 100000.00, 120000.00, '2025-12-18 21:34:16', '2025-12-19 12:05:44', 'cerrada'),
(4, 1, 1, 100000.00, 104000.00, '2025-12-19 13:08:18', '2025-12-19 13:09:59', 'cerrada'),
(5, 10, 1, 100000.00, 104000.00, '2025-12-19 13:12:18', '2025-12-19 13:12:52', 'cerrada'),
(6, 10, 1, 100000.00, 105000.00, '2025-12-19 14:08:45', '2025-12-19 14:09:21', 'cerrada'),
(7, 10, 1, 100000.00, 120000.00, '2025-12-19 14:10:09', '2025-12-19 14:32:56', 'cerrada'),
(8, 10, 1, 100000.00, 105000.00, '2025-12-19 14:35:25', '2025-12-19 14:35:47', 'cerrada'),
(9, 10, 1, 100000.00, 300000.00, '2025-12-19 15:19:48', '2025-12-20 13:09:00', 'cerrada'),
(10, 1, 1, 100000.00, 150000.00, '2025-12-19 16:08:39', '2025-12-19 16:09:11', 'cerrada');

-- --------------------------------------------------------

--
-- Estructura de tabla para la tabla `categories`
--

CREATE TABLE `categories` (
  `id` int(11) NOT NULL,
  `name` varchar(100) NOT NULL,
  `active` tinyint(1) NOT NULL DEFAULT 1,
  `icon` varchar(255) DEFAULT NULL,
  `position` int(11) DEFAULT 0
) ENGINE=InnoDB DEFAULT CHARSET=utf8mb4 COLLATE=utf8mb4_unicode_ci;

--
-- Volcado de datos para la tabla `categories`
--

INSERT INTO `categories` (`id`, `name`, `active`, `icon`, `position`) VALUES
(8, '1 Detal Danubio', 1, NULL, 0),
(9, '2 Docena Danubio', 1, NULL, 0),
(10, '3 Mayorista Danubio', 1, NULL, 0),
(11, '4 Detallada Danubio', 1, NULL, 0),
(12, '1 Detal Veredita', 1, NULL, 0),
(13, '4 Detallada Veredita', 1, NULL, 0),
(14, '3 Mayorista Veredita', 1, NULL, 0),
(15, '2 Docena Veredita', 1, NULL, 0),
(16, 'Errores', 1, NULL, 0),
(17, '5 Servicios Danubio', 1, NULL, 0),
(18, '5 Servicios Veredita', 1, NULL, 0);

-- --------------------------------------------------------

--
-- Estructura de tabla para la tabla `inventory`
--

CREATE TABLE `inventory` (
  `id` int(11) NOT NULL,
  `product_id` int(11) NOT NULL,
  `branch_id` int(11) NOT NULL,
  `quantity` int(11) NOT NULL DEFAULT 0,
  `min_quantity` int(11) DEFAULT 0,
  `updated_at` timestamp NOT NULL DEFAULT current_timestamp() ON UPDATE current_timestamp()
) ENGINE=InnoDB DEFAULT CHARSET=utf8mb4 COLLATE=utf8mb4_unicode_ci;

--
-- Volcado de datos para la tabla `inventory`
--

INSERT INTO `inventory` (`id`, `product_id`, `branch_id`, `quantity`, `min_quantity`, `updated_at`) VALUES
(1, 552, 2, 1000, 0, '2026-01-24 21:03:47'),
(2, 553, 1, 0, 0, '2026-01-02 17:16:36'),
(3, 552, 1, 0, 0, '2026-01-16 15:17:30'),
(8, 553, 2, 1000, 0, '2026-01-24 21:03:47'),
(9, 992, 2, 1000, 0, '2026-01-24 20:59:01'),
(13, 663, 1, 0, 0, '2026-01-16 19:20:36'),
(14, 797, 1, 74, 0, '2026-01-22 00:08:58'),
(15, 797, 2, 1000, 0, '2026-01-24 21:11:02'),
(18, 1219, 2, 1000, 0, '2026-01-22 22:13:23'),
(19, 957, 2, 1000, 0, '2026-01-23 00:36:01'),
(20, 958, 2, 1000, 0, '2026-01-23 00:36:01'),
(21, 707, 2, 1000, 0, '2026-01-23 00:36:01'),
(22, 708, 2, 1000, 0, '2026-01-23 00:36:01'),
(24, 1049, 2, 1000, 0, '2026-01-24 21:02:39'),
(25, 1126, 2, 1000, 0, '2026-01-24 21:02:39'),
(26, 1127, 2, 1000, 0, '2026-01-24 21:02:39'),
(27, 605, 2, 1000, 0, '2026-01-24 21:02:39'),
(28, 606, 2, 1000, 0, '2026-01-24 21:02:39'),
(29, 619, 2, 1000, 0, '2026-01-24 21:02:39'),
(30, 639, 2, 1000, 0, '2026-01-24 21:02:39'),
(31, 618, 2, 1000, 0, '2026-01-24 21:02:39'),
(32, 638, 2, 1000, 0, '2026-01-24 21:02:39'),
(33, 617, 2, 1000, 0, '2026-01-24 21:02:39'),
(34, 637, 2, 1000, 0, '2026-01-24 21:02:39'),
(35, 616, 2, 1000, 0, '2026-01-24 21:02:39'),
(36, 636, 2, 1000, 0, '2026-01-24 21:02:39'),
(37, 615, 2, 1000, 0, '2026-01-24 21:02:39'),
(38, 635, 2, 1000, 0, '2026-01-24 21:02:39'),
(39, 610, 2, 1000, 0, '2026-01-24 21:02:39'),
(40, 609, 2, 1000, 0, '2026-01-24 21:02:39'),
(41, 611, 2, 1000, 0, '2026-01-24 21:02:39'),
(42, 612, 2, 1000, 0, '2026-01-24 21:02:39'),
(43, 632, 2, 1000, 0, '2026-01-24 21:02:39'),
(44, 613, 2, 1000, 0, '2026-01-24 21:02:39'),
(45, 633, 2, 1000, 0, '2026-01-24 21:02:39'),
(46, 614, 2, 1000, 0, '2026-01-24 21:02:39'),
(47, 634, 2, 1000, 0, '2026-01-24 21:02:39'),
(48, 608, 2, 1000, 0, '2026-01-24 21:02:39'),
(49, 655, 2, 1000, 0, '2026-01-24 21:02:39'),
(50, 607, 2, 1000, 0, '2026-01-24 21:02:39'),
(51, 1215, 2, 1000, 0, '2026-01-24 21:02:39'),
(52, 1214, 2, 1000, 0, '2026-01-24 21:02:39'),
(53, 694, 2, 1000, 0, '2026-01-24 21:02:39'),
(54, 695, 2, 1000, 0, '2026-01-24 21:02:39'),
(55, 693, 2, 1000, 0, '2026-01-24 21:02:39'),
(56, 699, 2, 1000, 0, '2026-01-24 21:02:39'),
(57, 805, 2, 1000, 0, '2026-01-24 21:02:39'),
(58, 698, 2, 1000, 0, '2026-01-24 21:02:39'),
(59, 624, 2, 1000, 0, '2026-01-24 21:02:39'),
(60, 644, 2, 1000, 0, '2026-01-24 21:02:39'),
(61, 625, 2, 1000, 0, '2026-01-24 21:02:39'),
(62, 645, 2, 1000, 0, '2026-01-24 21:02:39'),
(63, 700, 2, 1000, 0, '2026-01-24 21:02:39'),
(64, 1034, 2, 1000, 0, '2026-01-24 21:02:39'),
(65, 1114, 2, 1000, 0, '2026-01-24 21:02:39'),
(66, 1060, 2, 1000, 0, '2026-01-24 21:02:39'),
(67, 1149, 2, 1000, 0, '2026-01-24 21:02:39'),
(68, 948, 2, 1000, 0, '2026-01-24 21:02:39'),
(69, 1053, 2, 1000, 0, '2026-01-24 21:02:39'),
(70, 1054, 2, 1000, 0, '2026-01-24 21:02:39'),
(71, 748, 2, 1000, 0, '2026-01-24 21:02:39'),
(72, 749, 2, 1000, 0, '2026-01-24 21:02:39'),
(73, 766, 2, 1000, 0, '2026-01-24 21:02:39'),
(75, 1082, 2, 1000, 0, '2026-01-23 00:36:01'),
(76, 1083, 2, 1000, 0, '2026-01-23 00:36:01'),
(77, 959, 2, 1000, 0, '2026-01-23 00:36:01'),
(78, 709, 2, 1000, 0, '2026-01-23 00:36:01'),
(79, 710, 2, 1000, 0, '2026-01-23 00:36:01'),
(80, 713, 2, 1000, 0, '2026-01-23 00:36:01'),
(81, 711, 2, 1000, 0, '2026-01-23 00:36:01'),
(82, 712, 2, 1000, 0, '2026-01-23 00:36:01'),
(83, 936, 2, 1000, 0, '2026-01-23 00:36:01'),
(84, 857, 2, 1000, 0, '2026-01-23 00:36:01'),
(85, 705, 2, 1000, 0, '2026-01-23 00:36:01'),
(86, 703, 2, 1000, 0, '2026-01-23 00:36:01'),
(87, 704, 2, 1000, 0, '2026-01-23 00:36:01'),
(88, 702, 2, 1000, 0, '2026-01-23 00:36:01'),
(89, 657, 2, 1000, 0, '2026-01-23 00:36:01'),
(90, 919, 2, 1000, 0, '2026-01-23 00:36:01'),
(91, 918, 2, 1000, 0, '2026-01-23 00:36:01'),
(92, 917, 2, 1000, 0, '2026-01-23 00:36:01'),
(93, 663, 2, 900, 0, '2026-01-24 22:56:17'),
(94, 667, 2, 1000, 0, '2026-01-23 00:36:01'),
(95, 665, 2, 1000, 0, '2026-01-23 00:36:01'),
(96, 664, 2, 1000, 0, '2026-01-23 00:36:01'),
(97, 666, 2, 1000, 0, '2026-01-23 00:36:01'),
(98, 1108, 2, 1000, 0, '2026-01-23 00:36:01'),
(99, 1154, 2, 1000, 0, '2026-01-23 00:36:02'),
(100, 1153, 2, 1000, 0, '2026-01-23 00:36:02'),
(101, 1039, 2, 1000, 0, '2026-01-24 20:53:35'),
(102, 1222, 2, 1000, 0, '2026-01-23 00:36:02'),
(103, 668, 2, 1000, 0, '2026-01-23 00:36:02'),
(104, 627, 2, 1000, 0, '2026-01-23 00:36:02'),
(105, 647, 2, 1000, 0, '2026-01-23 00:36:02'),
(106, 628, 2, 1000, 0, '2026-01-23 00:36:02'),
(107, 648, 2, 1000, 0, '2026-01-23 00:36:02'),
(108, 630, 2, 1000, 0, '2026-01-23 00:36:02'),
(109, 650, 2, 1000, 0, '2026-01-23 00:36:02'),
(110, 631, 2, 1000, 0, '2026-01-23 00:36:02'),
(111, 651, 2, 1000, 0, '2026-01-23 00:36:02'),
(112, 652, 2, 1000, 0, '2026-01-24 20:51:19'),
(113, 653, 2, 1000, 0, '2026-01-24 20:51:19'),
(114, 654, 2, 1000, 0, '2026-01-24 20:51:19'),
(115, 1045, 2, 1000, 0, '2026-01-24 20:51:19'),
(116, 848, 2, 1000, 0, '2026-01-24 20:51:19'),
(117, 847, 2, 999, 0, '2026-01-24 22:56:17'),
(118, 846, 2, 999, 0, '2026-01-24 22:56:17'),
(119, 853, 2, 1000, 0, '2026-01-24 20:51:19'),
(121, 845, 2, 1000, 0, '2026-01-24 20:58:15'),
(122, 852, 2, 1000, 0, '2026-01-24 20:58:15'),
(123, 844, 2, 1000, 0, '2026-01-24 20:58:15'),
(124, 851, 2, 1000, 0, '2026-01-24 20:58:15'),
(125, 843, 2, 1000, 0, '2026-01-24 20:58:15'),
(126, 850, 2, 1000, 0, '2026-01-24 20:58:15'),
(127, 842, 2, 1000, 0, '2026-01-24 20:58:15'),
(128, 849, 2, 1000, 0, '2026-01-24 20:58:15'),
(129, 854, 2, 1000, 0, '2026-01-24 20:58:15'),
(130, 1096, 2, 1000, 0, '2026-01-24 20:58:15'),
(131, 1103, 2, 1000, 0, '2026-01-24 20:58:15'),
(132, 1097, 2, 1000, 0, '2026-01-24 20:58:15'),
(133, 1104, 2, 1000, 0, '2026-01-24 20:58:15'),
(134, 1098, 2, 1000, 0, '2026-01-24 20:58:15'),
(135, 1099, 2, 1000, 0, '2026-01-24 20:58:15'),
(136, 1100, 2, 1000, 0, '2026-01-24 20:58:15'),
(137, 1101, 2, 1000, 0, '2026-01-24 20:58:15'),
(138, 1102, 2, 1000, 0, '2026-01-24 20:58:15'),
(139, 867, 2, 1000, 0, '2026-01-24 20:58:15'),
(140, 866, 2, 1000, 0, '2026-01-24 20:58:15'),
(141, 993, 2, 1000, 0, '2026-01-24 20:58:15'),
(142, 588, 2, 1000, 0, '2026-01-24 20:58:15'),
(143, 590, 2, 1000, 0, '2026-01-24 20:58:15'),
(144, 591, 2, 1000, 0, '2026-01-24 20:58:15'),
(145, 592, 2, 1000, 0, '2026-01-24 20:58:15'),
(146, 593, 2, 1000, 0, '2026-01-24 20:58:15'),
(147, 589, 2, 1000, 0, '2026-01-24 20:58:15'),
(148, 582, 2, 1000, 0, '2026-01-24 20:58:15'),
(149, 583, 2, 1000, 0, '2026-01-24 20:58:15'),
(150, 584, 2, 1000, 0, '2026-01-24 20:58:15'),
(151, 567, 2, 1000, 0, '2026-01-24 20:58:15'),
(152, 568, 2, 1000, 0, '2026-01-24 20:58:15'),
(153, 570, 2, 1000, 0, '2026-01-24 20:58:15'),
(154, 571, 2, 1000, 0, '2026-01-24 20:58:15'),
(155, 572, 2, 1000, 0, '2026-01-24 20:58:15'),
(156, 573, 2, 1000, 0, '2026-01-24 20:58:15'),
(157, 569, 2, 1000, 0, '2026-01-24 20:58:15'),
(158, 575, 2, 1000, 0, '2026-01-24 20:58:15'),
(159, 576, 2, 1000, 0, '2026-01-24 20:58:15'),
(160, 574, 2, 1000, 0, '2026-01-24 20:58:15'),
(161, 577, 2, 1000, 0, '2026-01-24 20:58:15'),
(162, 578, 2, 1000, 0, '2026-01-24 20:58:15'),
(163, 580, 2, 1000, 0, '2026-01-24 20:58:15'),
(164, 579, 2, 1000, 0, '2026-01-24 20:58:15'),
(165, 561, 2, 1000, 0, '2026-01-24 20:58:15'),
(166, 581, 2, 1000, 0, '2026-01-24 20:58:15'),
(167, 562, 2, 1000, 0, '2026-01-24 20:58:15'),
(168, 563, 2, 1000, 0, '2026-01-24 20:58:15'),
(169, 564, 2, 1000, 0, '2026-01-24 20:58:15'),
(170, 565, 2, 1000, 0, '2026-01-24 20:58:15'),
(171, 1172, 2, 1000, 0, '2026-01-24 20:55:25'),
(172, 1056, 2, 1000, 0, '2026-01-24 20:55:25'),
(173, 1055, 2, 1000, 0, '2026-01-24 20:55:25'),
(174, 837, 2, 1000, 0, '2026-01-24 20:55:25'),
(175, 836, 2, 1000, 0, '2026-01-24 20:55:25'),
(176, 835, 2, 1000, 0, '2026-01-24 20:55:25'),
(177, 834, 2, 1000, 0, '2026-01-24 20:55:25'),
(178, 833, 2, 1000, 0, '2026-01-24 20:55:25'),
(179, 832, 2, 1000, 0, '2026-01-24 20:55:25'),
(180, 1123, 2, 1000, 0, '2026-01-24 20:55:25'),
(181, 1122, 2, 1000, 0, '2026-01-24 20:55:26'),
(182, 1121, 2, 1000, 0, '2026-01-24 20:55:26'),
(183, 893, 2, 1000, 0, '2026-01-24 20:55:26'),
(184, 894, 2, 1000, 0, '2026-01-24 20:55:26'),
(185, 873, 2, 1000, 0, '2026-01-24 20:55:26'),
(186, 878, 2, 1000, 0, '2026-01-24 20:55:26'),
(187, 874, 2, 1000, 0, '2026-01-24 20:55:26'),
(188, 879, 2, 1000, 0, '2026-01-24 20:55:26'),
(189, 875, 2, 1000, 0, '2026-01-24 20:55:26'),
(190, 880, 2, 1000, 0, '2026-01-24 20:55:26'),
(191, 876, 2, 1000, 0, '2026-01-24 20:55:26'),
(192, 881, 2, 1000, 0, '2026-01-24 20:55:26'),
(193, 877, 2, 1000, 0, '2026-01-24 20:55:26'),
(194, 882, 2, 1000, 0, '2026-01-24 20:55:26'),
(195, 1224, 2, 1000, 0, '2026-01-24 20:55:26'),
(196, 1075, 2, 1000, 0, '2026-01-24 20:55:26'),
(197, 1076, 2, 1000, 0, '2026-01-24 20:55:26'),
(198, 1077, 2, 1000, 0, '2026-01-24 20:55:26'),
(199, 1078, 2, 1000, 0, '2026-01-24 20:55:26'),
(200, 1084, 2, 1000, 0, '2026-01-24 20:55:26'),
(201, 1085, 2, 1000, 0, '2026-01-24 20:55:26'),
(202, 1086, 2, 1000, 0, '2026-01-24 20:55:26'),
(203, 1087, 2, 1000, 0, '2026-01-24 20:55:26'),
(204, 1042, 2, 1000, 0, '2026-01-24 20:55:26'),
(205, 1043, 2, 1000, 0, '2026-01-24 20:55:26'),
(206, 1218, 2, 1000, 0, '2026-01-24 20:55:26'),
(207, 868, 2, 1000, 0, '2026-01-24 20:55:26'),
(208, 905, 2, 1000, 0, '2026-01-24 20:55:26'),
(209, 1018, 2, 1000, 0, '2026-01-24 20:55:26'),
(210, 961, 2, 1000, 0, '2026-01-24 20:55:26'),
(211, 1021, 2, 1000, 0, '2026-01-24 20:55:26'),
(212, 1006, 2, 1000, 0, '2026-01-24 20:55:26'),
(213, 1005, 2, 1000, 0, '2026-01-24 20:55:26'),
(214, 1028, 2, 1000, 0, '2026-01-24 20:55:26'),
(215, 1025, 2, 1000, 0, '2026-01-24 20:55:26'),
(216, 1026, 2, 1000, 0, '2026-01-24 20:55:26'),
(217, 1027, 2, 1000, 0, '2026-01-24 20:55:26'),
(218, 946, 2, 1000, 0, '2026-01-24 20:55:26'),
(219, 1019, 2, 1000, 0, '2026-01-24 20:55:26'),
(220, 1050, 2, 1000, 0, '2026-01-24 20:55:26'),
(221, 566, 2, 1000, 0, '2026-01-24 20:59:00'),
(222, 990, 2, 1000, 0, '2026-01-24 20:59:01'),
(223, 991, 2, 1000, 0, '2026-01-24 20:59:01'),
(224, 985, 2, 1000, 0, '2026-01-24 20:59:01'),
(225, 986, 2, 1000, 0, '2026-01-24 20:59:01'),
(226, 987, 2, 1000, 0, '2026-01-24 20:59:01'),
(227, 988, 2, 1000, 0, '2026-01-24 20:59:01'),
(228, 989, 2, 1000, 0, '2026-01-24 20:59:01'),
(229, 1220, 2, 1000, 0, '2026-01-24 20:59:01'),
(230, 585, 2, 1000, 0, '2026-01-24 20:59:01'),
(231, 587, 2, 1000, 0, '2026-01-24 20:59:01'),
(232, 586, 2, 1000, 0, '2026-01-24 20:59:01'),
(233, 994, 2, 1000, 0, '2026-01-24 20:59:01'),
(234, 995, 2, 1000, 0, '2026-01-24 20:59:01'),
(235, 996, 2, 1000, 0, '2026-01-24 20:59:01'),
(236, 997, 2, 1000, 0, '2026-01-24 20:59:01'),
(237, 982, 2, 1000, 0, '2026-01-24 20:59:01'),
(238, 983, 2, 1000, 0, '2026-01-24 20:59:01'),
(239, 984, 2, 1000, 0, '2026-01-24 20:59:01'),
(240, 971, 2, 1000, 0, '2026-01-24 20:59:01'),
(241, 974, 2, 1000, 0, '2026-01-24 20:59:01'),
(242, 972, 2, 1000, 0, '2026-01-24 20:59:01'),
(243, 973, 2, 1000, 0, '2026-01-24 20:59:01'),
(244, 975, 2, 1000, 0, '2026-01-24 20:59:01'),
(245, 976, 2, 1000, 0, '2026-01-24 20:59:01'),
(246, 978, 2, 1000, 0, '2026-01-24 20:59:01'),
(247, 977, 2, 1000, 0, '2026-01-24 20:59:01'),
(248, 979, 2, 1000, 0, '2026-01-24 20:59:01'),
(249, 980, 2, 1000, 0, '2026-01-24 20:59:01'),
(250, 981, 2, 1000, 0, '2026-01-24 20:59:01'),
(251, 1110, 2, 1000, 0, '2026-01-24 20:59:01'),
(252, 1120, 2, 1000, 0, '2026-01-24 20:59:01'),
(253, 1118, 2, 1000, 0, '2026-01-24 20:59:01'),
(254, 1225, 2, 1000, 0, '2026-01-24 20:59:01'),
(255, 1152, 2, 1000, 0, '2026-01-24 20:59:01'),
(256, 1151, 2, 1000, 0, '2026-01-24 20:59:01'),
(257, 1119, 2, 1000, 0, '2026-01-24 20:59:01'),
(258, 1029, 2, 1000, 0, '2026-01-24 20:59:01'),
(259, 1221, 2, 1000, 0, '2026-01-24 20:59:01'),
(260, 885, 2, 1000, 0, '2026-01-24 20:59:01'),
(261, 884, 2, 1000, 0, '2026-01-24 20:59:01'),
(262, 1067, 2, 1000, 0, '2026-01-24 20:59:01'),
(263, 1109, 2, 1000, 0, '2026-01-24 20:59:01'),
(264, 656, 2, 1000, 0, '2026-01-24 20:59:01'),
(265, 886, 2, 1000, 0, '2026-01-24 20:59:01'),
(266, 838, 2, 1000, 0, '2026-01-24 20:59:01'),
(267, 839, 2, 1000, 0, '2026-01-24 20:59:01'),
(268, 840, 2, 1000, 0, '2026-01-24 20:59:01'),
(269, 1173, 2, 1000, 0, '2026-01-24 20:59:01'),
(270, 767, 2, 1000, 0, '2026-01-24 21:00:16'),
(271, 769, 2, 1000, 0, '2026-01-24 21:00:16'),
(272, 751, 2, 1000, 0, '2026-01-24 21:00:16'),
(273, 765, 2, 1000, 0, '2026-01-24 21:00:16'),
(274, 768, 2, 1000, 0, '2026-01-24 21:00:16'),
(275, 750, 2, 1000, 0, '2026-01-24 21:00:16'),
(276, 747, 2, 1000, 0, '2026-01-24 21:00:16'),
(277, 746, 2, 1000, 0, '2026-01-24 21:00:16'),
(278, 764, 2, 1000, 0, '2026-01-24 21:00:16'),
(279, 1070, 2, 1000, 0, '2026-01-24 21:00:16'),
(280, 955, 2, 1000, 0, '2026-01-24 21:00:16'),
(281, 864, 2, 1000, 0, '2026-01-24 21:00:16'),
(282, 863, 2, 1000, 0, '2026-01-24 21:00:16'),
(283, 945, 2, 1000, 0, '2026-01-24 21:00:16'),
(284, 892, 2, 1000, 0, '2026-01-24 21:00:16'),
(285, 943, 2, 1000, 0, '2026-01-24 21:00:16'),
(286, 1088, 2, 1000, 0, '2026-01-24 21:00:16'),
(287, 626, 2, 1000, 0, '2026-01-24 21:00:16'),
(288, 646, 2, 1000, 0, '2026-01-24 21:00:16'),
(289, 1002, 2, 1000, 0, '2026-01-24 21:00:16'),
(290, 1014, 2, 1000, 0, '2026-01-24 21:00:16'),
(291, 954, 2, 1000, 0, '2026-01-24 21:00:16'),
(292, 872, 2, 1000, 0, '2026-01-24 21:00:16'),
(293, 1047, 2, 1000, 0, '2026-01-24 21:00:16'),
(294, 871, 2, 1000, 0, '2026-01-24 21:00:16'),
(295, 1035, 2, 1000, 0, '2026-01-24 21:00:16'),
(296, 902, 2, 1000, 0, '2026-01-24 21:00:16'),
(297, 903, 2, 1000, 0, '2026-01-24 21:00:16'),
(298, 904, 2, 1000, 0, '2026-01-24 21:00:16'),
(299, 923, 2, 1000, 0, '2026-01-24 21:00:16'),
(300, 925, 2, 1000, 0, '2026-01-24 21:00:16'),
(301, 924, 2, 1000, 0, '2026-01-24 21:00:16'),
(302, 920, 2, 1000, 0, '2026-01-24 21:00:16'),
(303, 928, 2, 1000, 0, '2026-01-24 21:00:16'),
(304, 927, 2, 1000, 0, '2026-01-24 21:00:16'),
(305, 922, 2, 1000, 0, '2026-01-24 21:00:16'),
(306, 929, 2, 1000, 0, '2026-01-24 21:00:16'),
(307, 921, 2, 1000, 0, '2026-01-24 21:00:16'),
(308, 926, 2, 1000, 0, '2026-01-24 21:00:16'),
(309, 931, 2, 1000, 0, '2026-01-24 21:00:16'),
(310, 951, 2, 1000, 0, '2026-01-24 21:00:16'),
(311, 950, 2, 1000, 0, '2026-01-24 21:00:16'),
(312, 930, 2, 1000, 0, '2026-01-24 21:00:16'),
(313, 949, 2, 1000, 0, '2026-01-24 21:00:16'),
(314, 1068, 2, 1000, 0, '2026-01-24 21:00:16'),
(315, 900, 2, 1000, 0, '2026-01-24 21:00:16'),
(316, 1080, 2, 1000, 0, '2026-01-24 21:00:16'),
(317, 1081, 2, 1000, 0, '2026-01-24 21:00:16'),
(318, 1079, 2, 1000, 0, '2026-01-24 21:00:16'),
(319, 891, 2, 1000, 0, '2026-01-24 21:00:16'),
(320, 890, 2, 1000, 0, '2026-01-24 21:01:44'),
(321, 620, 2, 1000, 0, '2026-01-24 21:01:44'),
(322, 640, 2, 1000, 0, '2026-01-24 21:01:44'),
(323, 621, 2, 1000, 0, '2026-01-24 21:01:44'),
(324, 641, 2, 1000, 0, '2026-01-24 21:01:44'),
(325, 1022, 2, 1000, 0, '2026-01-24 21:01:44'),
(326, 1017, 2, 1000, 0, '2026-01-24 21:01:44'),
(327, 1036, 2, 1000, 0, '2026-01-24 21:01:44'),
(328, 1037, 2, 1000, 0, '2026-01-24 21:01:44'),
(329, 1001, 2, 1000, 0, '2026-01-24 21:01:44'),
(330, 827, 2, 1000, 0, '2026-01-24 21:01:44'),
(331, 826, 2, 1000, 0, '2026-01-24 21:01:44'),
(332, 960, 2, 1000, 0, '2026-01-24 21:01:44'),
(333, 1112, 2, 1000, 0, '2026-01-24 21:01:44'),
(334, 796, 2, 1000, 0, '2026-01-24 21:01:44'),
(335, 795, 2, 1000, 0, '2026-01-24 21:01:44'),
(336, 1216, 2, 1000, 0, '2026-01-24 21:01:44'),
(337, 1107, 2, 1000, 0, '2026-01-24 21:01:44'),
(338, 938, 2, 1000, 0, '2026-01-24 21:01:44'),
(339, 792, 2, 1000, 0, '2026-01-24 21:01:44'),
(340, 789, 2, 1000, 0, '2026-01-24 21:01:44'),
(341, 788, 2, 1000, 0, '2026-01-24 21:01:44'),
(342, 790, 2, 1000, 0, '2026-01-24 21:01:44'),
(343, 791, 2, 1000, 0, '2026-01-24 21:01:44'),
(344, 787, 2, 1000, 0, '2026-01-24 21:01:44'),
(345, 1116, 2, 1000, 0, '2026-01-24 21:01:44'),
(346, 1058, 2, 1000, 0, '2026-01-24 21:01:44'),
(347, 1074, 2, 1000, 0, '2026-01-24 21:01:44'),
(348, 1020, 2, 1000, 0, '2026-01-24 21:01:44'),
(349, 1016, 2, 1000, 0, '2026-01-24 21:01:44'),
(350, 1015, 2, 1000, 0, '2026-01-24 21:01:44'),
(351, 1095, 2, 1000, 0, '2026-01-24 21:01:44'),
(352, 1094, 2, 1000, 0, '2026-01-24 21:01:44'),
(353, 956, 2, 1000, 0, '2026-01-24 21:01:44'),
(354, 952, 2, 1000, 0, '2026-01-24 21:01:44'),
(355, 658, 2, 599, 0, '2026-01-24 22:56:17'),
(356, 940, 2, 1000, 0, '2026-01-24 21:01:44'),
(357, 941, 2, 1000, 0, '2026-01-24 21:01:44'),
(358, 1089, 2, 1000, 0, '2026-01-24 21:01:44'),
(359, 1090, 2, 1000, 0, '2026-01-24 21:01:44'),
(360, 661, 2, 1000, 0, '2026-01-24 21:01:44'),
(361, 662, 2, 1000, 0, '2026-01-24 21:01:44'),
(362, 706, 2, 1000, 0, '2026-01-24 21:01:44'),
(363, 1038, 2, 1000, 0, '2026-01-24 21:01:44'),
(364, 1223, 2, 1000, 0, '2026-01-24 21:01:44'),
(365, 1065, 2, 1000, 0, '2026-01-24 21:01:44'),
(366, 1066, 2, 1000, 0, '2026-01-24 21:01:44'),
(367, 1111, 2, 1000, 0, '2026-01-24 21:01:44'),
(368, 944, 2, 1000, 0, '2026-01-24 21:01:44'),
(369, 947, 2, 1000, 0, '2026-01-24 21:01:44'),
(370, 901, 2, 1000, 0, '2026-01-24 21:03:47'),
(371, 937, 2, 1000, 0, '2026-01-24 21:03:47'),
(372, 856, 2, 1000, 0, '2026-01-24 21:03:47'),
(373, 855, 2, 1000, 0, '2026-01-24 21:03:47'),
(374, 966, 2, 1000, 0, '2026-01-24 21:03:47'),
(375, 967, 2, 1000, 0, '2026-01-24 21:03:47'),
(376, 862, 2, 1000, 0, '2026-01-24 21:03:47'),
(377, 883, 2, 1000, 0, '2026-01-24 21:03:47'),
(378, 556, 2, 1000, 0, '2026-01-24 21:03:47'),
(379, 557, 2, 1000, 0, '2026-01-24 21:03:47'),
(380, 558, 2, 1000, 0, '2026-01-24 21:03:47'),
(381, 559, 2, 1000, 0, '2026-01-24 21:03:47'),
(382, 554, 2, 1000, 0, '2026-01-24 21:03:47'),
(383, 560, 2, 1000, 0, '2026-01-24 21:03:47'),
(384, 555, 2, 1000, 0, '2026-01-24 21:03:47'),
(385, 1124, 2, 1000, 0, '2026-01-24 21:03:47'),
(386, 1113, 2, 1000, 0, '2026-01-24 21:03:47'),
(387, 1091, 2, 1000, 0, '2026-01-24 21:03:47'),
(388, 1061, 2, 1000, 0, '2026-01-24 21:03:47'),
(389, 899, 2, 1000, 0, '2026-01-24 21:47:28'),
(390, 859, 2, 1000, 0, '2026-01-24 21:03:47'),
(391, 858, 2, 0, 0, '2026-01-24 21:03:47'),
(392, 1007, 2, 1000, 0, '2026-01-24 21:03:47'),
(393, 718, 2, 1000, 0, '2026-01-24 21:03:47'),
(394, 739, 2, 1000, 0, '2026-01-24 21:03:47'),
(395, 736, 2, 1000, 0, '2026-01-24 21:03:47'),
(396, 754, 2, 1000, 0, '2026-01-24 21:03:47'),
(397, 742, 2, 0, 0, '2026-01-24 21:03:47'),
(398, 760, 2, 1000, 0, '2026-01-24 21:03:47'),
(399, 722, 2, 1000, 0, '2026-01-24 21:03:47'),
(400, 733, 2, 1000, 0, '2026-01-24 21:03:47'),
(401, 724, 2, 1000, 0, '2026-01-24 21:03:47'),
(402, 726, 2, 1000, 0, '2026-01-24 21:03:47'),
(403, 734, 2, 1000, 0, '2026-01-24 21:03:47'),
(404, 752, 2, 1000, 0, '2026-01-24 21:03:47'),
(405, 727, 2, 1000, 0, '2026-01-24 21:03:47'),
(406, 740, 2, 1000, 0, '2026-01-24 21:03:47'),
(407, 758, 2, 1000, 0, '2026-01-24 21:03:47'),
(408, 741, 2, 1000, 0, '2026-01-24 21:03:47'),
(409, 759, 2, 1000, 0, '2026-01-24 21:03:47'),
(410, 720, 2, 1000, 0, '2026-01-24 21:03:47'),
(411, 761, 2, 1000, 0, '2026-01-24 21:03:47'),
(412, 738, 2, 1000, 0, '2026-01-24 21:03:47'),
(413, 756, 2, 1000, 0, '2026-01-24 21:03:47'),
(414, 743, 2, 1000, 0, '2026-01-24 21:03:47'),
(415, 757, 2, 1000, 0, '2026-01-24 21:03:47'),
(416, 728, 2, 1000, 0, '2026-01-24 21:03:47'),
(417, 763, 2, 1000, 0, '2026-01-24 21:03:47'),
(418, 1190, 2, 1000, 0, '2026-01-24 21:05:36'),
(419, 1191, 2, 1000, 0, '2026-01-24 21:05:36'),
(420, 1193, 2, 1000, 0, '2026-01-24 21:05:36'),
(421, 1194, 2, 1000, 0, '2026-01-24 21:05:36'),
(422, 1195, 2, 1000, 0, '2026-01-24 21:05:36'),
(423, 1198, 2, 1000, 0, '2026-01-24 21:05:36'),
(424, 1196, 2, 1000, 0, '2026-01-24 21:05:36'),
(425, 1197, 2, 1000, 0, '2026-01-24 21:05:36'),
(426, 1205, 2, 1000, 0, '2026-01-24 21:05:36'),
(427, 1204, 2, 1000, 0, '2026-01-24 21:05:36'),
(428, 1207, 2, 1000, 0, '2026-01-24 21:05:36'),
(429, 1206, 2, 1000, 0, '2026-01-24 21:05:36'),
(430, 1203, 2, 1000, 0, '2026-01-24 21:05:36'),
(431, 1201, 2, 1000, 0, '2026-01-24 21:05:36'),
(432, 1202, 2, 1000, 0, '2026-01-24 21:05:36'),
(433, 1200, 2, 1000, 0, '2026-01-24 21:05:36'),
(434, 1199, 2, 1000, 0, '2026-01-24 21:05:36'),
(435, 1073, 2, 1000, 0, '2026-01-24 21:05:36'),
(436, 819, 2, 1000, 0, '2026-01-24 21:05:36'),
(437, 817, 2, 1000, 0, '2026-01-24 21:05:36'),
(438, 818, 2, 1000, 0, '2026-01-24 21:05:36'),
(439, 816, 2, 1000, 0, '2026-01-24 21:05:36'),
(440, 815, 2, 1000, 0, '2026-01-24 21:05:36'),
(441, 781, 2, 1000, 0, '2026-01-24 21:05:36'),
(442, 782, 2, 1000, 0, '2026-01-24 21:05:36'),
(443, 779, 2, 1000, 0, '2026-01-24 21:05:36'),
(444, 780, 2, 1000, 0, '2026-01-24 21:05:36'),
(445, 1125, 2, 1000, 0, '2026-01-24 21:05:36'),
(446, 1128, 2, 1000, 0, '2026-01-24 21:05:36'),
(447, 1051, 2, 1000, 0, '2026-01-24 21:05:36'),
(448, 865, 2, 1000, 0, '2026-01-24 21:05:36'),
(449, 1092, 2, 1000, 0, '2026-01-24 21:05:36'),
(450, 895, 2, 1000, 0, '2026-01-24 21:05:36'),
(451, 1013, 2, 1000, 0, '2026-01-24 21:05:36'),
(452, 1048, 2, 1000, 0, '2026-01-24 21:05:36'),
(453, 1063, 2, 1000, 0, '2026-01-24 21:05:36'),
(454, 1024, 2, 1000, 0, '2026-01-24 21:05:36'),
(455, 1000, 2, 1000, 0, '2026-01-24 21:05:36'),
(456, 869, 2, 1000, 0, '2026-01-24 21:05:36'),
(457, 870, 2, 1000, 0, '2026-01-24 21:05:36'),
(458, 1130, 2, 1000, 0, '2026-01-24 21:05:36'),
(459, 1155, 2, 1000, 0, '2026-01-24 21:05:36'),
(460, 1156, 2, 1000, 0, '2026-01-24 21:05:36'),
(461, 1159, 2, 1000, 0, '2026-01-24 21:05:36'),
(462, 1158, 2, 1000, 0, '2026-01-24 21:05:36'),
(463, 1162, 2, 1000, 0, '2026-01-24 21:05:36'),
(464, 1160, 2, 1000, 0, '2026-01-24 21:05:36'),
(465, 1161, 2, 1000, 0, '2026-01-24 21:05:37'),
(466, 1157, 2, 1000, 0, '2026-01-24 21:05:37'),
(467, 1165, 2, 1000, 0, '2026-01-24 21:05:37'),
(468, 745, 2, 1000, 0, '2026-01-24 21:11:02'),
(469, 717, 2, 1000, 0, '2026-01-24 21:11:02'),
(470, 732, 2, 1000, 0, '2026-01-24 21:11:02'),
(471, 730, 2, 1000, 0, '2026-01-24 21:11:02'),
(472, 731, 2, 1000, 0, '2026-01-24 21:11:02'),
(473, 1010, 2, 1000, 0, '2026-01-24 21:11:02'),
(474, 1011, 2, 1000, 0, '2026-01-24 21:11:02'),
(475, 1008, 2, 1000, 0, '2026-01-24 21:11:02'),
(476, 1009, 2, 1000, 0, '2026-01-24 21:11:02'),
(477, 897, 2, 1000, 0, '2026-01-24 21:11:02'),
(478, 898, 2, 1000, 0, '2026-01-24 21:11:02'),
(479, 963, 2, 1000, 0, '2026-01-24 21:11:02'),
(480, 822, 2, 1000, 0, '2026-01-24 21:11:02'),
(481, 823, 2, 1000, 0, '2026-01-24 21:11:02'),
(482, 824, 2, 1000, 0, '2026-01-24 21:11:02'),
(483, 825, 2, 1000, 0, '2026-01-24 21:11:02'),
(484, 821, 2, 1000, 0, '2026-01-24 21:11:02'),
(485, 820, 2, 1000, 0, '2026-01-24 21:11:02'),
(486, 1150, 2, 1000, 0, '2026-01-24 21:11:02'),
(487, 659, 2, 1000, 0, '2026-01-24 21:11:02'),
(488, 802, 2, 1000, 0, '2026-01-24 21:11:02'),
(489, 801, 2, 1000, 0, '2026-01-24 21:11:02'),
(490, 1030, 2, 1000, 0, '2026-01-24 21:11:02'),
(491, 1033, 2, 1000, 0, '2026-01-24 21:11:02'),
(492, 1032, 2, 1000, 0, '2026-01-24 21:11:02'),
(493, 1031, 2, 1000, 0, '2026-01-24 21:11:02'),
(494, 1166, 2, 0, 0, '2026-01-24 21:11:02'),
(495, 1170, 2, 1000, 0, '2026-01-24 21:11:02'),
(496, 804, 2, 1000, 0, '2026-01-24 21:11:02'),
(497, 803, 2, 1000, 0, '2026-01-24 21:11:02'),
(498, 1023, 2, 1000, 0, '2026-01-24 21:11:02'),
(499, 798, 2, 1000, 0, '2026-01-24 21:11:02'),
(500, 799, 2, 1000, 0, '2026-01-24 21:11:02'),
(501, 800, 2, 1000, 0, '2026-01-24 21:11:02'),
(502, 1176, 2, 1000, 0, '2026-01-24 21:11:02'),
(503, 1177, 2, 1000, 0, '2026-01-24 21:11:02'),
(504, 1178, 2, 1000, 0, '2026-01-24 21:11:02'),
(505, 1179, 2, 1000, 0, '2026-01-24 21:11:02'),
(506, 1180, 2, 1000, 0, '2026-01-24 21:11:02'),
(507, 1184, 2, 1000, 0, '2026-01-24 21:11:02'),
(508, 1181, 2, 1000, 0, '2026-01-24 21:11:02'),
(509, 1182, 2, 1000, 0, '2026-01-24 21:11:02'),
(510, 1183, 2, 1000, 0, '2026-01-24 21:11:02'),
(511, 1188, 2, 10001000, 0, '2026-01-24 21:11:02'),
(512, 1185, 2, 1000, 0, '2026-01-24 21:11:02'),
(513, 1186, 2, 1000, 0, '2026-01-24 21:11:02'),
(514, 1187, 2, 1000, 0, '2026-01-24 21:11:02'),
(515, 1192, 2, 1000, 0, '2026-01-24 21:11:02'),
(516, 1189, 2, 1000, 0, '2026-01-24 21:11:03'),
(517, 1142, 2, 1000, 0, '2026-01-24 21:15:20'),
(518, 1141, 2, 1000, 0, '2026-01-24 21:15:20'),
(519, 777, 2, 1000, 0, '2026-01-24 21:15:20'),
(520, 773, 2, 1000, 0, '2026-01-24 21:15:20'),
(521, 784, 2, 1000, 0, '2026-01-24 21:15:20'),
(522, 785, 2, 1000, 0, '2026-01-24 21:15:20'),
(523, 783, 2, 1000, 0, '2026-01-24 21:15:20'),
(524, 786, 2, 1000, 0, '2026-01-24 21:15:20'),
(525, 772, 2, 1000, 0, '2026-01-24 21:15:20'),
(526, 778, 2, 1000, 0, '2026-01-24 21:15:20'),
(527, 770, 2, 1000, 0, '2026-01-24 21:15:20'),
(528, 774, 2, 10001000, 0, '2026-01-24 21:15:20'),
(529, 775, 2, 1000, 0, '2026-01-24 21:15:20'),
(530, 771, 2, 1000, 0, '2026-01-24 21:15:20'),
(531, 776, 2, 1000, 0, '2026-01-24 21:15:20'),
(532, 622, 2, 10001000, 0, '2026-01-24 21:15:20'),
(533, 642, 2, 1000, 0, '2026-01-24 21:15:20'),
(534, 623, 2, 1000, 0, '2026-01-24 21:15:20'),
(535, 643, 2, 1000, 0, '2026-01-24 21:15:20'),
(536, 629, 2, 1000, 0, '2026-01-24 21:15:20'),
(537, 649, 2, 1000, 0, '2026-01-24 21:15:20'),
(538, 1012, 2, 1000, 0, '2026-01-24 21:15:20'),
(539, 1164, 2, 1000, 0, '2026-01-24 21:16:40'),
(540, 1169, 2, 1000, 0, '2026-01-24 21:16:40'),
(541, 1168, 2, 1000, 0, '2026-01-24 21:16:40'),
(542, 889, 2, 1000, 0, '2026-01-24 21:16:40'),
(543, 896, 2, 1000, 0, '2026-01-24 21:16:40'),
(544, 861, 2, 1000, 0, '2026-01-24 21:16:40'),
(545, 860, 2, 1000, 0, '2026-01-24 21:16:40'),
(546, 1117, 2, 1000, 0, '2026-01-24 21:16:40'),
(547, 601, 2, 1000, 0, '2026-01-24 21:16:40'),
(548, 602, 2, 1000, 0, '2026-01-24 21:16:40'),
(549, 597, 2, 1000, 0, '2026-01-24 21:16:40'),
(550, 598, 2, 1000, 0, '2026-01-24 21:16:40'),
(551, 603, 2, 1000, 0, '2026-01-24 21:16:40'),
(552, 599, 2, 1000, 0, '2026-01-24 21:16:40'),
(553, 604, 2, 1000, 0, '2026-01-24 21:16:40'),
(554, 600, 2, 1000, 0, '2026-01-24 21:16:40'),
(555, 594, 2, 1000, 0, '2026-01-24 21:16:40'),
(556, 595, 2, 1000, 0, '2026-01-24 21:16:40'),
(557, 596, 2, 1000, 0, '2026-01-24 21:16:40'),
(558, 1105, 2, 1000, 0, '2026-01-24 21:16:40'),
(559, 1174, 2, 1000, 0, '2026-01-24 21:16:40'),
(560, 829, 2, 1000, 0, '2026-01-24 21:16:40'),
(561, 830, 2, 1000, 0, '2026-01-24 21:16:40'),
(562, 828, 2, 1000, 0, '2026-01-24 21:16:40'),
(563, 831, 2, 1000, 0, '2026-01-24 21:16:40'),
(564, 999, 2, 1000, 0, '2026-01-24 21:16:40'),
(565, 953, 2, 1000, 0, '2026-01-24 21:16:40'),
(566, 1208, 2, 1000, 0, '2026-01-24 21:16:40'),
(567, 1209, 2, 1000, 0, '2026-01-24 21:16:40'),
(568, 1210, 2, 1000, 0, '2026-01-24 21:16:40'),
(569, 1211, 2, 1000300, 0, '2026-01-24 22:56:16'),
(570, 744, 2, 1000, 0, '2026-01-24 21:16:40'),
(571, 762, 2, 1000, 0, '2026-01-24 21:16:40'),
(572, 933, 2, 1000, 0, '2026-01-24 21:16:40'),
(573, 1163, 2, 1000, 0, '2026-01-24 21:16:40'),
(574, 1134, 2, 1000, 0, '2026-01-24 21:16:40'),
(575, 1131, 2, 1000, 0, '2026-01-24 21:16:40'),
(576, 1132, 2, 1000, 0, '2026-01-24 21:16:40'),
(577, 1133, 2, 1000, 0, '2026-01-24 21:16:40'),
(578, 715, 2, 1000, 0, '2026-01-24 21:16:40'),
(579, 716, 2, 1000, 0, '2026-01-24 21:16:40'),
(580, 714, 2, 1000, 0, '2026-01-24 21:16:40'),
(581, 1046, 2, 1000, 0, '2026-01-24 21:16:40'),
(582, 911, 2, 1000, 0, '2026-01-24 21:16:40'),
(583, 914, 2, 1000, 0, '2026-01-24 21:16:40'),
(584, 915, 2, 1000, 0, '2026-01-24 21:16:40'),
(585, 912, 2, 1000, 0, '2026-01-24 21:16:40'),
(586, 913, 2, 1000, 0, '2026-01-24 21:16:40'),
(587, 916, 2, 1000, 0, '2026-01-24 21:16:40'),
(588, 932, 2, 1000, 0, '2026-01-24 21:16:40'),
(589, 1052, 2, 1000, 0, '2026-01-24 21:17:49'),
(590, 1059, 2, 1000, 0, '2026-01-24 21:17:49'),
(591, 1004, 2, 1000, 0, '2026-01-24 21:17:49'),
(592, 1003, 2, 1000, 0, '2026-01-24 21:17:49'),
(593, 998, 2, 1000, 0, '2026-01-24 21:17:49'),
(594, 1072, 2, 1000, 0, '2026-01-24 21:17:49'),
(595, 1093, 2, 1000, 0, '2026-01-24 21:17:49'),
(596, 968, 2, 1000, 0, '2026-01-24 21:17:49'),
(597, 964, 2, 1000, 0, '2026-01-24 21:17:49'),
(598, 965, 2, 1000, 0, '2026-01-24 21:17:49'),
(599, 970, 2, 1000, 0, '2026-01-24 21:17:49'),
(600, 969, 2, 1000, 0, '2026-01-24 21:17:49'),
(601, 888, 2, 1000, 0, '2026-01-24 21:17:49'),
(602, 887, 2, 1000, 0, '2026-01-24 21:17:49'),
(603, 841, 2, 1000, 0, '2026-01-24 21:17:49'),
(604, 1136, 2, 1000, 0, '2026-01-24 21:17:49'),
(605, 1129, 2, 1000, 0, '2026-01-24 21:17:49'),
(606, 1135, 2, 1000, 0, '2026-01-24 21:17:49'),
(607, 810, 2, 1000, 0, '2026-01-24 21:17:49'),
(608, 812, 2, 1000, 0, '2026-01-24 21:17:49'),
(609, 807, 2, 1000, 0, '2026-01-24 21:17:49'),
(610, 806, 2, 1000, 0, '2026-01-24 21:17:49'),
(611, 813, 2, 1000, 0, '2026-01-24 21:17:49'),
(612, 811, 2, 1000, 0, '2026-01-24 21:17:49'),
(613, 814, 2, 1000, 0, '2026-01-24 21:17:49'),
(614, 1217, 2, 1000, 0, '2026-01-24 21:17:49'),
(615, 939, 2, 1000, 0, '2026-01-24 21:17:49'),
(616, 1069, 2, 1000, 0, '2026-01-24 21:17:49'),
(617, 962, 2, 1000, 0, '2026-01-24 21:17:49'),
(618, 1040, 2, 1000, 0, '2026-01-24 21:17:49'),
(619, 1041, 2, 0, 0, '2026-01-24 21:17:49'),
(620, 942, 2, 10001000, 0, '2026-01-24 21:17:49'),
(621, 660, 2, 0, 0, '2026-01-24 21:17:49'),
(622, 1044, 2, 1000, 0, '2026-01-24 21:17:49'),
(623, 1064, 2, 1000, 0, '2026-01-24 21:17:49'),
(624, 1071, 2, 1000, 0, '2026-01-24 21:17:49'),
(625, 675, 2, 1000, 0, '2026-01-24 21:17:49'),
(626, 793, 2, 1000, 0, '2026-01-24 21:17:49'),
(627, 794, 2, 1000, 0, '2026-01-24 21:17:49'),
(628, 696, 2, 1000, 0, '2026-01-24 21:17:49'),
(629, 697, 2, 1000, 0, '2026-01-24 21:17:49'),
(630, 692, 2, 1000, 0, '2026-01-24 21:17:49'),
(631, 690, 2, 1000, 0, '2026-01-24 21:17:49'),
(632, 689, 2, 1000, 0, '2026-01-24 21:17:49'),
(633, 719, 2, 1000, 0, '2026-01-24 21:17:49'),
(634, 729, 2, 1000, 0, '2026-01-24 21:17:49'),
(635, 721, 2, 1000, 0, '2026-01-24 21:17:49'),
(636, 737, 2, 1000, 0, '2026-01-24 21:17:49'),
(637, 755, 2, 1000, 0, '2026-01-24 21:17:49'),
(638, 725, 2, 1000, 0, '2026-01-24 21:17:49'),
(639, 735, 2, 1000, 0, '2026-01-24 21:18:41'),
(640, 753, 2, 1000, 0, '2026-01-24 21:18:41'),
(641, 723, 2, 1000, 0, '2026-01-24 21:18:41'),
(642, 687, 2, 1000, 0, '2026-01-24 21:18:41'),
(643, 686, 2, 1000, 0, '2026-01-24 21:18:41'),
(644, 691, 2, 1000, 0, '2026-01-24 21:18:41'),
(645, 688, 2, 1000, 0, '2026-01-24 21:18:41'),
(646, 1115, 2, 1000, 0, '2026-01-24 21:18:41'),
(647, 1057, 2, 1000, 0, '2026-01-24 21:18:41'),
(648, 1171, 2, 1000, 0, '2026-01-24 21:18:41'),
(649, 1175, 2, 1000, 0, '2026-01-24 21:18:41'),
(650, 1062, 2, 1000, 0, '2026-01-24 21:18:41'),
(651, 809, 2, 1000, 0, '2026-01-24 21:18:41'),
(652, 808, 2, 1000, 0, '2026-01-24 21:18:41'),
(653, 935, 2, 1000, 0, '2026-01-24 21:18:41'),
(654, 934, 2, 1000, 0, '2026-01-24 21:18:42'),
(655, 908, 2, 1000, 0, '2026-01-24 21:18:42'),
(656, 909, 2, 1000, 0, '2026-01-24 21:18:42'),
(657, 906, 2, 1000, 0, '2026-01-24 21:18:42'),
(658, 907, 2, 1000, 0, '2026-01-24 21:18:42'),
(659, 910, 2, 1000, 0, '2026-01-24 21:18:42'),
(660, 677, 2, 1000, 0, '2026-01-24 21:18:42'),
(661, 679, 2, 1000, 0, '2026-01-24 21:18:42'),
(662, 678, 2, 1000, 0, '2026-01-24 21:18:42'),
(663, 680, 2, 1000, 0, '2026-01-24 21:18:42'),
(664, 681, 2, 1000, 0, '2026-01-24 21:18:42'),
(665, 682, 2, 1000, 0, '2026-01-24 21:18:42'),
(666, 683, 2, 1000, 0, '2026-01-24 21:18:42'),
(667, 669, 2, 1000, 0, '2026-01-24 21:18:42'),
(668, 670, 2, 1000, 0, '2026-01-24 21:18:42'),
(669, 671, 2, 1000, 0, '2026-01-24 21:18:42'),
(670, 672, 2, 1000, 0, '2026-01-24 21:18:42'),
(671, 673, 2, 1000, 0, '2026-01-24 21:18:42'),
(672, 674, 2, 1000, 0, '2026-01-24 21:18:42'),
(673, 676, 2, 1000, 0, '2026-01-24 21:18:42'),
(674, 684, 2, 1000, 0, '2026-01-24 21:18:42'),
(675, 685, 2, 1000, 0, '2026-01-24 21:18:42'),
(676, 1167, 2, 1000, 0, '2026-01-24 21:18:42'),
(677, 1106, 2, 1000, 0, '2026-01-24 21:18:42'),
(678, 701, 2, 1000, 0, '2026-01-24 21:18:42'),
(679, 1147, 2, 0, 0, '2026-01-24 21:18:42'),
(680, 1146, 2, 1000, 0, '2026-01-24 21:18:42'),
(681, 1145, 2, 1000, 0, '2026-01-24 21:18:42'),
(682, 1144, 2, 1000, 0, '2026-01-24 21:18:42'),
(683, 1148, 2, 1000, 0, '2026-01-24 21:18:42'),
(684, 1139, 2, 1000, 0, '2026-01-24 21:18:42'),
(685, 1143, 2, 1000, 0, '2026-01-24 21:18:42'),
(686, 1138, 2, 1000, 0, '2026-01-24 21:18:42'),
(687, 1137, 2, 1000, 0, '2026-01-24 21:18:42'),
(688, 1140, 2, 1000, 0, '2026-01-24 21:18:42');

-- --------------------------------------------------------

--
-- Estructura de tabla para la tabla `inventory_movements`
--

CREATE TABLE `inventory_movements` (
  `id` int(11) NOT NULL,
  `product_id` int(11) NOT NULL,
  `branch_id` int(11) NOT NULL,
  `user_id` int(11) DEFAULT NULL,
  `type` enum('entrada','salida','ajuste','traslado') NOT NULL,
  `quantity` int(11) NOT NULL,
  `note` varchar(255) DEFAULT NULL,
  `created_at` timestamp NOT NULL DEFAULT current_timestamp()
) ENGINE=InnoDB DEFAULT CHARSET=utf8mb4 COLLATE=utf8mb4_unicode_ci;

--
-- Volcado de datos para la tabla `inventory_movements`
--

INSERT INTO `inventory_movements` (`id`, `product_id`, `branch_id`, `user_id`, `type`, `quantity`, `note`, `created_at`) VALUES
(1, 552, 2, 11, 'entrada', 1, '', '2026-01-02 02:57:15'),
(2, 553, 1, 1, 'entrada', 2, '', '2026-01-02 17:13:35'),
(3, 553, 1, 1, 'salida', 2, 'Venta POS', '2026-01-02 17:16:36'),
(4, 552, 1, 1, 'entrada', 1, '', '2026-01-10 19:17:00'),
(5, 552, 1, 1, 'salida', 1, 'Venta POS', '2026-01-10 20:57:58'),
(6, 552, 1, 1, 'salida', 1, 'Venta POS', '2026-01-10 21:05:42'),
(7, 552, 1, 1, 'entrada', 1, '', '2026-01-11 13:15:20'),
(8, 552, 1, 1, 'entrada', 1, '', '2026-01-11 13:16:34'),
(9, 552, 1, 1, 'salida', 1, 'Venta POS', '2026-01-11 13:18:01'),
(10, 552, 1, 1, 'entrada', 2, '', '2026-01-11 13:27:48'),
(11, 552, 2, 11, 'entrada', 1, '', '2026-01-11 13:34:49'),
(12, 553, 2, 11, 'entrada', 1, '', '2026-01-11 13:35:41'),
(13, 992, 2, 11, 'entrada', 10000, '', '2026-01-11 17:00:43'),
(14, 992, 2, 11, 'salida', 546, 'Venta POS', '2026-01-11 18:06:11'),
(15, 992, 2, 11, 'salida', 1000, 'Venta POS', '2026-01-11 18:07:43'),
(16, 552, 2, 11, 'salida', 1, 'Venta POS', '2026-01-11 18:09:35'),
(17, 992, 2, 11, 'salida', 1, 'Venta POS', '2026-01-11 18:13:17'),
(18, 552, 1, 1, 'salida', 1, 'Venta POS', '2026-01-11 18:14:48'),
(19, 552, 1, 1, 'salida', 1, 'Venta POS', '2026-01-11 18:29:31'),
(20, 552, 2, 11, 'entrada', 5, '', '2026-01-11 18:41:03'),
(21, 553, 2, 11, 'salida', 1, 'Venta POS', '2026-01-11 18:41:25'),
(22, 553, 2, 11, 'salida', 1, 'Venta POS', '2026-01-11 18:45:40'),
(23, 552, 2, 11, 'salida', 1, 'Venta POS', '2026-01-11 18:45:51'),
(24, 992, 2, 11, 'salida', 2, 'Venta POS', '2026-01-11 18:55:26'),
(25, 992, 2, 11, 'salida', 2, 'Venta POS', '2026-01-11 19:32:14'),
(26, 992, 2, 11, 'salida', 1, 'Venta POS', '2026-01-11 19:32:37'),
(27, 992, 2, 11, 'salida', 2, 'Venta POS', '2026-01-11 19:36:47'),
(28, 992, 2, 11, 'salida', 1, 'Venta POS', '2026-01-11 19:37:19'),
(29, 992, 2, 11, 'salida', 1, 'Venta POS', '2026-01-11 19:51:44'),
(30, 992, 2, 11, 'salida', 1, 'Venta POS', '2026-01-11 19:57:56'),
(31, 992, 2, 11, 'salida', 1, 'Venta POS', '2026-01-11 20:01:44'),
(32, 992, 2, 11, 'salida', 1, 'Venta POS', '2026-01-11 20:07:58'),
(33, 992, 2, 11, 'salida', 1, 'Venta POS', '2026-01-11 20:36:39'),
(34, 992, 2, 11, 'salida', 1, 'Venta POS', '2026-01-12 13:45:53'),
(35, 553, 2, 11, 'entrada', 2, '', '2026-01-12 15:20:32'),
(36, 553, 2, 11, 'salida', 1, 'Venta POS', '2026-01-12 16:20:14'),
(37, 552, 1, 1, 'entrada', 2, '', '2026-01-13 14:47:43'),
(38, 552, 1, 1, 'salida', 1, 'Venta POS', '2026-01-13 14:48:10'),
(39, 552, 2, 11, 'salida', 2, 'Venta POS', '2026-01-14 18:33:52'),
(40, 552, 2, 11, 'salida', 1, 'Venta POS', '2026-01-14 18:34:15'),
(41, 552, 1, 1, 'salida', 1, 'Venta POS', '2026-01-16 15:17:30'),
(42, 663, 1, 1, 'entrada', 1, '', '2026-01-16 19:20:21'),
(43, 663, 1, 1, 'salida', 1, 'Venta POS', '2026-01-16 19:20:36'),
(44, 797, 1, 1, 'entrada', 10, '', '2026-01-19 00:49:48'),
(45, 797, 1, 1, 'salida', 1, 'Venta POS', '2026-01-19 00:50:18'),
(46, 797, 1, 1, 'salida', 1, 'Venta POS', '2026-01-19 01:23:09'),
(47, 797, 1, 1, 'salida', 1, 'Venta POS', '2026-01-19 01:24:19'),
(48, 797, 1, 1, 'salida', 1, 'Venta POS', '2026-01-19 01:36:05'),
(49, 797, 1, 1, 'salida', 1, 'Venta POS', '2026-01-19 01:55:23'),
(50, 797, 1, 1, 'salida', 1, 'Venta POS', '2026-01-19 01:58:54'),
(51, 797, 2, 11, 'entrada', 5, '', '2026-01-19 02:04:03'),
(52, 797, 2, 11, 'salida', 1, 'Venta POS', '2026-01-19 02:04:11'),
(53, 797, 2, 11, 'salida', 1, 'Venta POS', '2026-01-19 02:40:53'),
(54, 797, 2, 11, 'salida', 1, 'Venta POS', '2026-01-19 03:19:40'),
(55, 797, 1, 1, 'salida', 1, 'Venta POS', '2026-01-19 03:20:32'),
(56, 797, 1, 1, 'salida', 1, 'Venta POS', '2026-01-19 03:29:03'),
(57, 797, 1, 1, 'salida', 1, 'Venta POS', '2026-01-19 03:31:35'),
(58, 797, 1, 1, 'salida', 1, 'Venta POS', '2026-01-19 03:41:03'),
(59, 797, 1, 1, 'entrada', 100, '', '2026-01-19 03:45:49'),
(60, 797, 1, 1, 'salida', 2, 'Venta POS', '2026-01-19 03:48:47'),
(61, 797, 1, 1, 'salida', 1, 'Venta POS', '2026-01-19 03:55:40'),
(62, 797, 1, 1, 'salida', 1, 'Venta POS', '2026-01-19 04:00:42'),
(63, 797, 1, 1, 'salida', 2, 'Venta POS', '2026-01-19 04:13:13'),
(64, 797, 1, 1, 'salida', 1, 'Venta POS', '2026-01-19 04:14:55'),
(65, 797, 1, 1, 'salida', 4, 'Venta POS', '2026-01-19 04:15:31'),
(66, 797, 1, 1, 'salida', 1, 'Venta POS', '2026-01-19 04:25:18'),
(67, 797, 1, 1, 'salida', 1, 'Venta POS', '2026-01-19 04:35:56'),
(68, 797, 2, 11, 'salida', 1, 'Venta POS', '2026-01-19 04:36:42'),
(69, 797, 2, 11, 'salida', 1, 'Venta POS', '2026-01-19 04:38:08'),
(70, 797, 2, 11, 'entrada', 100, '', '2026-01-19 04:41:51'),
(71, 797, 2, 11, 'salida', 1, 'Venta POS', '2026-01-19 04:42:02'),
(72, 797, 1, 1, 'salida', 1, 'Venta POS', '2026-01-19 04:43:41'),
(73, 797, 1, 1, 'salida', 1, 'Venta POS', '2026-01-19 04:47:04'),
(74, 797, 2, 11, 'salida', 6, 'Venta POS', '2026-01-19 04:53:33'),
(75, 797, 2, 11, 'salida', 13, 'Venta POS', '2026-01-19 04:54:40'),
(76, 797, 2, 11, 'salida', 1, 'Venta POS', '2026-01-19 14:13:02'),
(77, 797, 1, 1, 'salida', 10, 'Venta POS', '2026-01-19 17:54:57'),
(78, 797, 1, 1, 'salida', 1, 'Venta POS', '2026-01-22 00:08:58'),
(79, 1219, 2, 11, 'entrada', 1000, '', '2026-01-22 22:13:23'),
(80, 957, 2, 11, 'entrada', 100, '', '2026-01-22 22:13:33'),
(81, 958, 2, 11, 'entrada', 100, '', '2026-01-22 22:13:41'),
(82, 707, 2, 11, 'entrada', 100, '', '2026-01-22 22:14:10'),
(83, 708, 2, 11, 'entrada', 100, '', '2026-01-22 22:14:20'),
(84, 1219, 2, 11, 'ajuste', 1000, 'Ajuste masivo por usuario 11', '2026-01-22 23:27:38'),
(85, 957, 2, 11, 'ajuste', 100, 'Ajuste masivo por usuario 11', '2026-01-22 23:27:38'),
(86, 958, 2, 11, 'ajuste', 100, 'Ajuste masivo por usuario 11', '2026-01-22 23:27:38'),
(87, 707, 2, 11, 'ajuste', 100, 'Ajuste masivo por usuario 11', '2026-01-22 23:27:38'),
(88, 708, 2, 11, 'ajuste', 100, 'Ajuste masivo por usuario 11', '2026-01-22 23:27:38'),
(89, 992, 2, 11, 'ajuste', 8439, 'Ajuste masivo por usuario 11', '2026-01-22 23:27:38'),
(90, 552, 2, 11, 'ajuste', 3, 'Ajuste masivo por usuario 11', '2026-01-22 23:27:39'),
(91, 553, 2, 11, 'ajuste', 0, 'Ajuste masivo por usuario 11', '2026-01-22 23:27:39'),
(92, 797, 2, 11, 'ajuste', 79, 'Ajuste masivo por usuario 11', '2026-01-22 23:27:39'),
(93, 1219, 2, 11, 'ajuste', 1000, 'Ajuste masivo por usuario 11', '2026-01-22 23:41:06'),
(94, 957, 2, 11, 'ajuste', 100, 'Ajuste masivo por usuario 11', '2026-01-22 23:41:06'),
(95, 958, 2, 11, 'ajuste', 100, 'Ajuste masivo por usuario 11', '2026-01-22 23:41:06'),
(96, 707, 2, 11, 'ajuste', 100, 'Ajuste masivo por usuario 11', '2026-01-22 23:41:06'),
(97, 708, 2, 11, 'ajuste', 100, 'Ajuste masivo por usuario 11', '2026-01-22 23:41:06'),
(98, 992, 2, 11, 'ajuste', 8439, 'Ajuste masivo por usuario 11', '2026-01-22 23:41:06'),
(99, 552, 2, 11, 'ajuste', 3, 'Ajuste masivo por usuario 11', '2026-01-22 23:41:06'),
(100, 553, 2, 11, 'ajuste', 0, 'Ajuste masivo por usuario 11', '2026-01-22 23:41:06'),
(101, 797, 2, 11, 'ajuste', 79, 'Ajuste masivo por usuario 11', '2026-01-22 23:41:06'),
(102, 1219, 2, 11, 'ajuste', 1000, 'Ajuste masivo por usuario 11', '2026-01-22 23:41:58'),
(103, 957, 2, 11, 'ajuste', 100, 'Ajuste masivo por usuario 11', '2026-01-22 23:41:58'),
(104, 958, 2, 11, 'ajuste', 100, 'Ajuste masivo por usuario 11', '2026-01-22 23:41:58'),
(105, 707, 2, 11, 'ajuste', 100, 'Ajuste masivo por usuario 11', '2026-01-22 23:41:58'),
(106, 708, 2, 11, 'ajuste', 100, 'Ajuste masivo por usuario 11', '2026-01-22 23:41:58'),
(107, 992, 2, 11, 'ajuste', 8439, 'Ajuste masivo por usuario 11', '2026-01-22 23:41:58'),
(108, 552, 2, 11, 'ajuste', 3, 'Ajuste masivo por usuario 11', '2026-01-22 23:41:58'),
(109, 553, 2, 11, 'ajuste', 0, 'Ajuste masivo por usuario 11', '2026-01-22 23:41:58'),
(110, 797, 2, 11, 'ajuste', 79, 'Ajuste masivo por usuario 11', '2026-01-22 23:41:58'),
(111, 1219, 2, 11, 'ajuste', 1000, 'Ajuste masivo por usuario 11', '2026-01-22 23:42:23'),
(112, 957, 2, 11, 'ajuste', 100, 'Ajuste masivo por usuario 11', '2026-01-22 23:42:24'),
(113, 958, 2, 11, 'ajuste', 100, 'Ajuste masivo por usuario 11', '2026-01-22 23:42:24'),
(114, 707, 2, 11, 'ajuste', 100, 'Ajuste masivo por usuario 11', '2026-01-22 23:42:24'),
(115, 708, 2, 11, 'ajuste', 100, 'Ajuste masivo por usuario 11', '2026-01-22 23:42:24'),
(116, 992, 2, 11, 'ajuste', 8439, 'Ajuste masivo por usuario 11', '2026-01-22 23:42:24'),
(117, 552, 2, 11, 'ajuste', 3, 'Ajuste masivo por usuario 11', '2026-01-22 23:42:24'),
(118, 553, 2, 11, 'ajuste', 0, 'Ajuste masivo por usuario 11', '2026-01-22 23:42:24'),
(119, 797, 2, 11, 'ajuste', 7, 'Ajuste masivo por usuario 11', '2026-01-22 23:42:24'),
(120, 1049, 2, 11, 'ajuste', 0, 'Ajuste masivo por usuario 11', '2026-01-23 00:15:41'),
(121, 1126, 2, 11, 'ajuste', 0, 'Ajuste masivo por usuario 11', '2026-01-23 00:15:41'),
(122, 1127, 2, 11, 'ajuste', 0, 'Ajuste masivo por usuario 11', '2026-01-23 00:15:41'),
(123, 605, 2, 11, 'ajuste', 10, 'Ajuste masivo por usuario 11', '2026-01-23 00:15:41'),
(124, 606, 2, 11, 'ajuste', 10, 'Ajuste masivo por usuario 11', '2026-01-23 00:15:41'),
(125, 619, 2, 11, 'ajuste', 0, 'Ajuste masivo por usuario 11', '2026-01-23 00:15:41'),
(126, 639, 2, 11, 'ajuste', 0, 'Ajuste masivo por usuario 11', '2026-01-23 00:15:41'),
(127, 618, 2, 11, 'ajuste', 0, 'Ajuste masivo por usuario 11', '2026-01-23 00:15:41'),
(128, 638, 2, 11, 'ajuste', 0, 'Ajuste masivo por usuario 11', '2026-01-23 00:15:41'),
(129, 617, 2, 11, 'ajuste', 0, 'Ajuste masivo por usuario 11', '2026-01-23 00:15:41'),
(130, 637, 2, 11, 'ajuste', 0, 'Ajuste masivo por usuario 11', '2026-01-23 00:15:41'),
(131, 616, 2, 11, 'ajuste', 0, 'Ajuste masivo por usuario 11', '2026-01-23 00:15:41'),
(132, 636, 2, 11, 'ajuste', 0, 'Ajuste masivo por usuario 11', '2026-01-23 00:15:41'),
(133, 615, 2, 11, 'ajuste', 0, 'Ajuste masivo por usuario 11', '2026-01-23 00:15:41'),
(134, 635, 2, 11, 'ajuste', 0, 'Ajuste masivo por usuario 11', '2026-01-23 00:15:41'),
(135, 610, 2, 11, 'ajuste', 0, 'Ajuste masivo por usuario 11', '2026-01-23 00:15:41'),
(136, 609, 2, 11, 'ajuste', 0, 'Ajuste masivo por usuario 11', '2026-01-23 00:15:41'),
(137, 611, 2, 11, 'ajuste', 0, 'Ajuste masivo por usuario 11', '2026-01-23 00:15:41'),
(138, 612, 2, 11, 'ajuste', 0, 'Ajuste masivo por usuario 11', '2026-01-23 00:15:41'),
(139, 632, 2, 11, 'ajuste', 0, 'Ajuste masivo por usuario 11', '2026-01-23 00:15:41'),
(140, 613, 2, 11, 'ajuste', 0, 'Ajuste masivo por usuario 11', '2026-01-23 00:15:41'),
(141, 633, 2, 11, 'ajuste', 0, 'Ajuste masivo por usuario 11', '2026-01-23 00:15:41'),
(142, 614, 2, 11, 'ajuste', 0, 'Ajuste masivo por usuario 11', '2026-01-23 00:15:41'),
(143, 634, 2, 11, 'ajuste', 0, 'Ajuste masivo por usuario 11', '2026-01-23 00:15:41'),
(144, 608, 2, 11, 'ajuste', 0, 'Ajuste masivo por usuario 11', '2026-01-23 00:15:41'),
(145, 655, 2, 11, 'ajuste', 0, 'Ajuste masivo por usuario 11', '2026-01-23 00:15:41'),
(146, 607, 2, 11, 'ajuste', 0, 'Ajuste masivo por usuario 11', '2026-01-23 00:15:41'),
(147, 1215, 2, 11, 'ajuste', 0, 'Ajuste masivo por usuario 11', '2026-01-23 00:15:41'),
(148, 1214, 2, 11, 'ajuste', 0, 'Ajuste masivo por usuario 11', '2026-01-23 00:15:41'),
(149, 694, 2, 11, 'ajuste', 0, 'Ajuste masivo por usuario 11', '2026-01-23 00:15:41'),
(150, 695, 2, 11, 'ajuste', 0, 'Ajuste masivo por usuario 11', '2026-01-23 00:15:41'),
(151, 693, 2, 11, 'ajuste', 0, 'Ajuste masivo por usuario 11', '2026-01-23 00:15:41'),
(152, 699, 2, 11, 'ajuste', 0, 'Ajuste masivo por usuario 11', '2026-01-23 00:15:41'),
(153, 805, 2, 11, 'ajuste', 0, 'Ajuste masivo por usuario 11', '2026-01-23 00:15:41'),
(154, 698, 2, 11, 'ajuste', 0, 'Ajuste masivo por usuario 11', '2026-01-23 00:15:41'),
(155, 624, 2, 11, 'ajuste', 0, 'Ajuste masivo por usuario 11', '2026-01-23 00:15:41'),
(156, 644, 2, 11, 'ajuste', 0, 'Ajuste masivo por usuario 11', '2026-01-23 00:15:41'),
(157, 625, 2, 11, 'ajuste', 0, 'Ajuste masivo por usuario 11', '2026-01-23 00:15:41'),
(158, 645, 2, 11, 'ajuste', 0, 'Ajuste masivo por usuario 11', '2026-01-23 00:15:41'),
(159, 700, 2, 11, 'ajuste', 0, 'Ajuste masivo por usuario 11', '2026-01-23 00:15:41'),
(160, 1034, 2, 11, 'ajuste', 0, 'Ajuste masivo por usuario 11', '2026-01-23 00:15:41'),
(161, 1114, 2, 11, 'ajuste', 0, 'Ajuste masivo por usuario 11', '2026-01-23 00:15:41'),
(162, 1060, 2, 11, 'ajuste', 0, 'Ajuste masivo por usuario 11', '2026-01-23 00:15:41'),
(163, 1149, 2, 11, 'ajuste', 0, 'Ajuste masivo por usuario 11', '2026-01-23 00:15:41'),
(164, 948, 2, 11, 'ajuste', 0, 'Ajuste masivo por usuario 11', '2026-01-23 00:15:41'),
(165, 1053, 2, 11, 'ajuste', 0, 'Ajuste masivo por usuario 11', '2026-01-23 00:15:41'),
(166, 1054, 2, 11, 'ajuste', 0, 'Ajuste masivo por usuario 11', '2026-01-23 00:15:41'),
(167, 748, 2, 11, 'ajuste', 0, 'Ajuste masivo por usuario 11', '2026-01-23 00:15:41'),
(168, 749, 2, 11, 'ajuste', 0, 'Ajuste masivo por usuario 11', '2026-01-23 00:15:41'),
(169, 766, 2, 11, 'ajuste', 0, 'Ajuste masivo por usuario 11', '2026-01-23 00:15:41'),
(170, 605, 2, 11, 'entrada', 1, '', '2026-01-23 00:16:57'),
(171, 1219, 2, 11, 'ajuste', 1000, 'Ajuste masivo por usuario 11', '2026-01-23 00:18:35'),
(172, 1082, 2, 11, 'ajuste', 0, 'Ajuste masivo por usuario 11', '2026-01-23 00:18:35'),
(173, 1083, 2, 11, 'ajuste', 0, 'Ajuste masivo por usuario 11', '2026-01-23 00:18:35'),
(174, 957, 2, 11, 'ajuste', 100, 'Ajuste masivo por usuario 11', '2026-01-23 00:18:35'),
(175, 958, 2, 11, 'ajuste', 100, 'Ajuste masivo por usuario 11', '2026-01-23 00:18:35'),
(176, 959, 2, 11, 'ajuste', 0, 'Ajuste masivo por usuario 11', '2026-01-23 00:18:35'),
(177, 707, 2, 11, 'ajuste', 100, 'Ajuste masivo por usuario 11', '2026-01-23 00:18:35'),
(178, 708, 2, 11, 'ajuste', 101, 'Ajuste masivo por usuario 11', '2026-01-23 00:18:35'),
(179, 709, 2, 11, 'ajuste', 0, 'Ajuste masivo por usuario 11', '2026-01-23 00:18:35'),
(180, 710, 2, 11, 'ajuste', 0, 'Ajuste masivo por usuario 11', '2026-01-23 00:18:35'),
(181, 713, 2, 11, 'ajuste', 0, 'Ajuste masivo por usuario 11', '2026-01-23 00:18:35'),
(182, 711, 2, 11, 'ajuste', 0, 'Ajuste masivo por usuario 11', '2026-01-23 00:18:35'),
(183, 712, 2, 11, 'ajuste', 0, 'Ajuste masivo por usuario 11', '2026-01-23 00:18:35'),
(184, 936, 2, 11, 'ajuste', 0, 'Ajuste masivo por usuario 11', '2026-01-23 00:18:35'),
(185, 857, 2, 11, 'ajuste', 0, 'Ajuste masivo por usuario 11', '2026-01-23 00:18:35'),
(186, 705, 2, 11, 'ajuste', 0, 'Ajuste masivo por usuario 11', '2026-01-23 00:18:35'),
(187, 703, 2, 11, 'ajuste', 0, 'Ajuste masivo por usuario 11', '2026-01-23 00:18:35'),
(188, 704, 2, 11, 'ajuste', 0, 'Ajuste masivo por usuario 11', '2026-01-23 00:18:35'),
(189, 702, 2, 11, 'ajuste', 0, 'Ajuste masivo por usuario 11', '2026-01-23 00:18:35'),
(190, 657, 2, 11, 'ajuste', 0, 'Ajuste masivo por usuario 11', '2026-01-23 00:18:35'),
(191, 919, 2, 11, 'ajuste', 0, 'Ajuste masivo por usuario 11', '2026-01-23 00:18:35'),
(192, 918, 2, 11, 'ajuste', 0, 'Ajuste masivo por usuario 11', '2026-01-23 00:18:35'),
(193, 917, 2, 11, 'ajuste', 0, 'Ajuste masivo por usuario 11', '2026-01-23 00:18:35'),
(194, 663, 2, 11, 'ajuste', 0, 'Ajuste masivo por usuario 11', '2026-01-23 00:18:35'),
(195, 667, 2, 11, 'ajuste', 0, 'Ajuste masivo por usuario 11', '2026-01-23 00:18:35'),
(196, 665, 2, 11, 'ajuste', 0, 'Ajuste masivo por usuario 11', '2026-01-23 00:18:35'),
(197, 664, 2, 11, 'ajuste', 0, 'Ajuste masivo por usuario 11', '2026-01-23 00:18:35'),
(198, 666, 2, 11, 'ajuste', 0, 'Ajuste masivo por usuario 11', '2026-01-23 00:18:35'),
(199, 1108, 2, 11, 'ajuste', 0, 'Ajuste masivo por usuario 11', '2026-01-23 00:18:35'),
(200, 1154, 2, 11, 'ajuste', 0, 'Ajuste masivo por usuario 11', '2026-01-23 00:18:35'),
(201, 1153, 2, 11, 'ajuste', 0, 'Ajuste masivo por usuario 11', '2026-01-23 00:18:35'),
(202, 1039, 2, 11, 'ajuste', 0, 'Ajuste masivo por usuario 11', '2026-01-23 00:18:35'),
(203, 1222, 2, 11, 'ajuste', 0, 'Ajuste masivo por usuario 11', '2026-01-23 00:18:35'),
(204, 668, 2, 11, 'ajuste', 0, 'Ajuste masivo por usuario 11', '2026-01-23 00:18:35'),
(205, 627, 2, 11, 'ajuste', 0, 'Ajuste masivo por usuario 11', '2026-01-23 00:18:35'),
(206, 647, 2, 11, 'ajuste', 0, 'Ajuste masivo por usuario 11', '2026-01-23 00:18:35'),
(207, 628, 2, 11, 'ajuste', 0, 'Ajuste masivo por usuario 11', '2026-01-23 00:18:35'),
(208, 648, 2, 11, 'ajuste', 0, 'Ajuste masivo por usuario 11', '2026-01-23 00:18:35'),
(209, 630, 2, 11, 'ajuste', 0, 'Ajuste masivo por usuario 11', '2026-01-23 00:18:35'),
(210, 650, 2, 11, 'ajuste', 0, 'Ajuste masivo por usuario 11', '2026-01-23 00:18:35'),
(211, 631, 2, 11, 'ajuste', 0, 'Ajuste masivo por usuario 11', '2026-01-23 00:18:36'),
(212, 651, 2, 11, 'ajuste', 0, 'Ajuste masivo por usuario 11', '2026-01-23 00:18:36'),
(213, 652, 2, 11, 'ajuste', 0, 'Ajuste masivo por usuario 11', '2026-01-23 00:18:36'),
(214, 653, 2, 11, 'ajuste', 0, 'Ajuste masivo por usuario 11', '2026-01-23 00:18:36'),
(215, 654, 2, 11, 'ajuste', 0, 'Ajuste masivo por usuario 11', '2026-01-23 00:18:36'),
(216, 1045, 2, 11, 'ajuste', 0, 'Ajuste masivo por usuario 11', '2026-01-23 00:18:36'),
(217, 848, 2, 11, 'ajuste', 0, 'Ajuste masivo por usuario 11', '2026-01-23 00:18:36'),
(218, 847, 2, 11, 'ajuste', 0, 'Ajuste masivo por usuario 11', '2026-01-23 00:18:36'),
(219, 846, 2, 11, 'ajuste', 0, 'Ajuste masivo por usuario 11', '2026-01-23 00:18:36'),
(220, 853, 2, 11, 'ajuste', 0, 'Ajuste masivo por usuario 11', '2026-01-23 00:18:36'),
(221, 657, 2, 11, 'entrada', 500, '', '2026-01-23 00:19:39'),
(222, 1219, 2, 11, 'ajuste', 1000, 'Ajuste masivo por usuario 11', '2026-01-23 00:20:19'),
(223, 1082, 2, 11, 'ajuste', 0, 'Ajuste masivo por usuario 11', '2026-01-23 00:20:19'),
(224, 1083, 2, 11, 'ajuste', 0, 'Ajuste masivo por usuario 11', '2026-01-23 00:20:19'),
(225, 957, 2, 11, 'ajuste', 100, 'Ajuste masivo por usuario 11', '2026-01-23 00:20:19'),
(226, 958, 2, 11, 'ajuste', 100, 'Ajuste masivo por usuario 11', '2026-01-23 00:20:19'),
(227, 959, 2, 11, 'ajuste', 0, 'Ajuste masivo por usuario 11', '2026-01-23 00:20:19'),
(228, 707, 2, 11, 'ajuste', 100, 'Ajuste masivo por usuario 11', '2026-01-23 00:20:19'),
(229, 708, 2, 11, 'ajuste', 101, 'Ajuste masivo por usuario 11', '2026-01-23 00:20:19'),
(230, 709, 2, 11, 'ajuste', 0, 'Ajuste masivo por usuario 11', '2026-01-23 00:20:19'),
(231, 710, 2, 11, 'ajuste', 0, 'Ajuste masivo por usuario 11', '2026-01-23 00:20:19'),
(232, 713, 2, 11, 'ajuste', 0, 'Ajuste masivo por usuario 11', '2026-01-23 00:20:19'),
(233, 711, 2, 11, 'ajuste', 0, 'Ajuste masivo por usuario 11', '2026-01-23 00:20:19'),
(234, 712, 2, 11, 'ajuste', 0, 'Ajuste masivo por usuario 11', '2026-01-23 00:20:19'),
(235, 936, 2, 11, 'ajuste', 0, 'Ajuste masivo por usuario 11', '2026-01-23 00:20:19'),
(236, 857, 2, 11, 'ajuste', 0, 'Ajuste masivo por usuario 11', '2026-01-23 00:20:19'),
(237, 705, 2, 11, 'ajuste', 0, 'Ajuste masivo por usuario 11', '2026-01-23 00:20:19'),
(238, 703, 2, 11, 'ajuste', 0, 'Ajuste masivo por usuario 11', '2026-01-23 00:20:19'),
(239, 704, 2, 11, 'ajuste', 0, 'Ajuste masivo por usuario 11', '2026-01-23 00:20:19'),
(240, 702, 2, 11, 'ajuste', 0, 'Ajuste masivo por usuario 11', '2026-01-23 00:20:19'),
(241, 657, 2, 11, 'ajuste', 503, 'Ajuste masivo por usuario 11', '2026-01-23 00:20:19'),
(242, 919, 2, 11, 'ajuste', 0, 'Ajuste masivo por usuario 11', '2026-01-23 00:20:19'),
(243, 918, 2, 11, 'ajuste', 0, 'Ajuste masivo por usuario 11', '2026-01-23 00:20:19'),
(244, 917, 2, 11, 'ajuste', 0, 'Ajuste masivo por usuario 11', '2026-01-23 00:20:19'),
(245, 663, 2, 11, 'ajuste', 0, 'Ajuste masivo por usuario 11', '2026-01-23 00:20:19'),
(246, 667, 2, 11, 'ajuste', 0, 'Ajuste masivo por usuario 11', '2026-01-23 00:20:19'),
(247, 665, 2, 11, 'ajuste', 0, 'Ajuste masivo por usuario 11', '2026-01-23 00:20:19'),
(248, 664, 2, 11, 'ajuste', 0, 'Ajuste masivo por usuario 11', '2026-01-23 00:20:19'),
(249, 666, 2, 11, 'ajuste', 0, 'Ajuste masivo por usuario 11', '2026-01-23 00:20:19'),
(250, 1108, 2, 11, 'ajuste', 0, 'Ajuste masivo por usuario 11', '2026-01-23 00:20:19'),
(251, 1154, 2, 11, 'ajuste', 0, 'Ajuste masivo por usuario 11', '2026-01-23 00:20:19'),
(252, 1153, 2, 11, 'ajuste', 0, 'Ajuste masivo por usuario 11', '2026-01-23 00:20:19'),
(253, 1039, 2, 11, 'ajuste', 0, 'Ajuste masivo por usuario 11', '2026-01-23 00:20:19'),
(254, 1222, 2, 11, 'ajuste', 0, 'Ajuste masivo por usuario 11', '2026-01-23 00:20:19'),
(255, 668, 2, 11, 'ajuste', 0, 'Ajuste masivo por usuario 11', '2026-01-23 00:20:19'),
(256, 627, 2, 11, 'ajuste', 0, 'Ajuste masivo por usuario 11', '2026-01-23 00:20:19'),
(257, 647, 2, 11, 'ajuste', 0, 'Ajuste masivo por usuario 11', '2026-01-23 00:20:19'),
(258, 628, 2, 11, 'ajuste', 0, 'Ajuste masivo por usuario 11', '2026-01-23 00:20:19'),
(259, 648, 2, 11, 'ajuste', 0, 'Ajuste masivo por usuario 11', '2026-01-23 00:20:19'),
(260, 630, 2, 11, 'ajuste', 0, 'Ajuste masivo por usuario 11', '2026-01-23 00:20:19'),
(261, 650, 2, 11, 'ajuste', 0, 'Ajuste masivo por usuario 11', '2026-01-23 00:20:19'),
(262, 631, 2, 11, 'ajuste', 0, 'Ajuste masivo por usuario 11', '2026-01-23 00:20:19'),
(263, 651, 2, 11, 'ajuste', 0, 'Ajuste masivo por usuario 11', '2026-01-23 00:20:19'),
(264, 652, 2, 11, 'ajuste', 0, 'Ajuste masivo por usuario 11', '2026-01-23 00:20:19'),
(265, 653, 2, 11, 'ajuste', 0, 'Ajuste masivo por usuario 11', '2026-01-23 00:20:19'),
(266, 654, 2, 11, 'ajuste', 0, 'Ajuste masivo por usuario 11', '2026-01-23 00:20:19'),
(267, 1045, 2, 11, 'ajuste', 0, 'Ajuste masivo por usuario 11', '2026-01-23 00:20:19'),
(268, 848, 2, 11, 'ajuste', 0, 'Ajuste masivo por usuario 11', '2026-01-23 00:20:19'),
(269, 847, 2, 11, 'ajuste', 0, 'Ajuste masivo por usuario 11', '2026-01-23 00:20:19'),
(270, 846, 2, 11, 'ajuste', 0, 'Ajuste masivo por usuario 11', '2026-01-23 00:20:19'),
(271, 853, 2, 11, 'ajuste', 0, 'Ajuste masivo por usuario 11', '2026-01-23 00:20:19'),
(272, 657, 2, 11, 'salida', 1, 'Venta POS', '2026-01-23 00:20:33'),
(273, 1219, 2, 11, 'ajuste', 1000, 'Ajuste masivo por usuario 11', '2026-01-23 00:29:31'),
(274, 1082, 2, 11, 'ajuste', 0, 'Ajuste masivo por usuario 11', '2026-01-23 00:29:31'),
(275, 1083, 2, 11, 'ajuste', 0, 'Ajuste masivo por usuario 11', '2026-01-23 00:29:31'),
(276, 957, 2, 11, 'ajuste', 100, 'Ajuste masivo por usuario 11', '2026-01-23 00:29:31'),
(277, 958, 2, 11, 'ajuste', 100, 'Ajuste masivo por usuario 11', '2026-01-23 00:29:31'),
(278, 959, 2, 11, 'ajuste', 5, 'Ajuste masivo por usuario 11', '2026-01-23 00:29:31'),
(279, 707, 2, 11, 'ajuste', 100, 'Ajuste masivo por usuario 11', '2026-01-23 00:29:31'),
(280, 708, 2, 11, 'ajuste', 101, 'Ajuste masivo por usuario 11', '2026-01-23 00:29:31'),
(281, 709, 2, 11, 'ajuste', 5, 'Ajuste masivo por usuario 11', '2026-01-23 00:29:31'),
(282, 710, 2, 11, 'ajuste', 5, 'Ajuste masivo por usuario 11', '2026-01-23 00:29:31'),
(283, 713, 2, 11, 'ajuste', 5, 'Ajuste masivo por usuario 11', '2026-01-23 00:29:31'),
(284, 711, 2, 11, 'ajuste', 5, 'Ajuste masivo por usuario 11', '2026-01-23 00:29:31'),
(285, 712, 2, 11, 'ajuste', 5, 'Ajuste masivo por usuario 11', '2026-01-23 00:29:31'),
(286, 936, 2, 11, 'ajuste', 5, 'Ajuste masivo por usuario 11', '2026-01-23 00:29:31'),
(287, 857, 2, 11, 'ajuste', 5, 'Ajuste masivo por usuario 11', '2026-01-23 00:29:31'),
(288, 705, 2, 11, 'ajuste', 5, 'Ajuste masivo por usuario 11', '2026-01-23 00:29:31'),
(289, 703, 2, 11, 'ajuste', 5, 'Ajuste masivo por usuario 11', '2026-01-23 00:29:31'),
(290, 704, 2, 11, 'ajuste', 0, 'Ajuste masivo por usuario 11', '2026-01-23 00:29:31'),
(291, 702, 2, 11, 'ajuste', 0, 'Ajuste masivo por usuario 11', '2026-01-23 00:29:31'),
(292, 657, 2, 11, 'ajuste', 503, 'Ajuste masivo por usuario 11', '2026-01-23 00:29:31'),
(293, 919, 2, 11, 'ajuste', 0, 'Ajuste masivo por usuario 11', '2026-01-23 00:29:31'),
(294, 918, 2, 11, 'ajuste', 0, 'Ajuste masivo por usuario 11', '2026-01-23 00:29:31'),
(295, 917, 2, 11, 'ajuste', 0, 'Ajuste masivo por usuario 11', '2026-01-23 00:29:31'),
(296, 663, 2, 11, 'ajuste', 0, 'Ajuste masivo por usuario 11', '2026-01-23 00:29:31'),
(297, 667, 2, 11, 'ajuste', 0, 'Ajuste masivo por usuario 11', '2026-01-23 00:29:31'),
(298, 665, 2, 11, 'ajuste', 0, 'Ajuste masivo por usuario 11', '2026-01-23 00:29:31'),
(299, 664, 2, 11, 'ajuste', 0, 'Ajuste masivo por usuario 11', '2026-01-23 00:29:31'),
(300, 666, 2, 11, 'ajuste', 0, 'Ajuste masivo por usuario 11', '2026-01-23 00:29:31'),
(301, 1108, 2, 11, 'ajuste', 0, 'Ajuste masivo por usuario 11', '2026-01-23 00:29:31'),
(302, 1154, 2, 11, 'ajuste', 0, 'Ajuste masivo por usuario 11', '2026-01-23 00:29:31'),
(303, 1153, 2, 11, 'ajuste', 0, 'Ajuste masivo por usuario 11', '2026-01-23 00:29:31'),
(304, 1039, 2, 11, 'ajuste', 0, 'Ajuste masivo por usuario 11', '2026-01-23 00:29:31'),
(305, 1222, 2, 11, 'ajuste', 0, 'Ajuste masivo por usuario 11', '2026-01-23 00:29:31'),
(306, 668, 2, 11, 'ajuste', 0, 'Ajuste masivo por usuario 11', '2026-01-23 00:29:31'),
(307, 627, 2, 11, 'ajuste', 0, 'Ajuste masivo por usuario 11', '2026-01-23 00:29:31'),
(308, 647, 2, 11, 'ajuste', 0, 'Ajuste masivo por usuario 11', '2026-01-23 00:29:31'),
(309, 628, 2, 11, 'ajuste', 0, 'Ajuste masivo por usuario 11', '2026-01-23 00:29:31'),
(310, 648, 2, 11, 'ajuste', 0, 'Ajuste masivo por usuario 11', '2026-01-23 00:29:31'),
(311, 630, 2, 11, 'ajuste', 0, 'Ajuste masivo por usuario 11', '2026-01-23 00:29:31'),
(312, 650, 2, 11, 'ajuste', 0, 'Ajuste masivo por usuario 11', '2026-01-23 00:29:31'),
(313, 631, 2, 11, 'ajuste', 0, 'Ajuste masivo por usuario 11', '2026-01-23 00:29:31'),
(314, 651, 2, 11, 'ajuste', 0, 'Ajuste masivo por usuario 11', '2026-01-23 00:29:31'),
(315, 652, 2, 11, 'ajuste', 0, 'Ajuste masivo por usuario 11', '2026-01-23 00:29:31'),
(316, 653, 2, 11, 'ajuste', 0, 'Ajuste masivo por usuario 11', '2026-01-23 00:29:31'),
(317, 654, 2, 11, 'ajuste', 0, 'Ajuste masivo por usuario 11', '2026-01-23 00:29:31'),
(318, 1045, 2, 11, 'ajuste', 0, 'Ajuste masivo por usuario 11', '2026-01-23 00:29:31'),
(319, 848, 2, 11, 'ajuste', 0, 'Ajuste masivo por usuario 11', '2026-01-23 00:29:31'),
(320, 847, 2, 11, 'ajuste', 0, 'Ajuste masivo por usuario 11', '2026-01-23 00:29:31'),
(321, 846, 2, 11, 'ajuste', 0, 'Ajuste masivo por usuario 11', '2026-01-23 00:29:31'),
(322, 853, 2, 11, 'ajuste', 0, 'Ajuste masivo por usuario 11', '2026-01-23 00:29:31'),
(323, 712, 2, 11, 'salida', 1, 'Venta POS', '2026-01-23 00:29:49'),
(324, 1219, 2, 11, 'ajuste', 1000, 'Ajuste masivo por usuario 11', '2026-01-23 00:35:06'),
(325, 1082, 2, 11, 'ajuste', 0, 'Ajuste masivo por usuario 11', '2026-01-23 00:35:06'),
(326, 1083, 2, 11, 'ajuste', 0, 'Ajuste masivo por usuario 11', '2026-01-23 00:35:06'),
(327, 957, 2, 11, 'ajuste', 100, 'Ajuste masivo por usuario 11', '2026-01-23 00:35:06'),
(328, 958, 2, 11, 'ajuste', 100, 'Ajuste masivo por usuario 11', '2026-01-23 00:35:06'),
(329, 959, 2, 11, 'ajuste', 5, 'Ajuste masivo por usuario 11', '2026-01-23 00:35:06'),
(330, 707, 2, 11, 'ajuste', 100, 'Ajuste masivo por usuario 11', '2026-01-23 00:35:06'),
(331, 708, 2, 11, 'ajuste', 101, 'Ajuste masivo por usuario 11', '2026-01-23 00:35:06'),
(332, 709, 2, 11, 'ajuste', 5, 'Ajuste masivo por usuario 11', '2026-01-23 00:35:06'),
(333, 710, 2, 11, 'ajuste', 5, 'Ajuste masivo por usuario 11', '2026-01-23 00:35:06'),
(334, 713, 2, 11, 'ajuste', 5, 'Ajuste masivo por usuario 11', '2026-01-23 00:35:06'),
(335, 711, 2, 11, 'ajuste', 5, 'Ajuste masivo por usuario 11', '2026-01-23 00:35:06'),
(336, 712, 2, 11, 'ajuste', 4, 'Ajuste masivo por usuario 11', '2026-01-23 00:35:06'),
(337, 936, 2, 11, 'ajuste', 5, 'Ajuste masivo por usuario 11', '2026-01-23 00:35:06'),
(338, 857, 2, 11, 'ajuste', 5, 'Ajuste masivo por usuario 11', '2026-01-23 00:35:06'),
(339, 705, 2, 11, 'ajuste', 5, 'Ajuste masivo por usuario 11', '2026-01-23 00:35:06'),
(340, 703, 2, 11, 'ajuste', 5, 'Ajuste masivo por usuario 11', '2026-01-23 00:35:06'),
(341, 704, 2, 11, 'ajuste', 5, 'Ajuste masivo por usuario 11', '2026-01-23 00:35:06'),
(342, 702, 2, 11, 'ajuste', 5, 'Ajuste masivo por usuario 11', '2026-01-23 00:35:06'),
(343, 657, 2, 11, 'ajuste', 5, 'Ajuste masivo por usuario 11', '2026-01-23 00:35:06'),
(344, 919, 2, 11, 'ajuste', 5, 'Ajuste masivo por usuario 11', '2026-01-23 00:35:06'),
(345, 918, 2, 11, 'ajuste', 5, 'Ajuste masivo por usuario 11', '2026-01-23 00:35:06'),
(346, 917, 2, 11, 'ajuste', 5, 'Ajuste masivo por usuario 11', '2026-01-23 00:35:06'),
(347, 663, 2, 11, 'ajuste', 5, 'Ajuste masivo por usuario 11', '2026-01-23 00:35:06'),
(348, 667, 2, 11, 'ajuste', 5, 'Ajuste masivo por usuario 11', '2026-01-23 00:35:06'),
(349, 665, 2, 11, 'ajuste', 5, 'Ajuste masivo por usuario 11', '2026-01-23 00:35:06'),
(350, 664, 2, 11, 'ajuste', 5, 'Ajuste masivo por usuario 11', '2026-01-23 00:35:06'),
(351, 666, 2, 11, 'ajuste', 5, 'Ajuste masivo por usuario 11', '2026-01-23 00:35:06'),
(352, 1108, 2, 11, 'ajuste', 5, 'Ajuste masivo por usuario 11', '2026-01-23 00:35:06'),
(353, 1154, 2, 11, 'ajuste', 5, 'Ajuste masivo por usuario 11', '2026-01-23 00:35:06'),
(354, 1153, 2, 11, 'ajuste', 5, 'Ajuste masivo por usuario 11', '2026-01-23 00:35:06'),
(355, 1039, 2, 11, 'ajuste', 55, 'Ajuste masivo por usuario 11', '2026-01-23 00:35:06'),
(356, 1222, 2, 11, 'ajuste', 5, 'Ajuste masivo por usuario 11', '2026-01-23 00:35:06'),
(357, 668, 2, 11, 'ajuste', 5, 'Ajuste masivo por usuario 11', '2026-01-23 00:35:06'),
(358, 627, 2, 11, 'ajuste', 5, 'Ajuste masivo por usuario 11', '2026-01-23 00:35:06'),
(359, 647, 2, 11, 'ajuste', 5, 'Ajuste masivo por usuario 11', '2026-01-23 00:35:06'),
(360, 628, 2, 11, 'ajuste', 5, 'Ajuste masivo por usuario 11', '2026-01-23 00:35:07'),
(361, 648, 2, 11, 'ajuste', 5, 'Ajuste masivo por usuario 11', '2026-01-23 00:35:07'),
(362, 630, 2, 11, 'ajuste', 5, 'Ajuste masivo por usuario 11', '2026-01-23 00:35:07'),
(363, 650, 2, 11, 'ajuste', 5, 'Ajuste masivo por usuario 11', '2026-01-23 00:35:07'),
(364, 631, 2, 11, 'ajuste', 5, 'Ajuste masivo por usuario 11', '2026-01-23 00:35:07'),
(365, 651, 2, 11, 'ajuste', 5, 'Ajuste masivo por usuario 11', '2026-01-23 00:35:07'),
(366, 652, 2, 11, 'ajuste', 5, 'Ajuste masivo por usuario 11', '2026-01-23 00:35:07'),
(367, 653, 2, 11, 'ajuste', 5, 'Ajuste masivo por usuario 11', '2026-01-23 00:35:07'),
(368, 654, 2, 11, 'ajuste', 5, 'Ajuste masivo por usuario 11', '2026-01-23 00:35:07'),
(369, 1045, 2, 11, 'ajuste', 5, 'Ajuste masivo por usuario 11', '2026-01-23 00:35:07'),
(370, 848, 2, 11, 'ajuste', 5, 'Ajuste masivo por usuario 11', '2026-01-23 00:35:07'),
(371, 847, 2, 11, 'ajuste', 5, 'Ajuste masivo por usuario 11', '2026-01-23 00:35:07'),
(372, 846, 2, 11, 'ajuste', 5, 'Ajuste masivo por usuario 11', '2026-01-23 00:35:07'),
(373, 853, 2, 11, 'ajuste', 5, 'Ajuste masivo por usuario 11', '2026-01-23 00:35:07'),
(374, 1219, 2, 11, 'ajuste', 1000, 'Ajuste masivo por usuario 11', '2026-01-23 00:36:01'),
(375, 1082, 2, 11, 'ajuste', 1000, 'Ajuste masivo por usuario 11', '2026-01-23 00:36:01'),
(376, 1083, 2, 11, 'ajuste', 1000, 'Ajuste masivo por usuario 11', '2026-01-23 00:36:01'),
(377, 957, 2, 11, 'ajuste', 1000, 'Ajuste masivo por usuario 11', '2026-01-23 00:36:01'),
(378, 958, 2, 11, 'ajuste', 1000, 'Ajuste masivo por usuario 11', '2026-01-23 00:36:01'),
(379, 959, 2, 11, 'ajuste', 1000, 'Ajuste masivo por usuario 11', '2026-01-23 00:36:01'),
(380, 707, 2, 11, 'ajuste', 1000, 'Ajuste masivo por usuario 11', '2026-01-23 00:36:01'),
(381, 708, 2, 11, 'ajuste', 1000, 'Ajuste masivo por usuario 11', '2026-01-23 00:36:01'),
(382, 709, 2, 11, 'ajuste', 1000, 'Ajuste masivo por usuario 11', '2026-01-23 00:36:01'),
(383, 710, 2, 11, 'ajuste', 1000, 'Ajuste masivo por usuario 11', '2026-01-23 00:36:01'),
(384, 713, 2, 11, 'ajuste', 1000, 'Ajuste masivo por usuario 11', '2026-01-23 00:36:01'),
(385, 711, 2, 11, 'ajuste', 1000, 'Ajuste masivo por usuario 11', '2026-01-23 00:36:01'),
(386, 712, 2, 11, 'ajuste', 1000, 'Ajuste masivo por usuario 11', '2026-01-23 00:36:01'),
(387, 936, 2, 11, 'ajuste', 1000, 'Ajuste masivo por usuario 11', '2026-01-23 00:36:01'),
(388, 857, 2, 11, 'ajuste', 1000, 'Ajuste masivo por usuario 11', '2026-01-23 00:36:01'),
(389, 705, 2, 11, 'ajuste', 1000, 'Ajuste masivo por usuario 11', '2026-01-23 00:36:01'),
(390, 703, 2, 11, 'ajuste', 1000, 'Ajuste masivo por usuario 11', '2026-01-23 00:36:01'),
(391, 704, 2, 11, 'ajuste', 1000, 'Ajuste masivo por usuario 11', '2026-01-23 00:36:01'),
(392, 702, 2, 11, 'ajuste', 1000, 'Ajuste masivo por usuario 11', '2026-01-23 00:36:01'),
(393, 657, 2, 11, 'ajuste', 1000, 'Ajuste masivo por usuario 11', '2026-01-23 00:36:01'),
(394, 919, 2, 11, 'ajuste', 1000, 'Ajuste masivo por usuario 11', '2026-01-23 00:36:01'),
(395, 918, 2, 11, 'ajuste', 1000, 'Ajuste masivo por usuario 11', '2026-01-23 00:36:01'),
(396, 917, 2, 11, 'ajuste', 1000, 'Ajuste masivo por usuario 11', '2026-01-23 00:36:01'),
(397, 663, 2, 11, 'ajuste', 1000, 'Ajuste masivo por usuario 11', '2026-01-23 00:36:01'),
(398, 667, 2, 11, 'ajuste', 1000, 'Ajuste masivo por usuario 11', '2026-01-23 00:36:01'),
(399, 665, 2, 11, 'ajuste', 1000, 'Ajuste masivo por usuario 11', '2026-01-23 00:36:01'),
(400, 664, 2, 11, 'ajuste', 1000, 'Ajuste masivo por usuario 11', '2026-01-23 00:36:01'),
(401, 666, 2, 11, 'ajuste', 1000, 'Ajuste masivo por usuario 11', '2026-01-23 00:36:01'),
(402, 1108, 2, 11, 'ajuste', 1000, 'Ajuste masivo por usuario 11', '2026-01-23 00:36:02'),
(403, 1154, 2, 11, 'ajuste', 1000, 'Ajuste masivo por usuario 11', '2026-01-23 00:36:02'),
(404, 1153, 2, 11, 'ajuste', 1000, 'Ajuste masivo por usuario 11', '2026-01-23 00:36:02'),
(405, 1039, 2, 11, 'ajuste', 10001000, 'Ajuste masivo por usuario 11', '2026-01-23 00:36:02'),
(406, 1222, 2, 11, 'ajuste', 1000, 'Ajuste masivo por usuario 11', '2026-01-23 00:36:02'),
(407, 668, 2, 11, 'ajuste', 1000, 'Ajuste masivo por usuario 11', '2026-01-23 00:36:02'),
(408, 627, 2, 11, 'ajuste', 1000, 'Ajuste masivo por usuario 11', '2026-01-23 00:36:02'),
(409, 647, 2, 11, 'ajuste', 1000, 'Ajuste masivo por usuario 11', '2026-01-23 00:36:02'),
(410, 628, 2, 11, 'ajuste', 1000, 'Ajuste masivo por usuario 11', '2026-01-23 00:36:02'),
(411, 648, 2, 11, 'ajuste', 1000, 'Ajuste masivo por usuario 11', '2026-01-23 00:36:02'),
(412, 630, 2, 11, 'ajuste', 1000, 'Ajuste masivo por usuario 11', '2026-01-23 00:36:02'),
(413, 650, 2, 11, 'ajuste', 1000, 'Ajuste masivo por usuario 11', '2026-01-23 00:36:02'),
(414, 631, 2, 11, 'ajuste', 1000, 'Ajuste masivo por usuario 11', '2026-01-23 00:36:02'),
(415, 651, 2, 11, 'ajuste', 1000, 'Ajuste masivo por usuario 11', '2026-01-23 00:36:02'),
(416, 652, 2, 11, 'ajuste', 5, 'Ajuste masivo por usuario 11', '2026-01-23 00:36:02'),
(417, 653, 2, 11, 'ajuste', 5, 'Ajuste masivo por usuario 11', '2026-01-23 00:36:02'),
(418, 654, 2, 11, 'ajuste', 5, 'Ajuste masivo por usuario 11', '2026-01-23 00:36:02'),
(419, 1045, 2, 11, 'ajuste', 5, 'Ajuste masivo por usuario 11', '2026-01-23 00:36:02'),
(420, 848, 2, 11, 'ajuste', 5, 'Ajuste masivo por usuario 11', '2026-01-23 00:36:02'),
(421, 847, 2, 11, 'ajuste', 5, 'Ajuste masivo por usuario 11', '2026-01-23 00:36:02'),
(422, 846, 2, 11, 'ajuste', 5, 'Ajuste masivo por usuario 11', '2026-01-23 00:36:02'),
(423, 853, 2, 11, 'ajuste', 5, 'Ajuste masivo por usuario 11', '2026-01-23 00:36:02'),
(424, 1219, 2, 11, 'ajuste', 1000, 'Ajuste masivo por usuario 11', '2026-01-23 00:36:35'),
(425, 1082, 2, 11, 'ajuste', 1000, 'Ajuste masivo por usuario 11', '2026-01-23 00:36:35'),
(426, 1083, 2, 11, 'ajuste', 1000, 'Ajuste masivo por usuario 11', '2026-01-23 00:36:35'),
(427, 957, 2, 11, 'ajuste', 1000, 'Ajuste masivo por usuario 11', '2026-01-23 00:36:35'),
(428, 958, 2, 11, 'ajuste', 1000, 'Ajuste masivo por usuario 11', '2026-01-23 00:36:35'),
(429, 959, 2, 11, 'ajuste', 1000, 'Ajuste masivo por usuario 11', '2026-01-23 00:36:35'),
(430, 707, 2, 11, 'ajuste', 1000, 'Ajuste masivo por usuario 11', '2026-01-23 00:36:35'),
(431, 708, 2, 11, 'ajuste', 1000, 'Ajuste masivo por usuario 11', '2026-01-23 00:36:35'),
(432, 709, 2, 11, 'ajuste', 1000, 'Ajuste masivo por usuario 11', '2026-01-23 00:36:35'),
(433, 710, 2, 11, 'ajuste', 1000, 'Ajuste masivo por usuario 11', '2026-01-23 00:36:35'),
(434, 713, 2, 11, 'ajuste', 1000, 'Ajuste masivo por usuario 11', '2026-01-23 00:36:35'),
(435, 711, 2, 11, 'ajuste', 1000, 'Ajuste masivo por usuario 11', '2026-01-23 00:36:35'),
(436, 712, 2, 11, 'ajuste', 1000, 'Ajuste masivo por usuario 11', '2026-01-23 00:36:35'),
(437, 936, 2, 11, 'ajuste', 1000, 'Ajuste masivo por usuario 11', '2026-01-23 00:36:35'),
(438, 857, 2, 11, 'ajuste', 1000, 'Ajuste masivo por usuario 11', '2026-01-23 00:36:35'),
(439, 705, 2, 11, 'ajuste', 1000, 'Ajuste masivo por usuario 11', '2026-01-23 00:36:35'),
(440, 703, 2, 11, 'ajuste', 1000, 'Ajuste masivo por usuario 11', '2026-01-23 00:36:35'),
(441, 704, 2, 11, 'ajuste', 1000, 'Ajuste masivo por usuario 11', '2026-01-23 00:36:35'),
(442, 702, 2, 11, 'ajuste', 1000, 'Ajuste masivo por usuario 11', '2026-01-23 00:36:35'),
(443, 657, 2, 11, 'ajuste', 1000, 'Ajuste masivo por usuario 11', '2026-01-23 00:36:35'),
(444, 919, 2, 11, 'ajuste', 1000, 'Ajuste masivo por usuario 11', '2026-01-23 00:36:35'),
(445, 918, 2, 11, 'ajuste', 1000, 'Ajuste masivo por usuario 11', '2026-01-23 00:36:35'),
(446, 917, 2, 11, 'ajuste', 1000, 'Ajuste masivo por usuario 11', '2026-01-23 00:36:35'),
(447, 663, 2, 11, 'ajuste', 1000, 'Ajuste masivo por usuario 11', '2026-01-23 00:36:35'),
(448, 667, 2, 11, 'ajuste', 1000, 'Ajuste masivo por usuario 11', '2026-01-23 00:36:35'),
(449, 665, 2, 11, 'ajuste', 1000, 'Ajuste masivo por usuario 11', '2026-01-23 00:36:35'),
(450, 664, 2, 11, 'ajuste', 1000, 'Ajuste masivo por usuario 11', '2026-01-23 00:36:35'),
(451, 666, 2, 11, 'ajuste', 1000, 'Ajuste masivo por usuario 11', '2026-01-23 00:36:35'),
(452, 1108, 2, 11, 'ajuste', 1000, 'Ajuste masivo por usuario 11', '2026-01-23 00:36:35'),
(453, 1154, 2, 11, 'ajuste', 1000, 'Ajuste masivo por usuario 11', '2026-01-23 00:36:35'),
(454, 1153, 2, 11, 'ajuste', 1000, 'Ajuste masivo por usuario 11', '2026-01-23 00:36:35'),
(455, 1039, 2, 11, 'ajuste', 10001000, 'Ajuste masivo por usuario 11', '2026-01-23 00:36:35'),
(456, 1222, 2, 11, 'ajuste', 1000, 'Ajuste masivo por usuario 11', '2026-01-23 00:36:35'),
(457, 668, 2, 11, 'ajuste', 1000, 'Ajuste masivo por usuario 11', '2026-01-23 00:36:35'),
(458, 627, 2, 11, 'ajuste', 1000, 'Ajuste masivo por usuario 11', '2026-01-23 00:36:35'),
(459, 647, 2, 11, 'ajuste', 1000, 'Ajuste masivo por usuario 11', '2026-01-23 00:36:35'),
(460, 628, 2, 11, 'ajuste', 1000, 'Ajuste masivo por usuario 11', '2026-01-23 00:36:35'),
(461, 648, 2, 11, 'ajuste', 1000, 'Ajuste masivo por usuario 11', '2026-01-23 00:36:35'),
(462, 630, 2, 11, 'ajuste', 1000, 'Ajuste masivo por usuario 11', '2026-01-23 00:36:35'),
(463, 650, 2, 11, 'ajuste', 1000, 'Ajuste masivo por usuario 11', '2026-01-23 00:36:35'),
(464, 631, 2, 11, 'ajuste', 1000, 'Ajuste masivo por usuario 11', '2026-01-23 00:36:35'),
(465, 651, 2, 11, 'ajuste', 1000, 'Ajuste masivo por usuario 11', '2026-01-23 00:36:35'),
(466, 652, 2, 11, 'ajuste', 5, 'Ajuste masivo por usuario 11', '2026-01-23 00:36:35'),
(467, 653, 2, 11, 'ajuste', 5, 'Ajuste masivo por usuario 11', '2026-01-23 00:36:35'),
(468, 654, 2, 11, 'ajuste', 5, 'Ajuste masivo por usuario 11', '2026-01-23 00:36:35'),
(469, 1045, 2, 11, 'ajuste', 5, 'Ajuste masivo por usuario 11', '2026-01-23 00:36:35'),
(470, 848, 2, 11, 'ajuste', 5, 'Ajuste masivo por usuario 11', '2026-01-23 00:36:35'),
(471, 847, 2, 11, 'ajuste', 5, 'Ajuste masivo por usuario 11', '2026-01-23 00:36:35'),
(472, 846, 2, 11, 'ajuste', 5, 'Ajuste masivo por usuario 11', '2026-01-23 00:36:35'),
(473, 853, 2, 11, 'ajuste', 5, 'Ajuste masivo por usuario 11', '2026-01-23 00:36:35'),
(474, 845, 2, 11, 'ajuste', 0, 'Ajuste masivo por usuario 11', '2026-01-23 00:37:40'),
(475, 852, 2, 11, 'ajuste', 0, 'Ajuste masivo por usuario 11', '2026-01-23 00:37:40'),
(476, 844, 2, 11, 'ajuste', 0, 'Ajuste masivo por usuario 11', '2026-01-23 00:37:40'),
(477, 851, 2, 11, 'ajuste', 0, 'Ajuste masivo por usuario 11', '2026-01-23 00:37:40'),
(478, 843, 2, 11, 'ajuste', 0, 'Ajuste masivo por usuario 11', '2026-01-23 00:37:40'),
(479, 850, 2, 11, 'ajuste', 0, 'Ajuste masivo por usuario 11', '2026-01-23 00:37:40'),
(480, 842, 2, 11, 'ajuste', 0, 'Ajuste masivo por usuario 11', '2026-01-23 00:37:40'),
(481, 849, 2, 11, 'ajuste', 0, 'Ajuste masivo por usuario 11', '2026-01-23 00:37:40'),
(482, 854, 2, 11, 'ajuste', 0, 'Ajuste masivo por usuario 11', '2026-01-23 00:37:40'),
(483, 1096, 2, 11, 'ajuste', 0, 'Ajuste masivo por usuario 11', '2026-01-23 00:37:40'),
(484, 1103, 2, 11, 'ajuste', 0, 'Ajuste masivo por usuario 11', '2026-01-23 00:37:40'),
(485, 1097, 2, 11, 'ajuste', 0, 'Ajuste masivo por usuario 11', '2026-01-23 00:37:40'),
(486, 1104, 2, 11, 'ajuste', 0, 'Ajuste masivo por usuario 11', '2026-01-23 00:37:40'),
(487, 1098, 2, 11, 'ajuste', 0, 'Ajuste masivo por usuario 11', '2026-01-23 00:37:40'),
(488, 1099, 2, 11, 'ajuste', 0, 'Ajuste masivo por usuario 11', '2026-01-23 00:37:40'),
(489, 1100, 2, 11, 'ajuste', 0, 'Ajuste masivo por usuario 11', '2026-01-23 00:37:40'),
(490, 1101, 2, 11, 'ajuste', 0, 'Ajuste masivo por usuario 11', '2026-01-23 00:37:40'),
(491, 1102, 2, 11, 'ajuste', 0, 'Ajuste masivo por usuario 11', '2026-01-23 00:37:40'),
(492, 867, 2, 11, 'ajuste', 0, 'Ajuste masivo por usuario 11', '2026-01-23 00:37:40'),
(493, 866, 2, 11, 'ajuste', 0, 'Ajuste masivo por usuario 11', '2026-01-23 00:37:40'),
(494, 993, 2, 11, 'ajuste', 0, 'Ajuste masivo por usuario 11', '2026-01-23 00:37:40'),
(495, 588, 2, 11, 'ajuste', 0, 'Ajuste masivo por usuario 11', '2026-01-23 00:37:40'),
(496, 590, 2, 11, 'ajuste', 0, 'Ajuste masivo por usuario 11', '2026-01-23 00:37:40'),
(497, 591, 2, 11, 'ajuste', 0, 'Ajuste masivo por usuario 11', '2026-01-23 00:37:40'),
(498, 592, 2, 11, 'ajuste', 0, 'Ajuste masivo por usuario 11', '2026-01-23 00:37:40'),
(499, 593, 2, 11, 'ajuste', 0, 'Ajuste masivo por usuario 11', '2026-01-23 00:37:40'),
(500, 589, 2, 11, 'ajuste', 0, 'Ajuste masivo por usuario 11', '2026-01-23 00:37:40'),
(501, 582, 2, 11, 'ajuste', 0, 'Ajuste masivo por usuario 11', '2026-01-23 00:37:40'),
(502, 583, 2, 11, 'ajuste', 0, 'Ajuste masivo por usuario 11', '2026-01-23 00:37:40'),
(503, 584, 2, 11, 'ajuste', 0, 'Ajuste masivo por usuario 11', '2026-01-23 00:37:40'),
(504, 567, 2, 11, 'ajuste', 0, 'Ajuste masivo por usuario 11', '2026-01-23 00:37:40'),
(505, 568, 2, 11, 'ajuste', 0, 'Ajuste masivo por usuario 11', '2026-01-23 00:37:40'),
(506, 570, 2, 11, 'ajuste', 0, 'Ajuste masivo por usuario 11', '2026-01-23 00:37:40'),
(507, 571, 2, 11, 'ajuste', 0, 'Ajuste masivo por usuario 11', '2026-01-23 00:37:40'),
(508, 572, 2, 11, 'ajuste', 0, 'Ajuste masivo por usuario 11', '2026-01-23 00:37:40'),
(509, 573, 2, 11, 'ajuste', 0, 'Ajuste masivo por usuario 11', '2026-01-23 00:37:40'),
(510, 569, 2, 11, 'ajuste', 0, 'Ajuste masivo por usuario 11', '2026-01-23 00:37:40'),
(511, 575, 2, 11, 'ajuste', 0, 'Ajuste masivo por usuario 11', '2026-01-23 00:37:40'),
(512, 576, 2, 11, 'ajuste', 0, 'Ajuste masivo por usuario 11', '2026-01-23 00:37:40'),
(513, 574, 2, 11, 'ajuste', 0, 'Ajuste masivo por usuario 11', '2026-01-23 00:37:40'),
(514, 577, 2, 11, 'ajuste', 0, 'Ajuste masivo por usuario 11', '2026-01-23 00:37:40'),
(515, 578, 2, 11, 'ajuste', 0, 'Ajuste masivo por usuario 11', '2026-01-23 00:37:40'),
(516, 580, 2, 11, 'ajuste', 0, 'Ajuste masivo por usuario 11', '2026-01-23 00:37:40'),
(517, 579, 2, 11, 'ajuste', 0, 'Ajuste masivo por usuario 11', '2026-01-23 00:37:40'),
(518, 561, 2, 11, 'ajuste', 0, 'Ajuste masivo por usuario 11', '2026-01-23 00:37:40'),
(519, 581, 2, 11, 'ajuste', 0, 'Ajuste masivo por usuario 11', '2026-01-23 00:37:40'),
(520, 562, 2, 11, 'ajuste', 0, 'Ajuste masivo por usuario 11', '2026-01-23 00:37:40'),
(521, 563, 2, 11, 'ajuste', 0, 'Ajuste masivo por usuario 11', '2026-01-23 00:37:40'),
(522, 564, 2, 11, 'ajuste', 0, 'Ajuste masivo por usuario 11', '2026-01-23 00:37:40'),
(523, 565, 2, 11, 'ajuste', 0, 'Ajuste masivo por usuario 11', '2026-01-23 00:37:40'),
(524, 1219, 2, 11, 'ajuste', 1000, 'Ajuste masivo por usuario 11', '2026-01-24 20:51:19'),
(525, 1082, 2, 11, 'ajuste', 1000, 'Ajuste masivo por usuario 11', '2026-01-24 20:51:19'),
(526, 1083, 2, 11, 'ajuste', 1000, 'Ajuste masivo por usuario 11', '2026-01-24 20:51:19'),
(527, 957, 2, 11, 'ajuste', 1000, 'Ajuste masivo por usuario 11', '2026-01-24 20:51:19'),
(528, 958, 2, 11, 'ajuste', 1000, 'Ajuste masivo por usuario 11', '2026-01-24 20:51:19'),
(529, 959, 2, 11, 'ajuste', 1000, 'Ajuste masivo por usuario 11', '2026-01-24 20:51:19'),
(530, 707, 2, 11, 'ajuste', 1000, 'Ajuste masivo por usuario 11', '2026-01-24 20:51:19'),
(531, 708, 2, 11, 'ajuste', 1000, 'Ajuste masivo por usuario 11', '2026-01-24 20:51:19'),
(532, 709, 2, 11, 'ajuste', 1000, 'Ajuste masivo por usuario 11', '2026-01-24 20:51:19'),
(533, 710, 2, 11, 'ajuste', 1000, 'Ajuste masivo por usuario 11', '2026-01-24 20:51:19'),
(534, 713, 2, 11, 'ajuste', 1000, 'Ajuste masivo por usuario 11', '2026-01-24 20:51:19'),
(535, 711, 2, 11, 'ajuste', 1000, 'Ajuste masivo por usuario 11', '2026-01-24 20:51:19'),
(536, 712, 2, 11, 'ajuste', 1000, 'Ajuste masivo por usuario 11', '2026-01-24 20:51:19'),
(537, 936, 2, 11, 'ajuste', 1000, 'Ajuste masivo por usuario 11', '2026-01-24 20:51:19'),
(538, 857, 2, 11, 'ajuste', 1000, 'Ajuste masivo por usuario 11', '2026-01-24 20:51:19'),
(539, 705, 2, 11, 'ajuste', 1000, 'Ajuste masivo por usuario 11', '2026-01-24 20:51:19'),
(540, 703, 2, 11, 'ajuste', 1000, 'Ajuste masivo por usuario 11', '2026-01-24 20:51:19'),
(541, 704, 2, 11, 'ajuste', 1000, 'Ajuste masivo por usuario 11', '2026-01-24 20:51:19'),
(542, 702, 2, 11, 'ajuste', 1000, 'Ajuste masivo por usuario 11', '2026-01-24 20:51:19'),
(543, 657, 2, 11, 'ajuste', 1000, 'Ajuste masivo por usuario 11', '2026-01-24 20:51:19'),
(544, 919, 2, 11, 'ajuste', 1000, 'Ajuste masivo por usuario 11', '2026-01-24 20:51:19'),
(545, 918, 2, 11, 'ajuste', 1000, 'Ajuste masivo por usuario 11', '2026-01-24 20:51:19'),
(546, 917, 2, 11, 'ajuste', 1000, 'Ajuste masivo por usuario 11', '2026-01-24 20:51:19'),
(547, 663, 2, 11, 'ajuste', 1000, 'Ajuste masivo por usuario 11', '2026-01-24 20:51:19'),
(548, 667, 2, 11, 'ajuste', 1000, 'Ajuste masivo por usuario 11', '2026-01-24 20:51:19'),
(549, 665, 2, 11, 'ajuste', 1000, 'Ajuste masivo por usuario 11', '2026-01-24 20:51:19'),
(550, 664, 2, 11, 'ajuste', 1000, 'Ajuste masivo por usuario 11', '2026-01-24 20:51:19'),
(551, 666, 2, 11, 'ajuste', 1000, 'Ajuste masivo por usuario 11', '2026-01-24 20:51:19'),
(552, 1108, 2, 11, 'ajuste', 1000, 'Ajuste masivo por usuario 11', '2026-01-24 20:51:19'),
(553, 1154, 2, 11, 'ajuste', 1000, 'Ajuste masivo por usuario 11', '2026-01-24 20:51:19'),
(554, 1153, 2, 11, 'ajuste', 1000, 'Ajuste masivo por usuario 11', '2026-01-24 20:51:19'),
(555, 1039, 2, 11, 'ajuste', 10001000, 'Ajuste masivo por usuario 11', '2026-01-24 20:51:19'),
(556, 1222, 2, 11, 'ajuste', 1000, 'Ajuste masivo por usuario 11', '2026-01-24 20:51:19'),
(557, 668, 2, 11, 'ajuste', 1000, 'Ajuste masivo por usuario 11', '2026-01-24 20:51:19'),
(558, 627, 2, 11, 'ajuste', 1000, 'Ajuste masivo por usuario 11', '2026-01-24 20:51:19'),
(559, 647, 2, 11, 'ajuste', 1000, 'Ajuste masivo por usuario 11', '2026-01-24 20:51:19'),
(560, 628, 2, 11, 'ajuste', 1000, 'Ajuste masivo por usuario 11', '2026-01-24 20:51:19'),
(561, 648, 2, 11, 'ajuste', 1000, 'Ajuste masivo por usuario 11', '2026-01-24 20:51:19'),
(562, 630, 2, 11, 'ajuste', 1000, 'Ajuste masivo por usuario 11', '2026-01-24 20:51:19'),
(563, 650, 2, 11, 'ajuste', 1000, 'Ajuste masivo por usuario 11', '2026-01-24 20:51:19'),
(564, 631, 2, 11, 'ajuste', 1000, 'Ajuste masivo por usuario 11', '2026-01-24 20:51:19'),
(565, 651, 2, 11, 'ajuste', 1000, 'Ajuste masivo por usuario 11', '2026-01-24 20:51:19'),
(566, 652, 2, 11, 'ajuste', 1000, 'Ajuste masivo por usuario 11', '2026-01-24 20:51:19'),
(567, 653, 2, 11, 'ajuste', 1000, 'Ajuste masivo por usuario 11', '2026-01-24 20:51:19'),
(568, 654, 2, 11, 'ajuste', 1000, 'Ajuste masivo por usuario 11', '2026-01-24 20:51:19'),
(569, 1045, 2, 11, 'ajuste', 1000, 'Ajuste masivo por usuario 11', '2026-01-24 20:51:19'),
(570, 848, 2, 11, 'ajuste', 1000, 'Ajuste masivo por usuario 11', '2026-01-24 20:51:19'),
(571, 847, 2, 11, 'ajuste', 1000, 'Ajuste masivo por usuario 11', '2026-01-24 20:51:19'),
(572, 846, 2, 11, 'ajuste', 1000, 'Ajuste masivo por usuario 11', '2026-01-24 20:51:19'),
(573, 853, 2, 11, 'ajuste', 1000, 'Ajuste masivo por usuario 11', '2026-01-24 20:51:19'),
(574, 1219, 2, 11, 'ajuste', 1000, 'Ajuste masivo por usuario 11', '2026-01-24 20:53:35'),
(575, 1082, 2, 11, 'ajuste', 1000, 'Ajuste masivo por usuario 11', '2026-01-24 20:53:35'),
(576, 1083, 2, 11, 'ajuste', 1000, 'Ajuste masivo por usuario 11', '2026-01-24 20:53:35'),
(577, 957, 2, 11, 'ajuste', 1000, 'Ajuste masivo por usuario 11', '2026-01-24 20:53:35'),
(578, 958, 2, 11, 'ajuste', 1000, 'Ajuste masivo por usuario 11', '2026-01-24 20:53:35'),
(579, 959, 2, 11, 'ajuste', 1000, 'Ajuste masivo por usuario 11', '2026-01-24 20:53:35'),
(580, 707, 2, 11, 'ajuste', 1000, 'Ajuste masivo por usuario 11', '2026-01-24 20:53:35'),
(581, 708, 2, 11, 'ajuste', 1000, 'Ajuste masivo por usuario 11', '2026-01-24 20:53:35'),
(582, 709, 2, 11, 'ajuste', 1000, 'Ajuste masivo por usuario 11', '2026-01-24 20:53:35'),
(583, 710, 2, 11, 'ajuste', 1000, 'Ajuste masivo por usuario 11', '2026-01-24 20:53:35'),
(584, 713, 2, 11, 'ajuste', 1000, 'Ajuste masivo por usuario 11', '2026-01-24 20:53:35'),
(585, 711, 2, 11, 'ajuste', 1000, 'Ajuste masivo por usuario 11', '2026-01-24 20:53:35'),
(586, 712, 2, 11, 'ajuste', 1000, 'Ajuste masivo por usuario 11', '2026-01-24 20:53:35'),
(587, 936, 2, 11, 'ajuste', 1000, 'Ajuste masivo por usuario 11', '2026-01-24 20:53:35'),
(588, 857, 2, 11, 'ajuste', 1000, 'Ajuste masivo por usuario 11', '2026-01-24 20:53:35'),
(589, 705, 2, 11, 'ajuste', 1000, 'Ajuste masivo por usuario 11', '2026-01-24 20:53:35'),
(590, 703, 2, 11, 'ajuste', 1000, 'Ajuste masivo por usuario 11', '2026-01-24 20:53:35'),
(591, 704, 2, 11, 'ajuste', 1000, 'Ajuste masivo por usuario 11', '2026-01-24 20:53:35'),
(592, 702, 2, 11, 'ajuste', 1000, 'Ajuste masivo por usuario 11', '2026-01-24 20:53:35'),
(593, 657, 2, 11, 'ajuste', 1000, 'Ajuste masivo por usuario 11', '2026-01-24 20:53:35'),
(594, 919, 2, 11, 'ajuste', 1000, 'Ajuste masivo por usuario 11', '2026-01-24 20:53:35'),
(595, 918, 2, 11, 'ajuste', 1000, 'Ajuste masivo por usuario 11', '2026-01-24 20:53:35'),
(596, 917, 2, 11, 'ajuste', 1000, 'Ajuste masivo por usuario 11', '2026-01-24 20:53:35'),
(597, 663, 2, 11, 'ajuste', 1000, 'Ajuste masivo por usuario 11', '2026-01-24 20:53:35'),
(598, 667, 2, 11, 'ajuste', 1000, 'Ajuste masivo por usuario 11', '2026-01-24 20:53:35'),
(599, 665, 2, 11, 'ajuste', 1000, 'Ajuste masivo por usuario 11', '2026-01-24 20:53:35'),
(600, 664, 2, 11, 'ajuste', 1000, 'Ajuste masivo por usuario 11', '2026-01-24 20:53:35'),
(601, 666, 2, 11, 'ajuste', 1000, 'Ajuste masivo por usuario 11', '2026-01-24 20:53:35');
INSERT INTO `inventory_movements` (`id`, `product_id`, `branch_id`, `user_id`, `type`, `quantity`, `note`, `created_at`) VALUES
(602, 1108, 2, 11, 'ajuste', 1000, 'Ajuste masivo por usuario 11', '2026-01-24 20:53:35'),
(603, 1154, 2, 11, 'ajuste', 1000, 'Ajuste masivo por usuario 11', '2026-01-24 20:53:35'),
(604, 1153, 2, 11, 'ajuste', 1000, 'Ajuste masivo por usuario 11', '2026-01-24 20:53:35'),
(605, 1039, 2, 11, 'ajuste', 1000, 'Ajuste masivo por usuario 11', '2026-01-24 20:53:35'),
(606, 1222, 2, 11, 'ajuste', 1000, 'Ajuste masivo por usuario 11', '2026-01-24 20:53:35'),
(607, 668, 2, 11, 'ajuste', 1000, 'Ajuste masivo por usuario 11', '2026-01-24 20:53:35'),
(608, 627, 2, 11, 'ajuste', 1000, 'Ajuste masivo por usuario 11', '2026-01-24 20:53:35'),
(609, 647, 2, 11, 'ajuste', 1000, 'Ajuste masivo por usuario 11', '2026-01-24 20:53:35'),
(610, 628, 2, 11, 'ajuste', 1000, 'Ajuste masivo por usuario 11', '2026-01-24 20:53:35'),
(611, 648, 2, 11, 'ajuste', 1000, 'Ajuste masivo por usuario 11', '2026-01-24 20:53:35'),
(612, 630, 2, 11, 'ajuste', 1000, 'Ajuste masivo por usuario 11', '2026-01-24 20:53:35'),
(613, 650, 2, 11, 'ajuste', 1000, 'Ajuste masivo por usuario 11', '2026-01-24 20:53:35'),
(614, 631, 2, 11, 'ajuste', 1000, 'Ajuste masivo por usuario 11', '2026-01-24 20:53:35'),
(615, 651, 2, 11, 'ajuste', 1000, 'Ajuste masivo por usuario 11', '2026-01-24 20:53:35'),
(616, 652, 2, 11, 'ajuste', 1000, 'Ajuste masivo por usuario 11', '2026-01-24 20:53:35'),
(617, 653, 2, 11, 'ajuste', 1000, 'Ajuste masivo por usuario 11', '2026-01-24 20:53:35'),
(618, 654, 2, 11, 'ajuste', 1000, 'Ajuste masivo por usuario 11', '2026-01-24 20:53:35'),
(619, 1045, 2, 11, 'ajuste', 1000, 'Ajuste masivo por usuario 11', '2026-01-24 20:53:35'),
(620, 848, 2, 11, 'ajuste', 1000, 'Ajuste masivo por usuario 11', '2026-01-24 20:53:35'),
(621, 847, 2, 11, 'ajuste', 1000, 'Ajuste masivo por usuario 11', '2026-01-24 20:53:35'),
(622, 846, 2, 11, 'ajuste', 1000, 'Ajuste masivo por usuario 11', '2026-01-24 20:53:35'),
(623, 853, 2, 11, 'ajuste', 1000, 'Ajuste masivo por usuario 11', '2026-01-24 20:53:35'),
(624, 1172, 2, 11, 'ajuste', 1000, 'Ajuste masivo por usuario 11', '2026-01-24 20:55:25'),
(625, 1056, 2, 11, 'ajuste', 1000, 'Ajuste masivo por usuario 11', '2026-01-24 20:55:25'),
(626, 1055, 2, 11, 'ajuste', 1000, 'Ajuste masivo por usuario 11', '2026-01-24 20:55:25'),
(627, 837, 2, 11, 'ajuste', 1000, 'Ajuste masivo por usuario 11', '2026-01-24 20:55:25'),
(628, 836, 2, 11, 'ajuste', 1000, 'Ajuste masivo por usuario 11', '2026-01-24 20:55:25'),
(629, 835, 2, 11, 'ajuste', 1000, 'Ajuste masivo por usuario 11', '2026-01-24 20:55:25'),
(630, 834, 2, 11, 'ajuste', 1000, 'Ajuste masivo por usuario 11', '2026-01-24 20:55:25'),
(631, 833, 2, 11, 'ajuste', 1000, 'Ajuste masivo por usuario 11', '2026-01-24 20:55:25'),
(632, 832, 2, 11, 'ajuste', 1000, 'Ajuste masivo por usuario 11', '2026-01-24 20:55:25'),
(633, 1123, 2, 11, 'ajuste', 1000, 'Ajuste masivo por usuario 11', '2026-01-24 20:55:26'),
(634, 1122, 2, 11, 'ajuste', 1000, 'Ajuste masivo por usuario 11', '2026-01-24 20:55:26'),
(635, 1121, 2, 11, 'ajuste', 1000, 'Ajuste masivo por usuario 11', '2026-01-24 20:55:26'),
(636, 893, 2, 11, 'ajuste', 1000, 'Ajuste masivo por usuario 11', '2026-01-24 20:55:26'),
(637, 894, 2, 11, 'ajuste', 1000, 'Ajuste masivo por usuario 11', '2026-01-24 20:55:26'),
(638, 873, 2, 11, 'ajuste', 1000, 'Ajuste masivo por usuario 11', '2026-01-24 20:55:26'),
(639, 878, 2, 11, 'ajuste', 1000, 'Ajuste masivo por usuario 11', '2026-01-24 20:55:26'),
(640, 874, 2, 11, 'ajuste', 1000, 'Ajuste masivo por usuario 11', '2026-01-24 20:55:26'),
(641, 879, 2, 11, 'ajuste', 1000, 'Ajuste masivo por usuario 11', '2026-01-24 20:55:26'),
(642, 875, 2, 11, 'ajuste', 1000, 'Ajuste masivo por usuario 11', '2026-01-24 20:55:26'),
(643, 880, 2, 11, 'ajuste', 1000, 'Ajuste masivo por usuario 11', '2026-01-24 20:55:26'),
(644, 876, 2, 11, 'ajuste', 1000, 'Ajuste masivo por usuario 11', '2026-01-24 20:55:26'),
(645, 881, 2, 11, 'ajuste', 1000, 'Ajuste masivo por usuario 11', '2026-01-24 20:55:26'),
(646, 877, 2, 11, 'ajuste', 1000, 'Ajuste masivo por usuario 11', '2026-01-24 20:55:26'),
(647, 882, 2, 11, 'ajuste', 1000, 'Ajuste masivo por usuario 11', '2026-01-24 20:55:26'),
(648, 1224, 2, 11, 'ajuste', 1000, 'Ajuste masivo por usuario 11', '2026-01-24 20:55:26'),
(649, 1075, 2, 11, 'ajuste', 1000, 'Ajuste masivo por usuario 11', '2026-01-24 20:55:26'),
(650, 1076, 2, 11, 'ajuste', 1000, 'Ajuste masivo por usuario 11', '2026-01-24 20:55:26'),
(651, 1077, 2, 11, 'ajuste', 1000, 'Ajuste masivo por usuario 11', '2026-01-24 20:55:26'),
(652, 1078, 2, 11, 'ajuste', 1000, 'Ajuste masivo por usuario 11', '2026-01-24 20:55:26'),
(653, 1084, 2, 11, 'ajuste', 1000, 'Ajuste masivo por usuario 11', '2026-01-24 20:55:26'),
(654, 1085, 2, 11, 'ajuste', 1000, 'Ajuste masivo por usuario 11', '2026-01-24 20:55:26'),
(655, 1086, 2, 11, 'ajuste', 1000, 'Ajuste masivo por usuario 11', '2026-01-24 20:55:26'),
(656, 1087, 2, 11, 'ajuste', 1000, 'Ajuste masivo por usuario 11', '2026-01-24 20:55:26'),
(657, 1042, 2, 11, 'ajuste', 1000, 'Ajuste masivo por usuario 11', '2026-01-24 20:55:26'),
(658, 1043, 2, 11, 'ajuste', 1000, 'Ajuste masivo por usuario 11', '2026-01-24 20:55:26'),
(659, 1218, 2, 11, 'ajuste', 1000, 'Ajuste masivo por usuario 11', '2026-01-24 20:55:26'),
(660, 868, 2, 11, 'ajuste', 1000, 'Ajuste masivo por usuario 11', '2026-01-24 20:55:26'),
(661, 905, 2, 11, 'ajuste', 1000, 'Ajuste masivo por usuario 11', '2026-01-24 20:55:26'),
(662, 1018, 2, 11, 'ajuste', 1000, 'Ajuste masivo por usuario 11', '2026-01-24 20:55:26'),
(663, 961, 2, 11, 'ajuste', 1000, 'Ajuste masivo por usuario 11', '2026-01-24 20:55:26'),
(664, 1021, 2, 11, 'ajuste', 1000, 'Ajuste masivo por usuario 11', '2026-01-24 20:55:26'),
(665, 1006, 2, 11, 'ajuste', 1000, 'Ajuste masivo por usuario 11', '2026-01-24 20:55:26'),
(666, 1005, 2, 11, 'ajuste', 1000, 'Ajuste masivo por usuario 11', '2026-01-24 20:55:26'),
(667, 1028, 2, 11, 'ajuste', 1000, 'Ajuste masivo por usuario 11', '2026-01-24 20:55:26'),
(668, 1025, 2, 11, 'ajuste', 1000, 'Ajuste masivo por usuario 11', '2026-01-24 20:55:26'),
(669, 1026, 2, 11, 'ajuste', 1000, 'Ajuste masivo por usuario 11', '2026-01-24 20:55:26'),
(670, 1027, 2, 11, 'ajuste', 1000, 'Ajuste masivo por usuario 11', '2026-01-24 20:55:26'),
(671, 946, 2, 11, 'ajuste', 1000, 'Ajuste masivo por usuario 11', '2026-01-24 20:55:26'),
(672, 1019, 2, 11, 'ajuste', 1000, 'Ajuste masivo por usuario 11', '2026-01-24 20:55:26'),
(673, 1050, 2, 11, 'ajuste', 1000, 'Ajuste masivo por usuario 11', '2026-01-24 20:55:26'),
(674, 1219, 2, 11, 'ajuste', 1000, 'Ajuste masivo por usuario 11', '2026-01-24 20:55:29'),
(675, 1082, 2, 11, 'ajuste', 1000, 'Ajuste masivo por usuario 11', '2026-01-24 20:55:29'),
(676, 1083, 2, 11, 'ajuste', 1000, 'Ajuste masivo por usuario 11', '2026-01-24 20:55:29'),
(677, 957, 2, 11, 'ajuste', 1000, 'Ajuste masivo por usuario 11', '2026-01-24 20:55:29'),
(678, 958, 2, 11, 'ajuste', 1000, 'Ajuste masivo por usuario 11', '2026-01-24 20:55:29'),
(679, 959, 2, 11, 'ajuste', 1000, 'Ajuste masivo por usuario 11', '2026-01-24 20:55:29'),
(680, 707, 2, 11, 'ajuste', 1000, 'Ajuste masivo por usuario 11', '2026-01-24 20:55:29'),
(681, 708, 2, 11, 'ajuste', 1000, 'Ajuste masivo por usuario 11', '2026-01-24 20:55:29'),
(682, 709, 2, 11, 'ajuste', 1000, 'Ajuste masivo por usuario 11', '2026-01-24 20:55:29'),
(683, 710, 2, 11, 'ajuste', 1000, 'Ajuste masivo por usuario 11', '2026-01-24 20:55:29'),
(684, 713, 2, 11, 'ajuste', 1000, 'Ajuste masivo por usuario 11', '2026-01-24 20:55:29'),
(685, 711, 2, 11, 'ajuste', 1000, 'Ajuste masivo por usuario 11', '2026-01-24 20:55:29'),
(686, 712, 2, 11, 'ajuste', 1000, 'Ajuste masivo por usuario 11', '2026-01-24 20:55:29'),
(687, 936, 2, 11, 'ajuste', 1000, 'Ajuste masivo por usuario 11', '2026-01-24 20:55:29'),
(688, 857, 2, 11, 'ajuste', 1000, 'Ajuste masivo por usuario 11', '2026-01-24 20:55:29'),
(689, 705, 2, 11, 'ajuste', 1000, 'Ajuste masivo por usuario 11', '2026-01-24 20:55:29'),
(690, 703, 2, 11, 'ajuste', 1000, 'Ajuste masivo por usuario 11', '2026-01-24 20:55:29'),
(691, 704, 2, 11, 'ajuste', 1000, 'Ajuste masivo por usuario 11', '2026-01-24 20:55:29'),
(692, 702, 2, 11, 'ajuste', 1000, 'Ajuste masivo por usuario 11', '2026-01-24 20:55:29'),
(693, 657, 2, 11, 'ajuste', 1000, 'Ajuste masivo por usuario 11', '2026-01-24 20:55:29'),
(694, 919, 2, 11, 'ajuste', 1000, 'Ajuste masivo por usuario 11', '2026-01-24 20:55:29'),
(695, 918, 2, 11, 'ajuste', 1000, 'Ajuste masivo por usuario 11', '2026-01-24 20:55:29'),
(696, 917, 2, 11, 'ajuste', 1000, 'Ajuste masivo por usuario 11', '2026-01-24 20:55:29'),
(697, 663, 2, 11, 'ajuste', 1000, 'Ajuste masivo por usuario 11', '2026-01-24 20:55:29'),
(698, 667, 2, 11, 'ajuste', 1000, 'Ajuste masivo por usuario 11', '2026-01-24 20:55:29'),
(699, 665, 2, 11, 'ajuste', 1000, 'Ajuste masivo por usuario 11', '2026-01-24 20:55:29'),
(700, 664, 2, 11, 'ajuste', 1000, 'Ajuste masivo por usuario 11', '2026-01-24 20:55:29'),
(701, 666, 2, 11, 'ajuste', 1000, 'Ajuste masivo por usuario 11', '2026-01-24 20:55:29'),
(702, 1108, 2, 11, 'ajuste', 1000, 'Ajuste masivo por usuario 11', '2026-01-24 20:55:29'),
(703, 1154, 2, 11, 'ajuste', 1000, 'Ajuste masivo por usuario 11', '2026-01-24 20:55:29'),
(704, 1153, 2, 11, 'ajuste', 1000, 'Ajuste masivo por usuario 11', '2026-01-24 20:55:29'),
(705, 1039, 2, 11, 'ajuste', 1000, 'Ajuste masivo por usuario 11', '2026-01-24 20:55:29'),
(706, 1222, 2, 11, 'ajuste', 1000, 'Ajuste masivo por usuario 11', '2026-01-24 20:55:29'),
(707, 668, 2, 11, 'ajuste', 1000, 'Ajuste masivo por usuario 11', '2026-01-24 20:55:29'),
(708, 627, 2, 11, 'ajuste', 1000, 'Ajuste masivo por usuario 11', '2026-01-24 20:55:29'),
(709, 647, 2, 11, 'ajuste', 1000, 'Ajuste masivo por usuario 11', '2026-01-24 20:55:29'),
(710, 628, 2, 11, 'ajuste', 1000, 'Ajuste masivo por usuario 11', '2026-01-24 20:55:29'),
(711, 648, 2, 11, 'ajuste', 1000, 'Ajuste masivo por usuario 11', '2026-01-24 20:55:29'),
(712, 630, 2, 11, 'ajuste', 1000, 'Ajuste masivo por usuario 11', '2026-01-24 20:55:29'),
(713, 650, 2, 11, 'ajuste', 1000, 'Ajuste masivo por usuario 11', '2026-01-24 20:55:29'),
(714, 631, 2, 11, 'ajuste', 1000, 'Ajuste masivo por usuario 11', '2026-01-24 20:55:29'),
(715, 651, 2, 11, 'ajuste', 1000, 'Ajuste masivo por usuario 11', '2026-01-24 20:55:29'),
(716, 652, 2, 11, 'ajuste', 1000, 'Ajuste masivo por usuario 11', '2026-01-24 20:55:29'),
(717, 653, 2, 11, 'ajuste', 1000, 'Ajuste masivo por usuario 11', '2026-01-24 20:55:29'),
(718, 654, 2, 11, 'ajuste', 1000, 'Ajuste masivo por usuario 11', '2026-01-24 20:55:29'),
(719, 1045, 2, 11, 'ajuste', 1000, 'Ajuste masivo por usuario 11', '2026-01-24 20:55:29'),
(720, 848, 2, 11, 'ajuste', 1000, 'Ajuste masivo por usuario 11', '2026-01-24 20:55:29'),
(721, 847, 2, 11, 'ajuste', 1000, 'Ajuste masivo por usuario 11', '2026-01-24 20:55:29'),
(722, 846, 2, 11, 'ajuste', 1000, 'Ajuste masivo por usuario 11', '2026-01-24 20:55:29'),
(723, 853, 2, 11, 'ajuste', 1000, 'Ajuste masivo por usuario 11', '2026-01-24 20:55:29'),
(724, 845, 2, 11, 'ajuste', 1000, 'Ajuste masivo por usuario 11', '2026-01-24 20:58:15'),
(725, 852, 2, 11, 'ajuste', 1000, 'Ajuste masivo por usuario 11', '2026-01-24 20:58:15'),
(726, 844, 2, 11, 'ajuste', 1000, 'Ajuste masivo por usuario 11', '2026-01-24 20:58:15'),
(727, 851, 2, 11, 'ajuste', 1000, 'Ajuste masivo por usuario 11', '2026-01-24 20:58:15'),
(728, 843, 2, 11, 'ajuste', 1000, 'Ajuste masivo por usuario 11', '2026-01-24 20:58:15'),
(729, 850, 2, 11, 'ajuste', 1000, 'Ajuste masivo por usuario 11', '2026-01-24 20:58:15'),
(730, 842, 2, 11, 'ajuste', 1000, 'Ajuste masivo por usuario 11', '2026-01-24 20:58:15'),
(731, 849, 2, 11, 'ajuste', 1000, 'Ajuste masivo por usuario 11', '2026-01-24 20:58:15'),
(732, 854, 2, 11, 'ajuste', 1000, 'Ajuste masivo por usuario 11', '2026-01-24 20:58:15'),
(733, 1096, 2, 11, 'ajuste', 1000, 'Ajuste masivo por usuario 11', '2026-01-24 20:58:15'),
(734, 1103, 2, 11, 'ajuste', 1000, 'Ajuste masivo por usuario 11', '2026-01-24 20:58:15'),
(735, 1097, 2, 11, 'ajuste', 1000, 'Ajuste masivo por usuario 11', '2026-01-24 20:58:15'),
(736, 1104, 2, 11, 'ajuste', 1000, 'Ajuste masivo por usuario 11', '2026-01-24 20:58:15'),
(737, 1098, 2, 11, 'ajuste', 1000, 'Ajuste masivo por usuario 11', '2026-01-24 20:58:15'),
(738, 1099, 2, 11, 'ajuste', 1000, 'Ajuste masivo por usuario 11', '2026-01-24 20:58:15'),
(739, 1100, 2, 11, 'ajuste', 1000, 'Ajuste masivo por usuario 11', '2026-01-24 20:58:15'),
(740, 1101, 2, 11, 'ajuste', 1000, 'Ajuste masivo por usuario 11', '2026-01-24 20:58:15'),
(741, 1102, 2, 11, 'ajuste', 1000, 'Ajuste masivo por usuario 11', '2026-01-24 20:58:15'),
(742, 867, 2, 11, 'ajuste', 1000, 'Ajuste masivo por usuario 11', '2026-01-24 20:58:15'),
(743, 866, 2, 11, 'ajuste', 1000, 'Ajuste masivo por usuario 11', '2026-01-24 20:58:15'),
(744, 993, 2, 11, 'ajuste', 1000, 'Ajuste masivo por usuario 11', '2026-01-24 20:58:15'),
(745, 588, 2, 11, 'ajuste', 1000, 'Ajuste masivo por usuario 11', '2026-01-24 20:58:15'),
(746, 590, 2, 11, 'ajuste', 1000, 'Ajuste masivo por usuario 11', '2026-01-24 20:58:15'),
(747, 591, 2, 11, 'ajuste', 1000, 'Ajuste masivo por usuario 11', '2026-01-24 20:58:15'),
(748, 592, 2, 11, 'ajuste', 1000, 'Ajuste masivo por usuario 11', '2026-01-24 20:58:15'),
(749, 593, 2, 11, 'ajuste', 1000, 'Ajuste masivo por usuario 11', '2026-01-24 20:58:15'),
(750, 589, 2, 11, 'ajuste', 1000, 'Ajuste masivo por usuario 11', '2026-01-24 20:58:15'),
(751, 582, 2, 11, 'ajuste', 1000, 'Ajuste masivo por usuario 11', '2026-01-24 20:58:15'),
(752, 583, 2, 11, 'ajuste', 1000, 'Ajuste masivo por usuario 11', '2026-01-24 20:58:15'),
(753, 584, 2, 11, 'ajuste', 1000, 'Ajuste masivo por usuario 11', '2026-01-24 20:58:15'),
(754, 567, 2, 11, 'ajuste', 1000, 'Ajuste masivo por usuario 11', '2026-01-24 20:58:15'),
(755, 568, 2, 11, 'ajuste', 1000, 'Ajuste masivo por usuario 11', '2026-01-24 20:58:15'),
(756, 570, 2, 11, 'ajuste', 1000, 'Ajuste masivo por usuario 11', '2026-01-24 20:58:15'),
(757, 571, 2, 11, 'ajuste', 1000, 'Ajuste masivo por usuario 11', '2026-01-24 20:58:15'),
(758, 572, 2, 11, 'ajuste', 1000, 'Ajuste masivo por usuario 11', '2026-01-24 20:58:15'),
(759, 573, 2, 11, 'ajuste', 1000, 'Ajuste masivo por usuario 11', '2026-01-24 20:58:15'),
(760, 569, 2, 11, 'ajuste', 1000, 'Ajuste masivo por usuario 11', '2026-01-24 20:58:15'),
(761, 575, 2, 11, 'ajuste', 1000, 'Ajuste masivo por usuario 11', '2026-01-24 20:58:15'),
(762, 576, 2, 11, 'ajuste', 1000, 'Ajuste masivo por usuario 11', '2026-01-24 20:58:15'),
(763, 574, 2, 11, 'ajuste', 1000, 'Ajuste masivo por usuario 11', '2026-01-24 20:58:15'),
(764, 577, 2, 11, 'ajuste', 1000, 'Ajuste masivo por usuario 11', '2026-01-24 20:58:15'),
(765, 578, 2, 11, 'ajuste', 1000, 'Ajuste masivo por usuario 11', '2026-01-24 20:58:15'),
(766, 580, 2, 11, 'ajuste', 1000, 'Ajuste masivo por usuario 11', '2026-01-24 20:58:15'),
(767, 579, 2, 11, 'ajuste', 1000, 'Ajuste masivo por usuario 11', '2026-01-24 20:58:15'),
(768, 561, 2, 11, 'ajuste', 1000, 'Ajuste masivo por usuario 11', '2026-01-24 20:58:15'),
(769, 581, 2, 11, 'ajuste', 1000, 'Ajuste masivo por usuario 11', '2026-01-24 20:58:15'),
(770, 562, 2, 11, 'ajuste', 1000, 'Ajuste masivo por usuario 11', '2026-01-24 20:58:15'),
(771, 563, 2, 11, 'ajuste', 1000, 'Ajuste masivo por usuario 11', '2026-01-24 20:58:15'),
(772, 564, 2, 11, 'ajuste', 1000, 'Ajuste masivo por usuario 11', '2026-01-24 20:58:15'),
(773, 565, 2, 11, 'ajuste', 1000, 'Ajuste masivo por usuario 11', '2026-01-24 20:58:15'),
(774, 566, 2, 11, 'ajuste', 1000, 'Ajuste masivo por usuario 11', '2026-01-24 20:59:00'),
(775, 990, 2, 11, 'ajuste', 1000, 'Ajuste masivo por usuario 11', '2026-01-24 20:59:01'),
(776, 991, 2, 11, 'ajuste', 1000, 'Ajuste masivo por usuario 11', '2026-01-24 20:59:01'),
(777, 985, 2, 11, 'ajuste', 1000, 'Ajuste masivo por usuario 11', '2026-01-24 20:59:01'),
(778, 986, 2, 11, 'ajuste', 1000, 'Ajuste masivo por usuario 11', '2026-01-24 20:59:01'),
(779, 987, 2, 11, 'ajuste', 1000, 'Ajuste masivo por usuario 11', '2026-01-24 20:59:01'),
(780, 988, 2, 11, 'ajuste', 1000, 'Ajuste masivo por usuario 11', '2026-01-24 20:59:01'),
(781, 989, 2, 11, 'ajuste', 1000, 'Ajuste masivo por usuario 11', '2026-01-24 20:59:01'),
(782, 1220, 2, 11, 'ajuste', 1000, 'Ajuste masivo por usuario 11', '2026-01-24 20:59:01'),
(783, 992, 2, 11, 'ajuste', 1000, 'Ajuste masivo por usuario 11', '2026-01-24 20:59:01'),
(784, 585, 2, 11, 'ajuste', 1000, 'Ajuste masivo por usuario 11', '2026-01-24 20:59:01'),
(785, 587, 2, 11, 'ajuste', 1000, 'Ajuste masivo por usuario 11', '2026-01-24 20:59:01'),
(786, 586, 2, 11, 'ajuste', 1000, 'Ajuste masivo por usuario 11', '2026-01-24 20:59:01'),
(787, 994, 2, 11, 'ajuste', 1000, 'Ajuste masivo por usuario 11', '2026-01-24 20:59:01'),
(788, 995, 2, 11, 'ajuste', 1000, 'Ajuste masivo por usuario 11', '2026-01-24 20:59:01'),
(789, 996, 2, 11, 'ajuste', 1000, 'Ajuste masivo por usuario 11', '2026-01-24 20:59:01'),
(790, 997, 2, 11, 'ajuste', 1000, 'Ajuste masivo por usuario 11', '2026-01-24 20:59:01'),
(791, 982, 2, 11, 'ajuste', 1000, 'Ajuste masivo por usuario 11', '2026-01-24 20:59:01'),
(792, 983, 2, 11, 'ajuste', 1000, 'Ajuste masivo por usuario 11', '2026-01-24 20:59:01'),
(793, 984, 2, 11, 'ajuste', 1000, 'Ajuste masivo por usuario 11', '2026-01-24 20:59:01'),
(794, 971, 2, 11, 'ajuste', 1000, 'Ajuste masivo por usuario 11', '2026-01-24 20:59:01'),
(795, 974, 2, 11, 'ajuste', 1000, 'Ajuste masivo por usuario 11', '2026-01-24 20:59:01'),
(796, 972, 2, 11, 'ajuste', 1000, 'Ajuste masivo por usuario 11', '2026-01-24 20:59:01'),
(797, 973, 2, 11, 'ajuste', 1000, 'Ajuste masivo por usuario 11', '2026-01-24 20:59:01'),
(798, 975, 2, 11, 'ajuste', 1000, 'Ajuste masivo por usuario 11', '2026-01-24 20:59:01'),
(799, 976, 2, 11, 'ajuste', 1000, 'Ajuste masivo por usuario 11', '2026-01-24 20:59:01'),
(800, 978, 2, 11, 'ajuste', 1000, 'Ajuste masivo por usuario 11', '2026-01-24 20:59:01'),
(801, 977, 2, 11, 'ajuste', 1000, 'Ajuste masivo por usuario 11', '2026-01-24 20:59:01'),
(802, 979, 2, 11, 'ajuste', 1000, 'Ajuste masivo por usuario 11', '2026-01-24 20:59:01'),
(803, 980, 2, 11, 'ajuste', 1000, 'Ajuste masivo por usuario 11', '2026-01-24 20:59:01'),
(804, 981, 2, 11, 'ajuste', 1000, 'Ajuste masivo por usuario 11', '2026-01-24 20:59:01'),
(805, 1110, 2, 11, 'ajuste', 1000, 'Ajuste masivo por usuario 11', '2026-01-24 20:59:01'),
(806, 1120, 2, 11, 'ajuste', 1000, 'Ajuste masivo por usuario 11', '2026-01-24 20:59:01'),
(807, 1118, 2, 11, 'ajuste', 1000, 'Ajuste masivo por usuario 11', '2026-01-24 20:59:01'),
(808, 1225, 2, 11, 'ajuste', 1000, 'Ajuste masivo por usuario 11', '2026-01-24 20:59:01'),
(809, 1152, 2, 11, 'ajuste', 1000, 'Ajuste masivo por usuario 11', '2026-01-24 20:59:01'),
(810, 1151, 2, 11, 'ajuste', 1000, 'Ajuste masivo por usuario 11', '2026-01-24 20:59:01'),
(811, 1119, 2, 11, 'ajuste', 1000, 'Ajuste masivo por usuario 11', '2026-01-24 20:59:01'),
(812, 1029, 2, 11, 'ajuste', 1000, 'Ajuste masivo por usuario 11', '2026-01-24 20:59:01'),
(813, 1221, 2, 11, 'ajuste', 1000, 'Ajuste masivo por usuario 11', '2026-01-24 20:59:01'),
(814, 885, 2, 11, 'ajuste', 1000, 'Ajuste masivo por usuario 11', '2026-01-24 20:59:01'),
(815, 884, 2, 11, 'ajuste', 1000, 'Ajuste masivo por usuario 11', '2026-01-24 20:59:01'),
(816, 1067, 2, 11, 'ajuste', 1000, 'Ajuste masivo por usuario 11', '2026-01-24 20:59:01'),
(817, 1109, 2, 11, 'ajuste', 1000, 'Ajuste masivo por usuario 11', '2026-01-24 20:59:01'),
(818, 656, 2, 11, 'ajuste', 1000, 'Ajuste masivo por usuario 11', '2026-01-24 20:59:01'),
(819, 886, 2, 11, 'ajuste', 1000, 'Ajuste masivo por usuario 11', '2026-01-24 20:59:01'),
(820, 838, 2, 11, 'ajuste', 1000, 'Ajuste masivo por usuario 11', '2026-01-24 20:59:01'),
(821, 839, 2, 11, 'ajuste', 1000, 'Ajuste masivo por usuario 11', '2026-01-24 20:59:01'),
(822, 840, 2, 11, 'ajuste', 1000, 'Ajuste masivo por usuario 11', '2026-01-24 20:59:01'),
(823, 1173, 2, 11, 'ajuste', 1000, 'Ajuste masivo por usuario 11', '2026-01-24 20:59:01'),
(824, 767, 2, 11, 'ajuste', 1000, 'Ajuste masivo por usuario 11', '2026-01-24 21:00:16'),
(825, 769, 2, 11, 'ajuste', 1000, 'Ajuste masivo por usuario 11', '2026-01-24 21:00:16'),
(826, 751, 2, 11, 'ajuste', 1000, 'Ajuste masivo por usuario 11', '2026-01-24 21:00:16'),
(827, 765, 2, 11, 'ajuste', 1000, 'Ajuste masivo por usuario 11', '2026-01-24 21:00:16'),
(828, 768, 2, 11, 'ajuste', 1000, 'Ajuste masivo por usuario 11', '2026-01-24 21:00:16'),
(829, 750, 2, 11, 'ajuste', 1000, 'Ajuste masivo por usuario 11', '2026-01-24 21:00:16'),
(830, 747, 2, 11, 'ajuste', 1000, 'Ajuste masivo por usuario 11', '2026-01-24 21:00:16'),
(831, 746, 2, 11, 'ajuste', 1000, 'Ajuste masivo por usuario 11', '2026-01-24 21:00:16'),
(832, 764, 2, 11, 'ajuste', 1000, 'Ajuste masivo por usuario 11', '2026-01-24 21:00:16'),
(833, 1070, 2, 11, 'ajuste', 1000, 'Ajuste masivo por usuario 11', '2026-01-24 21:00:16'),
(834, 955, 2, 11, 'ajuste', 1000, 'Ajuste masivo por usuario 11', '2026-01-24 21:00:16'),
(835, 864, 2, 11, 'ajuste', 1000, 'Ajuste masivo por usuario 11', '2026-01-24 21:00:16'),
(836, 863, 2, 11, 'ajuste', 1000, 'Ajuste masivo por usuario 11', '2026-01-24 21:00:16'),
(837, 945, 2, 11, 'ajuste', 1000, 'Ajuste masivo por usuario 11', '2026-01-24 21:00:16'),
(838, 892, 2, 11, 'ajuste', 1000, 'Ajuste masivo por usuario 11', '2026-01-24 21:00:16'),
(839, 943, 2, 11, 'ajuste', 1000, 'Ajuste masivo por usuario 11', '2026-01-24 21:00:16'),
(840, 1088, 2, 11, 'ajuste', 1000, 'Ajuste masivo por usuario 11', '2026-01-24 21:00:16'),
(841, 626, 2, 11, 'ajuste', 1000, 'Ajuste masivo por usuario 11', '2026-01-24 21:00:16'),
(842, 646, 2, 11, 'ajuste', 1000, 'Ajuste masivo por usuario 11', '2026-01-24 21:00:16'),
(843, 1002, 2, 11, 'ajuste', 1000, 'Ajuste masivo por usuario 11', '2026-01-24 21:00:16'),
(844, 1014, 2, 11, 'ajuste', 1000, 'Ajuste masivo por usuario 11', '2026-01-24 21:00:16'),
(845, 954, 2, 11, 'ajuste', 1000, 'Ajuste masivo por usuario 11', '2026-01-24 21:00:16'),
(846, 872, 2, 11, 'ajuste', 1000, 'Ajuste masivo por usuario 11', '2026-01-24 21:00:16'),
(847, 1047, 2, 11, 'ajuste', 1000, 'Ajuste masivo por usuario 11', '2026-01-24 21:00:16'),
(848, 871, 2, 11, 'ajuste', 1000, 'Ajuste masivo por usuario 11', '2026-01-24 21:00:16'),
(849, 1035, 2, 11, 'ajuste', 1000, 'Ajuste masivo por usuario 11', '2026-01-24 21:00:16'),
(850, 902, 2, 11, 'ajuste', 1000, 'Ajuste masivo por usuario 11', '2026-01-24 21:00:16'),
(851, 903, 2, 11, 'ajuste', 1000, 'Ajuste masivo por usuario 11', '2026-01-24 21:00:16'),
(852, 904, 2, 11, 'ajuste', 1000, 'Ajuste masivo por usuario 11', '2026-01-24 21:00:16'),
(853, 923, 2, 11, 'ajuste', 1000, 'Ajuste masivo por usuario 11', '2026-01-24 21:00:16'),
(854, 925, 2, 11, 'ajuste', 1000, 'Ajuste masivo por usuario 11', '2026-01-24 21:00:16'),
(855, 924, 2, 11, 'ajuste', 1000, 'Ajuste masivo por usuario 11', '2026-01-24 21:00:16'),
(856, 920, 2, 11, 'ajuste', 1000, 'Ajuste masivo por usuario 11', '2026-01-24 21:00:16'),
(857, 928, 2, 11, 'ajuste', 1000, 'Ajuste masivo por usuario 11', '2026-01-24 21:00:16'),
(858, 927, 2, 11, 'ajuste', 1000, 'Ajuste masivo por usuario 11', '2026-01-24 21:00:16'),
(859, 922, 2, 11, 'ajuste', 1000, 'Ajuste masivo por usuario 11', '2026-01-24 21:00:16'),
(860, 929, 2, 11, 'ajuste', 1000, 'Ajuste masivo por usuario 11', '2026-01-24 21:00:16'),
(861, 921, 2, 11, 'ajuste', 1000, 'Ajuste masivo por usuario 11', '2026-01-24 21:00:16'),
(862, 926, 2, 11, 'ajuste', 1000, 'Ajuste masivo por usuario 11', '2026-01-24 21:00:16'),
(863, 931, 2, 11, 'ajuste', 1000, 'Ajuste masivo por usuario 11', '2026-01-24 21:00:16'),
(864, 951, 2, 11, 'ajuste', 1000, 'Ajuste masivo por usuario 11', '2026-01-24 21:00:16'),
(865, 950, 2, 11, 'ajuste', 1000, 'Ajuste masivo por usuario 11', '2026-01-24 21:00:16'),
(866, 930, 2, 11, 'ajuste', 1000, 'Ajuste masivo por usuario 11', '2026-01-24 21:00:16'),
(867, 949, 2, 11, 'ajuste', 1000, 'Ajuste masivo por usuario 11', '2026-01-24 21:00:16'),
(868, 1068, 2, 11, 'ajuste', 1000, 'Ajuste masivo por usuario 11', '2026-01-24 21:00:16'),
(869, 900, 2, 11, 'ajuste', 1000, 'Ajuste masivo por usuario 11', '2026-01-24 21:00:16'),
(870, 1080, 2, 11, 'ajuste', 1000, 'Ajuste masivo por usuario 11', '2026-01-24 21:00:16'),
(871, 1081, 2, 11, 'ajuste', 1000, 'Ajuste masivo por usuario 11', '2026-01-24 21:00:16'),
(872, 1079, 2, 11, 'ajuste', 1000, 'Ajuste masivo por usuario 11', '2026-01-24 21:00:16'),
(873, 891, 2, 11, 'ajuste', 1000, 'Ajuste masivo por usuario 11', '2026-01-24 21:00:16'),
(874, 890, 2, 11, 'ajuste', 1000, 'Ajuste masivo por usuario 11', '2026-01-24 21:01:44'),
(875, 620, 2, 11, 'ajuste', 1000, 'Ajuste masivo por usuario 11', '2026-01-24 21:01:44'),
(876, 640, 2, 11, 'ajuste', 1000, 'Ajuste masivo por usuario 11', '2026-01-24 21:01:44'),
(877, 621, 2, 11, 'ajuste', 1000, 'Ajuste masivo por usuario 11', '2026-01-24 21:01:44'),
(878, 641, 2, 11, 'ajuste', 1000, 'Ajuste masivo por usuario 11', '2026-01-24 21:01:44'),
(879, 1022, 2, 11, 'ajuste', 1000, 'Ajuste masivo por usuario 11', '2026-01-24 21:01:44'),
(880, 1017, 2, 11, 'ajuste', 1000, 'Ajuste masivo por usuario 11', '2026-01-24 21:01:44'),
(881, 1036, 2, 11, 'ajuste', 1000, 'Ajuste masivo por usuario 11', '2026-01-24 21:01:44'),
(882, 1037, 2, 11, 'ajuste', 1000, 'Ajuste masivo por usuario 11', '2026-01-24 21:01:44'),
(883, 1001, 2, 11, 'ajuste', 1000, 'Ajuste masivo por usuario 11', '2026-01-24 21:01:44'),
(884, 827, 2, 11, 'ajuste', 1000, 'Ajuste masivo por usuario 11', '2026-01-24 21:01:44'),
(885, 826, 2, 11, 'ajuste', 1000, 'Ajuste masivo por usuario 11', '2026-01-24 21:01:44'),
(886, 960, 2, 11, 'ajuste', 1000, 'Ajuste masivo por usuario 11', '2026-01-24 21:01:44'),
(887, 1112, 2, 11, 'ajuste', 1000, 'Ajuste masivo por usuario 11', '2026-01-24 21:01:44'),
(888, 796, 2, 11, 'ajuste', 1000, 'Ajuste masivo por usuario 11', '2026-01-24 21:01:44'),
(889, 795, 2, 11, 'ajuste', 1000, 'Ajuste masivo por usuario 11', '2026-01-24 21:01:44'),
(890, 1216, 2, 11, 'ajuste', 1000, 'Ajuste masivo por usuario 11', '2026-01-24 21:01:44'),
(891, 1107, 2, 11, 'ajuste', 1000, 'Ajuste masivo por usuario 11', '2026-01-24 21:01:44'),
(892, 938, 2, 11, 'ajuste', 1000, 'Ajuste masivo por usuario 11', '2026-01-24 21:01:44'),
(893, 792, 2, 11, 'ajuste', 1000, 'Ajuste masivo por usuario 11', '2026-01-24 21:01:44'),
(894, 789, 2, 11, 'ajuste', 1000, 'Ajuste masivo por usuario 11', '2026-01-24 21:01:44'),
(895, 788, 2, 11, 'ajuste', 1000, 'Ajuste masivo por usuario 11', '2026-01-24 21:01:44'),
(896, 790, 2, 11, 'ajuste', 1000, 'Ajuste masivo por usuario 11', '2026-01-24 21:01:44'),
(897, 791, 2, 11, 'ajuste', 1000, 'Ajuste masivo por usuario 11', '2026-01-24 21:01:44'),
(898, 787, 2, 11, 'ajuste', 1000, 'Ajuste masivo por usuario 11', '2026-01-24 21:01:44'),
(899, 1116, 2, 11, 'ajuste', 1000, 'Ajuste masivo por usuario 11', '2026-01-24 21:01:44'),
(900, 1058, 2, 11, 'ajuste', 1000, 'Ajuste masivo por usuario 11', '2026-01-24 21:01:44'),
(901, 1074, 2, 11, 'ajuste', 1000, 'Ajuste masivo por usuario 11', '2026-01-24 21:01:44'),
(902, 1020, 2, 11, 'ajuste', 1000, 'Ajuste masivo por usuario 11', '2026-01-24 21:01:44'),
(903, 1016, 2, 11, 'ajuste', 1000, 'Ajuste masivo por usuario 11', '2026-01-24 21:01:44'),
(904, 1015, 2, 11, 'ajuste', 1000, 'Ajuste masivo por usuario 11', '2026-01-24 21:01:44'),
(905, 1095, 2, 11, 'ajuste', 1000, 'Ajuste masivo por usuario 11', '2026-01-24 21:01:44'),
(906, 1094, 2, 11, 'ajuste', 1000, 'Ajuste masivo por usuario 11', '2026-01-24 21:01:44'),
(907, 956, 2, 11, 'ajuste', 1000, 'Ajuste masivo por usuario 11', '2026-01-24 21:01:44'),
(908, 952, 2, 11, 'ajuste', 1000, 'Ajuste masivo por usuario 11', '2026-01-24 21:01:44'),
(909, 658, 2, 11, 'ajuste', 1000, 'Ajuste masivo por usuario 11', '2026-01-24 21:01:44'),
(910, 940, 2, 11, 'ajuste', 1000, 'Ajuste masivo por usuario 11', '2026-01-24 21:01:44'),
(911, 941, 2, 11, 'ajuste', 1000, 'Ajuste masivo por usuario 11', '2026-01-24 21:01:44'),
(912, 1089, 2, 11, 'ajuste', 1000, 'Ajuste masivo por usuario 11', '2026-01-24 21:01:44'),
(913, 1090, 2, 11, 'ajuste', 1000, 'Ajuste masivo por usuario 11', '2026-01-24 21:01:44'),
(914, 661, 2, 11, 'ajuste', 1000, 'Ajuste masivo por usuario 11', '2026-01-24 21:01:44'),
(915, 662, 2, 11, 'ajuste', 1000, 'Ajuste masivo por usuario 11', '2026-01-24 21:01:44'),
(916, 706, 2, 11, 'ajuste', 1000, 'Ajuste masivo por usuario 11', '2026-01-24 21:01:44'),
(917, 1038, 2, 11, 'ajuste', 1000, 'Ajuste masivo por usuario 11', '2026-01-24 21:01:44'),
(918, 1223, 2, 11, 'ajuste', 1000, 'Ajuste masivo por usuario 11', '2026-01-24 21:01:44'),
(919, 1065, 2, 11, 'ajuste', 1000, 'Ajuste masivo por usuario 11', '2026-01-24 21:01:44'),
(920, 1066, 2, 11, 'ajuste', 1000, 'Ajuste masivo por usuario 11', '2026-01-24 21:01:44'),
(921, 1111, 2, 11, 'ajuste', 1000, 'Ajuste masivo por usuario 11', '2026-01-24 21:01:44'),
(922, 944, 2, 11, 'ajuste', 1000, 'Ajuste masivo por usuario 11', '2026-01-24 21:01:44'),
(923, 947, 2, 11, 'ajuste', 1000, 'Ajuste masivo por usuario 11', '2026-01-24 21:01:44'),
(924, 1049, 2, 11, 'ajuste', 1000, 'Ajuste masivo por usuario 11', '2026-01-24 21:02:39'),
(925, 1126, 2, 11, 'ajuste', 1000, 'Ajuste masivo por usuario 11', '2026-01-24 21:02:39'),
(926, 1127, 2, 11, 'ajuste', 1000, 'Ajuste masivo por usuario 11', '2026-01-24 21:02:39'),
(927, 605, 2, 11, 'ajuste', 1000, 'Ajuste masivo por usuario 11', '2026-01-24 21:02:39'),
(928, 606, 2, 11, 'ajuste', 1000, 'Ajuste masivo por usuario 11', '2026-01-24 21:02:39'),
(929, 619, 2, 11, 'ajuste', 1000, 'Ajuste masivo por usuario 11', '2026-01-24 21:02:39'),
(930, 639, 2, 11, 'ajuste', 1000, 'Ajuste masivo por usuario 11', '2026-01-24 21:02:39'),
(931, 618, 2, 11, 'ajuste', 1000, 'Ajuste masivo por usuario 11', '2026-01-24 21:02:39'),
(932, 638, 2, 11, 'ajuste', 1000, 'Ajuste masivo por usuario 11', '2026-01-24 21:02:39'),
(933, 617, 2, 11, 'ajuste', 1000, 'Ajuste masivo por usuario 11', '2026-01-24 21:02:39'),
(934, 637, 2, 11, 'ajuste', 1000, 'Ajuste masivo por usuario 11', '2026-01-24 21:02:39'),
(935, 616, 2, 11, 'ajuste', 1000, 'Ajuste masivo por usuario 11', '2026-01-24 21:02:39'),
(936, 636, 2, 11, 'ajuste', 1000, 'Ajuste masivo por usuario 11', '2026-01-24 21:02:39'),
(937, 615, 2, 11, 'ajuste', 1000, 'Ajuste masivo por usuario 11', '2026-01-24 21:02:39'),
(938, 635, 2, 11, 'ajuste', 1000, 'Ajuste masivo por usuario 11', '2026-01-24 21:02:39'),
(939, 610, 2, 11, 'ajuste', 1000, 'Ajuste masivo por usuario 11', '2026-01-24 21:02:39'),
(940, 609, 2, 11, 'ajuste', 1000, 'Ajuste masivo por usuario 11', '2026-01-24 21:02:39'),
(941, 611, 2, 11, 'ajuste', 1000, 'Ajuste masivo por usuario 11', '2026-01-24 21:02:39'),
(942, 612, 2, 11, 'ajuste', 1000, 'Ajuste masivo por usuario 11', '2026-01-24 21:02:39'),
(943, 632, 2, 11, 'ajuste', 1000, 'Ajuste masivo por usuario 11', '2026-01-24 21:02:39'),
(944, 613, 2, 11, 'ajuste', 1000, 'Ajuste masivo por usuario 11', '2026-01-24 21:02:39'),
(945, 633, 2, 11, 'ajuste', 1000, 'Ajuste masivo por usuario 11', '2026-01-24 21:02:39'),
(946, 614, 2, 11, 'ajuste', 1000, 'Ajuste masivo por usuario 11', '2026-01-24 21:02:39'),
(947, 634, 2, 11, 'ajuste', 1000, 'Ajuste masivo por usuario 11', '2026-01-24 21:02:39'),
(948, 608, 2, 11, 'ajuste', 1000, 'Ajuste masivo por usuario 11', '2026-01-24 21:02:39'),
(949, 655, 2, 11, 'ajuste', 1000, 'Ajuste masivo por usuario 11', '2026-01-24 21:02:39'),
(950, 607, 2, 11, 'ajuste', 1000, 'Ajuste masivo por usuario 11', '2026-01-24 21:02:39'),
(951, 1215, 2, 11, 'ajuste', 1000, 'Ajuste masivo por usuario 11', '2026-01-24 21:02:39'),
(952, 1214, 2, 11, 'ajuste', 1000, 'Ajuste masivo por usuario 11', '2026-01-24 21:02:39'),
(953, 694, 2, 11, 'ajuste', 1000, 'Ajuste masivo por usuario 11', '2026-01-24 21:02:39'),
(954, 695, 2, 11, 'ajuste', 1000, 'Ajuste masivo por usuario 11', '2026-01-24 21:02:39'),
(955, 693, 2, 11, 'ajuste', 1000, 'Ajuste masivo por usuario 11', '2026-01-24 21:02:39'),
(956, 699, 2, 11, 'ajuste', 1000, 'Ajuste masivo por usuario 11', '2026-01-24 21:02:39'),
(957, 805, 2, 11, 'ajuste', 1000, 'Ajuste masivo por usuario 11', '2026-01-24 21:02:39'),
(958, 698, 2, 11, 'ajuste', 1000, 'Ajuste masivo por usuario 11', '2026-01-24 21:02:39'),
(959, 624, 2, 11, 'ajuste', 1000, 'Ajuste masivo por usuario 11', '2026-01-24 21:02:39'),
(960, 644, 2, 11, 'ajuste', 1000, 'Ajuste masivo por usuario 11', '2026-01-24 21:02:39'),
(961, 625, 2, 11, 'ajuste', 1000, 'Ajuste masivo por usuario 11', '2026-01-24 21:02:39'),
(962, 645, 2, 11, 'ajuste', 1000, 'Ajuste masivo por usuario 11', '2026-01-24 21:02:39'),
(963, 700, 2, 11, 'ajuste', 1000, 'Ajuste masivo por usuario 11', '2026-01-24 21:02:39'),
(964, 1034, 2, 11, 'ajuste', 1000, 'Ajuste masivo por usuario 11', '2026-01-24 21:02:39'),
(965, 1114, 2, 11, 'ajuste', 1000, 'Ajuste masivo por usuario 11', '2026-01-24 21:02:39'),
(966, 1060, 2, 11, 'ajuste', 1000, 'Ajuste masivo por usuario 11', '2026-01-24 21:02:39'),
(967, 1149, 2, 11, 'ajuste', 1000, 'Ajuste masivo por usuario 11', '2026-01-24 21:02:39'),
(968, 948, 2, 11, 'ajuste', 1000, 'Ajuste masivo por usuario 11', '2026-01-24 21:02:39'),
(969, 1053, 2, 11, 'ajuste', 1000, 'Ajuste masivo por usuario 11', '2026-01-24 21:02:39'),
(970, 1054, 2, 11, 'ajuste', 1000, 'Ajuste masivo por usuario 11', '2026-01-24 21:02:39'),
(971, 748, 2, 11, 'ajuste', 1000, 'Ajuste masivo por usuario 11', '2026-01-24 21:02:39'),
(972, 749, 2, 11, 'ajuste', 1000, 'Ajuste masivo por usuario 11', '2026-01-24 21:02:39'),
(973, 766, 2, 11, 'ajuste', 1000, 'Ajuste masivo por usuario 11', '2026-01-24 21:02:39'),
(974, 1049, 2, 11, 'ajuste', 1000, 'Ajuste masivo por usuario 11', '2026-01-24 21:02:43'),
(975, 1126, 2, 11, 'ajuste', 1000, 'Ajuste masivo por usuario 11', '2026-01-24 21:02:43'),
(976, 1127, 2, 11, 'ajuste', 1000, 'Ajuste masivo por usuario 11', '2026-01-24 21:02:43'),
(977, 605, 2, 11, 'ajuste', 1000, 'Ajuste masivo por usuario 11', '2026-01-24 21:02:43'),
(978, 606, 2, 11, 'ajuste', 1000, 'Ajuste masivo por usuario 11', '2026-01-24 21:02:43'),
(979, 619, 2, 11, 'ajuste', 1000, 'Ajuste masivo por usuario 11', '2026-01-24 21:02:43'),
(980, 639, 2, 11, 'ajuste', 1000, 'Ajuste masivo por usuario 11', '2026-01-24 21:02:44'),
(981, 618, 2, 11, 'ajuste', 1000, 'Ajuste masivo por usuario 11', '2026-01-24 21:02:44'),
(982, 638, 2, 11, 'ajuste', 1000, 'Ajuste masivo por usuario 11', '2026-01-24 21:02:44'),
(983, 617, 2, 11, 'ajuste', 1000, 'Ajuste masivo por usuario 11', '2026-01-24 21:02:44'),
(984, 637, 2, 11, 'ajuste', 1000, 'Ajuste masivo por usuario 11', '2026-01-24 21:02:44'),
(985, 616, 2, 11, 'ajuste', 1000, 'Ajuste masivo por usuario 11', '2026-01-24 21:02:44'),
(986, 636, 2, 11, 'ajuste', 1000, 'Ajuste masivo por usuario 11', '2026-01-24 21:02:44'),
(987, 615, 2, 11, 'ajuste', 1000, 'Ajuste masivo por usuario 11', '2026-01-24 21:02:44'),
(988, 635, 2, 11, 'ajuste', 1000, 'Ajuste masivo por usuario 11', '2026-01-24 21:02:44'),
(989, 610, 2, 11, 'ajuste', 1000, 'Ajuste masivo por usuario 11', '2026-01-24 21:02:44'),
(990, 609, 2, 11, 'ajuste', 1000, 'Ajuste masivo por usuario 11', '2026-01-24 21:02:44'),
(991, 611, 2, 11, 'ajuste', 1000, 'Ajuste masivo por usuario 11', '2026-01-24 21:02:44'),
(992, 612, 2, 11, 'ajuste', 1000, 'Ajuste masivo por usuario 11', '2026-01-24 21:02:44'),
(993, 632, 2, 11, 'ajuste', 1000, 'Ajuste masivo por usuario 11', '2026-01-24 21:02:44'),
(994, 613, 2, 11, 'ajuste', 1000, 'Ajuste masivo por usuario 11', '2026-01-24 21:02:44'),
(995, 633, 2, 11, 'ajuste', 1000, 'Ajuste masivo por usuario 11', '2026-01-24 21:02:44'),
(996, 614, 2, 11, 'ajuste', 1000, 'Ajuste masivo por usuario 11', '2026-01-24 21:02:44'),
(997, 634, 2, 11, 'ajuste', 1000, 'Ajuste masivo por usuario 11', '2026-01-24 21:02:44'),
(998, 608, 2, 11, 'ajuste', 1000, 'Ajuste masivo por usuario 11', '2026-01-24 21:02:44'),
(999, 655, 2, 11, 'ajuste', 1000, 'Ajuste masivo por usuario 11', '2026-01-24 21:02:44'),
(1000, 607, 2, 11, 'ajuste', 1000, 'Ajuste masivo por usuario 11', '2026-01-24 21:02:44'),
(1001, 1215, 2, 11, 'ajuste', 1000, 'Ajuste masivo por usuario 11', '2026-01-24 21:02:44'),
(1002, 1214, 2, 11, 'ajuste', 1000, 'Ajuste masivo por usuario 11', '2026-01-24 21:02:44'),
(1003, 694, 2, 11, 'ajuste', 1000, 'Ajuste masivo por usuario 11', '2026-01-24 21:02:44'),
(1004, 695, 2, 11, 'ajuste', 1000, 'Ajuste masivo por usuario 11', '2026-01-24 21:02:44'),
(1005, 693, 2, 11, 'ajuste', 1000, 'Ajuste masivo por usuario 11', '2026-01-24 21:02:44'),
(1006, 699, 2, 11, 'ajuste', 1000, 'Ajuste masivo por usuario 11', '2026-01-24 21:02:44'),
(1007, 805, 2, 11, 'ajuste', 1000, 'Ajuste masivo por usuario 11', '2026-01-24 21:02:44'),
(1008, 698, 2, 11, 'ajuste', 1000, 'Ajuste masivo por usuario 11', '2026-01-24 21:02:44'),
(1009, 624, 2, 11, 'ajuste', 1000, 'Ajuste masivo por usuario 11', '2026-01-24 21:02:44'),
(1010, 644, 2, 11, 'ajuste', 1000, 'Ajuste masivo por usuario 11', '2026-01-24 21:02:44'),
(1011, 625, 2, 11, 'ajuste', 1000, 'Ajuste masivo por usuario 11', '2026-01-24 21:02:44'),
(1012, 645, 2, 11, 'ajuste', 1000, 'Ajuste masivo por usuario 11', '2026-01-24 21:02:44'),
(1013, 700, 2, 11, 'ajuste', 1000, 'Ajuste masivo por usuario 11', '2026-01-24 21:02:44'),
(1014, 1034, 2, 11, 'ajuste', 1000, 'Ajuste masivo por usuario 11', '2026-01-24 21:02:44'),
(1015, 1114, 2, 11, 'ajuste', 1000, 'Ajuste masivo por usuario 11', '2026-01-24 21:02:44'),
(1016, 1060, 2, 11, 'ajuste', 1000, 'Ajuste masivo por usuario 11', '2026-01-24 21:02:44'),
(1017, 1149, 2, 11, 'ajuste', 1000, 'Ajuste masivo por usuario 11', '2026-01-24 21:02:44'),
(1018, 948, 2, 11, 'ajuste', 1000, 'Ajuste masivo por usuario 11', '2026-01-24 21:02:44'),
(1019, 1053, 2, 11, 'ajuste', 1000, 'Ajuste masivo por usuario 11', '2026-01-24 21:02:44'),
(1020, 1054, 2, 11, 'ajuste', 1000, 'Ajuste masivo por usuario 11', '2026-01-24 21:02:44'),
(1021, 748, 2, 11, 'ajuste', 1000, 'Ajuste masivo por usuario 11', '2026-01-24 21:02:44'),
(1022, 749, 2, 11, 'ajuste', 1000, 'Ajuste masivo por usuario 11', '2026-01-24 21:02:44'),
(1023, 766, 2, 11, 'ajuste', 1000, 'Ajuste masivo por usuario 11', '2026-01-24 21:02:44'),
(1024, 901, 2, 11, 'ajuste', 1000, 'Ajuste masivo por usuario 11', '2026-01-24 21:03:47'),
(1025, 937, 2, 11, 'ajuste', 1000, 'Ajuste masivo por usuario 11', '2026-01-24 21:03:47'),
(1026, 856, 2, 11, 'ajuste', 1000, 'Ajuste masivo por usuario 11', '2026-01-24 21:03:47'),
(1027, 855, 2, 11, 'ajuste', 1000, 'Ajuste masivo por usuario 11', '2026-01-24 21:03:47'),
(1028, 966, 2, 11, 'ajuste', 1000, 'Ajuste masivo por usuario 11', '2026-01-24 21:03:47'),
(1029, 967, 2, 11, 'ajuste', 1000, 'Ajuste masivo por usuario 11', '2026-01-24 21:03:47'),
(1030, 862, 2, 11, 'ajuste', 1000, 'Ajuste masivo por usuario 11', '2026-01-24 21:03:47'),
(1031, 883, 2, 11, 'ajuste', 1000, 'Ajuste masivo por usuario 11', '2026-01-24 21:03:47'),
(1032, 552, 2, 11, 'ajuste', 1000, 'Ajuste masivo por usuario 11', '2026-01-24 21:03:47'),
(1033, 556, 2, 11, 'ajuste', 1000, 'Ajuste masivo por usuario 11', '2026-01-24 21:03:47'),
(1034, 557, 2, 11, 'ajuste', 1000, 'Ajuste masivo por usuario 11', '2026-01-24 21:03:47'),
(1035, 553, 2, 11, 'ajuste', 1000, 'Ajuste masivo por usuario 11', '2026-01-24 21:03:47'),
(1036, 558, 2, 11, 'ajuste', 1000, 'Ajuste masivo por usuario 11', '2026-01-24 21:03:47'),
(1037, 559, 2, 11, 'ajuste', 1000, 'Ajuste masivo por usuario 11', '2026-01-24 21:03:47'),
(1038, 554, 2, 11, 'ajuste', 1000, 'Ajuste masivo por usuario 11', '2026-01-24 21:03:47'),
(1039, 560, 2, 11, 'ajuste', 1000, 'Ajuste masivo por usuario 11', '2026-01-24 21:03:47'),
(1040, 555, 2, 11, 'ajuste', 1000, 'Ajuste masivo por usuario 11', '2026-01-24 21:03:47'),
(1041, 1124, 2, 11, 'ajuste', 1000, 'Ajuste masivo por usuario 11', '2026-01-24 21:03:47'),
(1042, 1113, 2, 11, 'ajuste', 1000, 'Ajuste masivo por usuario 11', '2026-01-24 21:03:47'),
(1043, 1091, 2, 11, 'ajuste', 1000, 'Ajuste masivo por usuario 11', '2026-01-24 21:03:47'),
(1044, 1061, 2, 11, 'ajuste', 1000, 'Ajuste masivo por usuario 11', '2026-01-24 21:03:47'),
(1045, 899, 2, 11, 'ajuste', 0, 'Ajuste masivo por usuario 11', '2026-01-24 21:03:47'),
(1046, 859, 2, 11, 'ajuste', 1000, 'Ajuste masivo por usuario 11', '2026-01-24 21:03:47'),
(1047, 858, 2, 11, 'ajuste', 0, 'Ajuste masivo por usuario 11', '2026-01-24 21:03:47'),
(1048, 1007, 2, 11, 'ajuste', 1000, 'Ajuste masivo por usuario 11', '2026-01-24 21:03:47'),
(1049, 718, 2, 11, 'ajuste', 1000, 'Ajuste masivo por usuario 11', '2026-01-24 21:03:47'),
(1050, 739, 2, 11, 'ajuste', 1000, 'Ajuste masivo por usuario 11', '2026-01-24 21:03:47'),
(1051, 736, 2, 11, 'ajuste', 1000, 'Ajuste masivo por usuario 11', '2026-01-24 21:03:47'),
(1052, 754, 2, 11, 'ajuste', 1000, 'Ajuste masivo por usuario 11', '2026-01-24 21:03:47'),
(1053, 742, 2, 11, 'ajuste', 0, 'Ajuste masivo por usuario 11', '2026-01-24 21:03:47'),
(1054, 760, 2, 11, 'ajuste', 1000, 'Ajuste masivo por usuario 11', '2026-01-24 21:03:47'),
(1055, 722, 2, 11, 'ajuste', 1000, 'Ajuste masivo por usuario 11', '2026-01-24 21:03:47'),
(1056, 733, 2, 11, 'ajuste', 1000, 'Ajuste masivo por usuario 11', '2026-01-24 21:03:47'),
(1057, 724, 2, 11, 'ajuste', 1000, 'Ajuste masivo por usuario 11', '2026-01-24 21:03:47'),
(1058, 726, 2, 11, 'ajuste', 1000, 'Ajuste masivo por usuario 11', '2026-01-24 21:03:47'),
(1059, 734, 2, 11, 'ajuste', 1000, 'Ajuste masivo por usuario 11', '2026-01-24 21:03:47'),
(1060, 752, 2, 11, 'ajuste', 1000, 'Ajuste masivo por usuario 11', '2026-01-24 21:03:47'),
(1061, 727, 2, 11, 'ajuste', 1000, 'Ajuste masivo por usuario 11', '2026-01-24 21:03:47'),
(1062, 740, 2, 11, 'ajuste', 1000, 'Ajuste masivo por usuario 11', '2026-01-24 21:03:47'),
(1063, 758, 2, 11, 'ajuste', 1000, 'Ajuste masivo por usuario 11', '2026-01-24 21:03:47'),
(1064, 741, 2, 11, 'ajuste', 1000, 'Ajuste masivo por usuario 11', '2026-01-24 21:03:47'),
(1065, 759, 2, 11, 'ajuste', 1000, 'Ajuste masivo por usuario 11', '2026-01-24 21:03:47'),
(1066, 720, 2, 11, 'ajuste', 1000, 'Ajuste masivo por usuario 11', '2026-01-24 21:03:47'),
(1067, 761, 2, 11, 'ajuste', 1000, 'Ajuste masivo por usuario 11', '2026-01-24 21:03:47'),
(1068, 738, 2, 11, 'ajuste', 1000, 'Ajuste masivo por usuario 11', '2026-01-24 21:03:47'),
(1069, 756, 2, 11, 'ajuste', 1000, 'Ajuste masivo por usuario 11', '2026-01-24 21:03:47'),
(1070, 743, 2, 11, 'ajuste', 1000, 'Ajuste masivo por usuario 11', '2026-01-24 21:03:47'),
(1071, 757, 2, 11, 'ajuste', 1000, 'Ajuste masivo por usuario 11', '2026-01-24 21:03:47'),
(1072, 728, 2, 11, 'ajuste', 1000, 'Ajuste masivo por usuario 11', '2026-01-24 21:03:47'),
(1073, 763, 2, 11, 'ajuste', 1000, 'Ajuste masivo por usuario 11', '2026-01-24 21:03:47'),
(1074, 1190, 2, 11, 'ajuste', 1000, 'Ajuste masivo por usuario 11', '2026-01-24 21:05:36'),
(1075, 1191, 2, 11, 'ajuste', 1000, 'Ajuste masivo por usuario 11', '2026-01-24 21:05:36'),
(1076, 1193, 2, 11, 'ajuste', 1000, 'Ajuste masivo por usuario 11', '2026-01-24 21:05:36'),
(1077, 1194, 2, 11, 'ajuste', 1000, 'Ajuste masivo por usuario 11', '2026-01-24 21:05:36'),
(1078, 1195, 2, 11, 'ajuste', 1000, 'Ajuste masivo por usuario 11', '2026-01-24 21:05:36'),
(1079, 1198, 2, 11, 'ajuste', 1000, 'Ajuste masivo por usuario 11', '2026-01-24 21:05:36'),
(1080, 1196, 2, 11, 'ajuste', 1000, 'Ajuste masivo por usuario 11', '2026-01-24 21:05:36'),
(1081, 1197, 2, 11, 'ajuste', 1000, 'Ajuste masivo por usuario 11', '2026-01-24 21:05:36'),
(1082, 1205, 2, 11, 'ajuste', 1000, 'Ajuste masivo por usuario 11', '2026-01-24 21:05:36'),
(1083, 1204, 2, 11, 'ajuste', 1000, 'Ajuste masivo por usuario 11', '2026-01-24 21:05:36'),
(1084, 1207, 2, 11, 'ajuste', 1000, 'Ajuste masivo por usuario 11', '2026-01-24 21:05:36'),
(1085, 1206, 2, 11, 'ajuste', 1000, 'Ajuste masivo por usuario 11', '2026-01-24 21:05:36'),
(1086, 1203, 2, 11, 'ajuste', 1000, 'Ajuste masivo por usuario 11', '2026-01-24 21:05:36'),
(1087, 1201, 2, 11, 'ajuste', 1000, 'Ajuste masivo por usuario 11', '2026-01-24 21:05:36'),
(1088, 1202, 2, 11, 'ajuste', 1000, 'Ajuste masivo por usuario 11', '2026-01-24 21:05:36'),
(1089, 1200, 2, 11, 'ajuste', 1000, 'Ajuste masivo por usuario 11', '2026-01-24 21:05:36'),
(1090, 1199, 2, 11, 'ajuste', 1000, 'Ajuste masivo por usuario 11', '2026-01-24 21:05:36'),
(1091, 1073, 2, 11, 'ajuste', 1000, 'Ajuste masivo por usuario 11', '2026-01-24 21:05:36'),
(1092, 819, 2, 11, 'ajuste', 1000, 'Ajuste masivo por usuario 11', '2026-01-24 21:05:36'),
(1093, 817, 2, 11, 'ajuste', 1000, 'Ajuste masivo por usuario 11', '2026-01-24 21:05:36'),
(1094, 818, 2, 11, 'ajuste', 1000, 'Ajuste masivo por usuario 11', '2026-01-24 21:05:36'),
(1095, 816, 2, 11, 'ajuste', 1000, 'Ajuste masivo por usuario 11', '2026-01-24 21:05:36'),
(1096, 815, 2, 11, 'ajuste', 1000, 'Ajuste masivo por usuario 11', '2026-01-24 21:05:36'),
(1097, 781, 2, 11, 'ajuste', 1000, 'Ajuste masivo por usuario 11', '2026-01-24 21:05:36'),
(1098, 782, 2, 11, 'ajuste', 1000, 'Ajuste masivo por usuario 11', '2026-01-24 21:05:36'),
(1099, 779, 2, 11, 'ajuste', 1000, 'Ajuste masivo por usuario 11', '2026-01-24 21:05:36'),
(1100, 780, 2, 11, 'ajuste', 1000, 'Ajuste masivo por usuario 11', '2026-01-24 21:05:36'),
(1101, 1125, 2, 11, 'ajuste', 1000, 'Ajuste masivo por usuario 11', '2026-01-24 21:05:36'),
(1102, 1128, 2, 11, 'ajuste', 1000, 'Ajuste masivo por usuario 11', '2026-01-24 21:05:36'),
(1103, 1051, 2, 11, 'ajuste', 1000, 'Ajuste masivo por usuario 11', '2026-01-24 21:05:36'),
(1104, 865, 2, 11, 'ajuste', 1000, 'Ajuste masivo por usuario 11', '2026-01-24 21:05:36'),
(1105, 1092, 2, 11, 'ajuste', 1000, 'Ajuste masivo por usuario 11', '2026-01-24 21:05:36'),
(1106, 895, 2, 11, 'ajuste', 1000, 'Ajuste masivo por usuario 11', '2026-01-24 21:05:36'),
(1107, 1013, 2, 11, 'ajuste', 1000, 'Ajuste masivo por usuario 11', '2026-01-24 21:05:36'),
(1108, 1048, 2, 11, 'ajuste', 1000, 'Ajuste masivo por usuario 11', '2026-01-24 21:05:36'),
(1109, 1063, 2, 11, 'ajuste', 1000, 'Ajuste masivo por usuario 11', '2026-01-24 21:05:36'),
(1110, 1024, 2, 11, 'ajuste', 1000, 'Ajuste masivo por usuario 11', '2026-01-24 21:05:36'),
(1111, 1000, 2, 11, 'ajuste', 1000, 'Ajuste masivo por usuario 11', '2026-01-24 21:05:36'),
(1112, 869, 2, 11, 'ajuste', 1000, 'Ajuste masivo por usuario 11', '2026-01-24 21:05:36'),
(1113, 870, 2, 11, 'ajuste', 1000, 'Ajuste masivo por usuario 11', '2026-01-24 21:05:36'),
(1114, 1130, 2, 11, 'ajuste', 1000, 'Ajuste masivo por usuario 11', '2026-01-24 21:05:36'),
(1115, 1155, 2, 11, 'ajuste', 1000, 'Ajuste masivo por usuario 11', '2026-01-24 21:05:36'),
(1116, 1156, 2, 11, 'ajuste', 1000, 'Ajuste masivo por usuario 11', '2026-01-24 21:05:36'),
(1117, 1159, 2, 11, 'ajuste', 1000, 'Ajuste masivo por usuario 11', '2026-01-24 21:05:36'),
(1118, 1158, 2, 11, 'ajuste', 1000, 'Ajuste masivo por usuario 11', '2026-01-24 21:05:36'),
(1119, 1162, 2, 11, 'ajuste', 1000, 'Ajuste masivo por usuario 11', '2026-01-24 21:05:36'),
(1120, 1160, 2, 11, 'ajuste', 1000, 'Ajuste masivo por usuario 11', '2026-01-24 21:05:36'),
(1121, 1161, 2, 11, 'ajuste', 1000, 'Ajuste masivo por usuario 11', '2026-01-24 21:05:37'),
(1122, 1157, 2, 11, 'ajuste', 1000, 'Ajuste masivo por usuario 11', '2026-01-24 21:05:37'),
(1123, 1165, 2, 11, 'ajuste', 1000, 'Ajuste masivo por usuario 11', '2026-01-24 21:05:37'),
(1124, 745, 2, 11, 'ajuste', 1000, 'Ajuste masivo por usuario 11', '2026-01-24 21:11:02'),
(1125, 717, 2, 11, 'ajuste', 1000, 'Ajuste masivo por usuario 11', '2026-01-24 21:11:02'),
(1126, 732, 2, 11, 'ajuste', 1000, 'Ajuste masivo por usuario 11', '2026-01-24 21:11:02'),
(1127, 730, 2, 11, 'ajuste', 1000, 'Ajuste masivo por usuario 11', '2026-01-24 21:11:02'),
(1128, 731, 2, 11, 'ajuste', 1000, 'Ajuste masivo por usuario 11', '2026-01-24 21:11:02'),
(1129, 1010, 2, 11, 'ajuste', 1000, 'Ajuste masivo por usuario 11', '2026-01-24 21:11:02'),
(1130, 1011, 2, 11, 'ajuste', 1000, 'Ajuste masivo por usuario 11', '2026-01-24 21:11:02'),
(1131, 1008, 2, 11, 'ajuste', 1000, 'Ajuste masivo por usuario 11', '2026-01-24 21:11:02'),
(1132, 1009, 2, 11, 'ajuste', 1000, 'Ajuste masivo por usuario 11', '2026-01-24 21:11:02'),
(1133, 897, 2, 11, 'ajuste', 1000, 'Ajuste masivo por usuario 11', '2026-01-24 21:11:02'),
(1134, 898, 2, 11, 'ajuste', 1000, 'Ajuste masivo por usuario 11', '2026-01-24 21:11:02'),
(1135, 963, 2, 11, 'ajuste', 1000, 'Ajuste masivo por usuario 11', '2026-01-24 21:11:02'),
(1136, 822, 2, 11, 'ajuste', 1000, 'Ajuste masivo por usuario 11', '2026-01-24 21:11:02'),
(1137, 823, 2, 11, 'ajuste', 1000, 'Ajuste masivo por usuario 11', '2026-01-24 21:11:02'),
(1138, 824, 2, 11, 'ajuste', 1000, 'Ajuste masivo por usuario 11', '2026-01-24 21:11:02'),
(1139, 825, 2, 11, 'ajuste', 1000, 'Ajuste masivo por usuario 11', '2026-01-24 21:11:02'),
(1140, 821, 2, 11, 'ajuste', 1000, 'Ajuste masivo por usuario 11', '2026-01-24 21:11:02'),
(1141, 820, 2, 11, 'ajuste', 1000, 'Ajuste masivo por usuario 11', '2026-01-24 21:11:02'),
(1142, 1150, 2, 11, 'ajuste', 1000, 'Ajuste masivo por usuario 11', '2026-01-24 21:11:02'),
(1143, 659, 2, 11, 'ajuste', 1000, 'Ajuste masivo por usuario 11', '2026-01-24 21:11:02'),
(1144, 802, 2, 11, 'ajuste', 1000, 'Ajuste masivo por usuario 11', '2026-01-24 21:11:02'),
(1145, 801, 2, 11, 'ajuste', 1000, 'Ajuste masivo por usuario 11', '2026-01-24 21:11:02'),
(1146, 1030, 2, 11, 'ajuste', 1000, 'Ajuste masivo por usuario 11', '2026-01-24 21:11:02'),
(1147, 1033, 2, 11, 'ajuste', 1000, 'Ajuste masivo por usuario 11', '2026-01-24 21:11:02'),
(1148, 1032, 2, 11, 'ajuste', 1000, 'Ajuste masivo por usuario 11', '2026-01-24 21:11:02'),
(1149, 1031, 2, 11, 'ajuste', 1000, 'Ajuste masivo por usuario 11', '2026-01-24 21:11:02'),
(1150, 1166, 2, 11, 'ajuste', 0, 'Ajuste masivo por usuario 11', '2026-01-24 21:11:02'),
(1151, 1170, 2, 11, 'ajuste', 1000, 'Ajuste masivo por usuario 11', '2026-01-24 21:11:02'),
(1152, 804, 2, 11, 'ajuste', 1000, 'Ajuste masivo por usuario 11', '2026-01-24 21:11:02'),
(1153, 803, 2, 11, 'ajuste', 1000, 'Ajuste masivo por usuario 11', '2026-01-24 21:11:02'),
(1154, 1023, 2, 11, 'ajuste', 1000, 'Ajuste masivo por usuario 11', '2026-01-24 21:11:02'),
(1155, 797, 2, 11, 'ajuste', 1000, 'Ajuste masivo por usuario 11', '2026-01-24 21:11:02'),
(1156, 798, 2, 11, 'ajuste', 1000, 'Ajuste masivo por usuario 11', '2026-01-24 21:11:02'),
(1157, 799, 2, 11, 'ajuste', 1000, 'Ajuste masivo por usuario 11', '2026-01-24 21:11:02'),
(1158, 800, 2, 11, 'ajuste', 1000, 'Ajuste masivo por usuario 11', '2026-01-24 21:11:02'),
(1159, 1176, 2, 11, 'ajuste', 1000, 'Ajuste masivo por usuario 11', '2026-01-24 21:11:02'),
(1160, 1177, 2, 11, 'ajuste', 1000, 'Ajuste masivo por usuario 11', '2026-01-24 21:11:02'),
(1161, 1178, 2, 11, 'ajuste', 1000, 'Ajuste masivo por usuario 11', '2026-01-24 21:11:02'),
(1162, 1179, 2, 11, 'ajuste', 1000, 'Ajuste masivo por usuario 11', '2026-01-24 21:11:02'),
(1163, 1180, 2, 11, 'ajuste', 1000, 'Ajuste masivo por usuario 11', '2026-01-24 21:11:02');
INSERT INTO `inventory_movements` (`id`, `product_id`, `branch_id`, `user_id`, `type`, `quantity`, `note`, `created_at`) VALUES
(1164, 1184, 2, 11, 'ajuste', 1000, 'Ajuste masivo por usuario 11', '2026-01-24 21:11:02'),
(1165, 1181, 2, 11, 'ajuste', 1000, 'Ajuste masivo por usuario 11', '2026-01-24 21:11:02'),
(1166, 1182, 2, 11, 'ajuste', 1000, 'Ajuste masivo por usuario 11', '2026-01-24 21:11:02'),
(1167, 1183, 2, 11, 'ajuste', 1000, 'Ajuste masivo por usuario 11', '2026-01-24 21:11:02'),
(1168, 1188, 2, 11, 'ajuste', 10001000, 'Ajuste masivo por usuario 11', '2026-01-24 21:11:02'),
(1169, 1185, 2, 11, 'ajuste', 1000, 'Ajuste masivo por usuario 11', '2026-01-24 21:11:02'),
(1170, 1186, 2, 11, 'ajuste', 1000, 'Ajuste masivo por usuario 11', '2026-01-24 21:11:02'),
(1171, 1187, 2, 11, 'ajuste', 1000, 'Ajuste masivo por usuario 11', '2026-01-24 21:11:02'),
(1172, 1192, 2, 11, 'ajuste', 1000, 'Ajuste masivo por usuario 11', '2026-01-24 21:11:02'),
(1173, 1189, 2, 11, 'ajuste', 1000, 'Ajuste masivo por usuario 11', '2026-01-24 21:11:03'),
(1174, 1219, 2, 11, 'ajuste', 1000, 'Ajuste masivo por usuario 11', '2026-01-24 21:11:52'),
(1175, 1082, 2, 11, 'ajuste', 1000, 'Ajuste masivo por usuario 11', '2026-01-24 21:11:52'),
(1176, 1083, 2, 11, 'ajuste', 1000, 'Ajuste masivo por usuario 11', '2026-01-24 21:11:52'),
(1177, 957, 2, 11, 'ajuste', 1000, 'Ajuste masivo por usuario 11', '2026-01-24 21:11:52'),
(1178, 958, 2, 11, 'ajuste', 1000, 'Ajuste masivo por usuario 11', '2026-01-24 21:11:52'),
(1179, 959, 2, 11, 'ajuste', 1000, 'Ajuste masivo por usuario 11', '2026-01-24 21:11:52'),
(1180, 707, 2, 11, 'ajuste', 1000, 'Ajuste masivo por usuario 11', '2026-01-24 21:11:52'),
(1181, 708, 2, 11, 'ajuste', 1000, 'Ajuste masivo por usuario 11', '2026-01-24 21:11:52'),
(1182, 709, 2, 11, 'ajuste', 1000, 'Ajuste masivo por usuario 11', '2026-01-24 21:11:52'),
(1183, 710, 2, 11, 'ajuste', 1000, 'Ajuste masivo por usuario 11', '2026-01-24 21:11:52'),
(1184, 713, 2, 11, 'ajuste', 1000, 'Ajuste masivo por usuario 11', '2026-01-24 21:11:52'),
(1185, 711, 2, 11, 'ajuste', 1000, 'Ajuste masivo por usuario 11', '2026-01-24 21:11:52'),
(1186, 712, 2, 11, 'ajuste', 1000, 'Ajuste masivo por usuario 11', '2026-01-24 21:11:52'),
(1187, 936, 2, 11, 'ajuste', 1000, 'Ajuste masivo por usuario 11', '2026-01-24 21:11:52'),
(1188, 857, 2, 11, 'ajuste', 1000, 'Ajuste masivo por usuario 11', '2026-01-24 21:11:52'),
(1189, 705, 2, 11, 'ajuste', 1000, 'Ajuste masivo por usuario 11', '2026-01-24 21:11:52'),
(1190, 703, 2, 11, 'ajuste', 1000, 'Ajuste masivo por usuario 11', '2026-01-24 21:11:52'),
(1191, 704, 2, 11, 'ajuste', 1000, 'Ajuste masivo por usuario 11', '2026-01-24 21:11:52'),
(1192, 702, 2, 11, 'ajuste', 1000, 'Ajuste masivo por usuario 11', '2026-01-24 21:11:52'),
(1193, 657, 2, 11, 'ajuste', 1000, 'Ajuste masivo por usuario 11', '2026-01-24 21:11:52'),
(1194, 919, 2, 11, 'ajuste', 1000, 'Ajuste masivo por usuario 11', '2026-01-24 21:11:52'),
(1195, 918, 2, 11, 'ajuste', 1000, 'Ajuste masivo por usuario 11', '2026-01-24 21:11:52'),
(1196, 917, 2, 11, 'ajuste', 1000, 'Ajuste masivo por usuario 11', '2026-01-24 21:11:52'),
(1197, 663, 2, 11, 'ajuste', 1000, 'Ajuste masivo por usuario 11', '2026-01-24 21:11:52'),
(1198, 667, 2, 11, 'ajuste', 1000, 'Ajuste masivo por usuario 11', '2026-01-24 21:11:52'),
(1199, 665, 2, 11, 'ajuste', 1000, 'Ajuste masivo por usuario 11', '2026-01-24 21:11:52'),
(1200, 664, 2, 11, 'ajuste', 1000, 'Ajuste masivo por usuario 11', '2026-01-24 21:11:52'),
(1201, 666, 2, 11, 'ajuste', 1000, 'Ajuste masivo por usuario 11', '2026-01-24 21:11:52'),
(1202, 1108, 2, 11, 'ajuste', 1000, 'Ajuste masivo por usuario 11', '2026-01-24 21:11:52'),
(1203, 1154, 2, 11, 'ajuste', 1000, 'Ajuste masivo por usuario 11', '2026-01-24 21:11:52'),
(1204, 1153, 2, 11, 'ajuste', 1000, 'Ajuste masivo por usuario 11', '2026-01-24 21:11:52'),
(1205, 1039, 2, 11, 'ajuste', 1000, 'Ajuste masivo por usuario 11', '2026-01-24 21:11:52'),
(1206, 1222, 2, 11, 'ajuste', 1000, 'Ajuste masivo por usuario 11', '2026-01-24 21:11:52'),
(1207, 668, 2, 11, 'ajuste', 1000, 'Ajuste masivo por usuario 11', '2026-01-24 21:11:52'),
(1208, 627, 2, 11, 'ajuste', 1000, 'Ajuste masivo por usuario 11', '2026-01-24 21:11:52'),
(1209, 647, 2, 11, 'ajuste', 1000, 'Ajuste masivo por usuario 11', '2026-01-24 21:11:52'),
(1210, 628, 2, 11, 'ajuste', 1000, 'Ajuste masivo por usuario 11', '2026-01-24 21:11:52'),
(1211, 648, 2, 11, 'ajuste', 1000, 'Ajuste masivo por usuario 11', '2026-01-24 21:11:52'),
(1212, 630, 2, 11, 'ajuste', 1000, 'Ajuste masivo por usuario 11', '2026-01-24 21:11:52'),
(1213, 650, 2, 11, 'ajuste', 1000, 'Ajuste masivo por usuario 11', '2026-01-24 21:11:52'),
(1214, 631, 2, 11, 'ajuste', 1000, 'Ajuste masivo por usuario 11', '2026-01-24 21:11:52'),
(1215, 651, 2, 11, 'ajuste', 1000, 'Ajuste masivo por usuario 11', '2026-01-24 21:11:52'),
(1216, 652, 2, 11, 'ajuste', 1000, 'Ajuste masivo por usuario 11', '2026-01-24 21:11:52'),
(1217, 653, 2, 11, 'ajuste', 1000, 'Ajuste masivo por usuario 11', '2026-01-24 21:11:52'),
(1218, 654, 2, 11, 'ajuste', 1000, 'Ajuste masivo por usuario 11', '2026-01-24 21:11:52'),
(1219, 1045, 2, 11, 'ajuste', 1000, 'Ajuste masivo por usuario 11', '2026-01-24 21:11:52'),
(1220, 848, 2, 11, 'ajuste', 1000, 'Ajuste masivo por usuario 11', '2026-01-24 21:11:52'),
(1221, 847, 2, 11, 'ajuste', 1000, 'Ajuste masivo por usuario 11', '2026-01-24 21:11:52'),
(1222, 846, 2, 11, 'ajuste', 1000, 'Ajuste masivo por usuario 11', '2026-01-24 21:11:52'),
(1223, 853, 2, 11, 'ajuste', 1000, 'Ajuste masivo por usuario 11', '2026-01-24 21:11:52'),
(1224, 1142, 2, 11, 'ajuste', 1000, 'Ajuste masivo por usuario 11', '2026-01-24 21:15:20'),
(1225, 1141, 2, 11, 'ajuste', 1000, 'Ajuste masivo por usuario 11', '2026-01-24 21:15:20'),
(1226, 777, 2, 11, 'ajuste', 1000, 'Ajuste masivo por usuario 11', '2026-01-24 21:15:20'),
(1227, 773, 2, 11, 'ajuste', 1000, 'Ajuste masivo por usuario 11', '2026-01-24 21:15:20'),
(1228, 784, 2, 11, 'ajuste', 1000, 'Ajuste masivo por usuario 11', '2026-01-24 21:15:20'),
(1229, 785, 2, 11, 'ajuste', 1000, 'Ajuste masivo por usuario 11', '2026-01-24 21:15:20'),
(1230, 783, 2, 11, 'ajuste', 1000, 'Ajuste masivo por usuario 11', '2026-01-24 21:15:20'),
(1231, 786, 2, 11, 'ajuste', 1000, 'Ajuste masivo por usuario 11', '2026-01-24 21:15:20'),
(1232, 772, 2, 11, 'ajuste', 1000, 'Ajuste masivo por usuario 11', '2026-01-24 21:15:20'),
(1233, 778, 2, 11, 'ajuste', 1000, 'Ajuste masivo por usuario 11', '2026-01-24 21:15:20'),
(1234, 770, 2, 11, 'ajuste', 1000, 'Ajuste masivo por usuario 11', '2026-01-24 21:15:20'),
(1235, 774, 2, 11, 'ajuste', 10001000, 'Ajuste masivo por usuario 11', '2026-01-24 21:15:20'),
(1236, 775, 2, 11, 'ajuste', 1000, 'Ajuste masivo por usuario 11', '2026-01-24 21:15:20'),
(1237, 771, 2, 11, 'ajuste', 1000, 'Ajuste masivo por usuario 11', '2026-01-24 21:15:20'),
(1238, 776, 2, 11, 'ajuste', 1000, 'Ajuste masivo por usuario 11', '2026-01-24 21:15:20'),
(1239, 622, 2, 11, 'ajuste', 10001000, 'Ajuste masivo por usuario 11', '2026-01-24 21:15:20'),
(1240, 642, 2, 11, 'ajuste', 1000, 'Ajuste masivo por usuario 11', '2026-01-24 21:15:20'),
(1241, 623, 2, 11, 'ajuste', 1000, 'Ajuste masivo por usuario 11', '2026-01-24 21:15:20'),
(1242, 643, 2, 11, 'ajuste', 1000, 'Ajuste masivo por usuario 11', '2026-01-24 21:15:20'),
(1243, 629, 2, 11, 'ajuste', 1000, 'Ajuste masivo por usuario 11', '2026-01-24 21:15:20'),
(1244, 649, 2, 11, 'ajuste', 1000, 'Ajuste masivo por usuario 11', '2026-01-24 21:15:20'),
(1245, 1012, 2, 11, 'ajuste', 1000, 'Ajuste masivo por usuario 11', '2026-01-24 21:15:20'),
(1246, 1164, 2, 11, 'ajuste', 1000, 'Ajuste masivo por usuario 11', '2026-01-24 21:16:40'),
(1247, 1169, 2, 11, 'ajuste', 1000, 'Ajuste masivo por usuario 11', '2026-01-24 21:16:40'),
(1248, 1168, 2, 11, 'ajuste', 1000, 'Ajuste masivo por usuario 11', '2026-01-24 21:16:40'),
(1249, 889, 2, 11, 'ajuste', 1000, 'Ajuste masivo por usuario 11', '2026-01-24 21:16:40'),
(1250, 896, 2, 11, 'ajuste', 1000, 'Ajuste masivo por usuario 11', '2026-01-24 21:16:40'),
(1251, 861, 2, 11, 'ajuste', 1000, 'Ajuste masivo por usuario 11', '2026-01-24 21:16:40'),
(1252, 860, 2, 11, 'ajuste', 1000, 'Ajuste masivo por usuario 11', '2026-01-24 21:16:40'),
(1253, 1117, 2, 11, 'ajuste', 1000, 'Ajuste masivo por usuario 11', '2026-01-24 21:16:40'),
(1254, 601, 2, 11, 'ajuste', 1000, 'Ajuste masivo por usuario 11', '2026-01-24 21:16:40'),
(1255, 602, 2, 11, 'ajuste', 1000, 'Ajuste masivo por usuario 11', '2026-01-24 21:16:40'),
(1256, 597, 2, 11, 'ajuste', 1000, 'Ajuste masivo por usuario 11', '2026-01-24 21:16:40'),
(1257, 598, 2, 11, 'ajuste', 1000, 'Ajuste masivo por usuario 11', '2026-01-24 21:16:40'),
(1258, 603, 2, 11, 'ajuste', 1000, 'Ajuste masivo por usuario 11', '2026-01-24 21:16:40'),
(1259, 599, 2, 11, 'ajuste', 1000, 'Ajuste masivo por usuario 11', '2026-01-24 21:16:40'),
(1260, 604, 2, 11, 'ajuste', 1000, 'Ajuste masivo por usuario 11', '2026-01-24 21:16:40'),
(1261, 600, 2, 11, 'ajuste', 1000, 'Ajuste masivo por usuario 11', '2026-01-24 21:16:40'),
(1262, 594, 2, 11, 'ajuste', 1000, 'Ajuste masivo por usuario 11', '2026-01-24 21:16:40'),
(1263, 595, 2, 11, 'ajuste', 1000, 'Ajuste masivo por usuario 11', '2026-01-24 21:16:40'),
(1264, 596, 2, 11, 'ajuste', 1000, 'Ajuste masivo por usuario 11', '2026-01-24 21:16:40'),
(1265, 1105, 2, 11, 'ajuste', 1000, 'Ajuste masivo por usuario 11', '2026-01-24 21:16:40'),
(1266, 1174, 2, 11, 'ajuste', 1000, 'Ajuste masivo por usuario 11', '2026-01-24 21:16:40'),
(1267, 829, 2, 11, 'ajuste', 1000, 'Ajuste masivo por usuario 11', '2026-01-24 21:16:40'),
(1268, 830, 2, 11, 'ajuste', 1000, 'Ajuste masivo por usuario 11', '2026-01-24 21:16:40'),
(1269, 828, 2, 11, 'ajuste', 1000, 'Ajuste masivo por usuario 11', '2026-01-24 21:16:40'),
(1270, 831, 2, 11, 'ajuste', 1000, 'Ajuste masivo por usuario 11', '2026-01-24 21:16:40'),
(1271, 999, 2, 11, 'ajuste', 1000, 'Ajuste masivo por usuario 11', '2026-01-24 21:16:40'),
(1272, 953, 2, 11, 'ajuste', 1000, 'Ajuste masivo por usuario 11', '2026-01-24 21:16:40'),
(1273, 1208, 2, 11, 'ajuste', 1000, 'Ajuste masivo por usuario 11', '2026-01-24 21:16:40'),
(1274, 1209, 2, 11, 'ajuste', 1000, 'Ajuste masivo por usuario 11', '2026-01-24 21:16:40'),
(1275, 1210, 2, 11, 'ajuste', 1000, 'Ajuste masivo por usuario 11', '2026-01-24 21:16:40'),
(1276, 1211, 2, 11, 'ajuste', 1000, 'Ajuste masivo por usuario 11', '2026-01-24 21:16:40'),
(1277, 744, 2, 11, 'ajuste', 1000, 'Ajuste masivo por usuario 11', '2026-01-24 21:16:40'),
(1278, 762, 2, 11, 'ajuste', 1000, 'Ajuste masivo por usuario 11', '2026-01-24 21:16:40'),
(1279, 933, 2, 11, 'ajuste', 1000, 'Ajuste masivo por usuario 11', '2026-01-24 21:16:40'),
(1280, 1163, 2, 11, 'ajuste', 1000, 'Ajuste masivo por usuario 11', '2026-01-24 21:16:40'),
(1281, 1134, 2, 11, 'ajuste', 1000, 'Ajuste masivo por usuario 11', '2026-01-24 21:16:40'),
(1282, 1131, 2, 11, 'ajuste', 1000, 'Ajuste masivo por usuario 11', '2026-01-24 21:16:40'),
(1283, 1132, 2, 11, 'ajuste', 1000, 'Ajuste masivo por usuario 11', '2026-01-24 21:16:40'),
(1284, 1133, 2, 11, 'ajuste', 1000, 'Ajuste masivo por usuario 11', '2026-01-24 21:16:40'),
(1285, 715, 2, 11, 'ajuste', 1000, 'Ajuste masivo por usuario 11', '2026-01-24 21:16:40'),
(1286, 716, 2, 11, 'ajuste', 1000, 'Ajuste masivo por usuario 11', '2026-01-24 21:16:40'),
(1287, 714, 2, 11, 'ajuste', 1000, 'Ajuste masivo por usuario 11', '2026-01-24 21:16:40'),
(1288, 1046, 2, 11, 'ajuste', 1000, 'Ajuste masivo por usuario 11', '2026-01-24 21:16:40'),
(1289, 911, 2, 11, 'ajuste', 1000, 'Ajuste masivo por usuario 11', '2026-01-24 21:16:40'),
(1290, 914, 2, 11, 'ajuste', 1000, 'Ajuste masivo por usuario 11', '2026-01-24 21:16:40'),
(1291, 915, 2, 11, 'ajuste', 1000, 'Ajuste masivo por usuario 11', '2026-01-24 21:16:40'),
(1292, 912, 2, 11, 'ajuste', 1000, 'Ajuste masivo por usuario 11', '2026-01-24 21:16:40'),
(1293, 913, 2, 11, 'ajuste', 1000, 'Ajuste masivo por usuario 11', '2026-01-24 21:16:40'),
(1294, 916, 2, 11, 'ajuste', 1000, 'Ajuste masivo por usuario 11', '2026-01-24 21:16:40'),
(1295, 932, 2, 11, 'ajuste', 1000, 'Ajuste masivo por usuario 11', '2026-01-24 21:16:40'),
(1296, 1052, 2, 11, 'ajuste', 1000, 'Ajuste masivo por usuario 11', '2026-01-24 21:17:49'),
(1297, 1059, 2, 11, 'ajuste', 1000, 'Ajuste masivo por usuario 11', '2026-01-24 21:17:49'),
(1298, 1004, 2, 11, 'ajuste', 1000, 'Ajuste masivo por usuario 11', '2026-01-24 21:17:49'),
(1299, 1003, 2, 11, 'ajuste', 1000, 'Ajuste masivo por usuario 11', '2026-01-24 21:17:49'),
(1300, 998, 2, 11, 'ajuste', 1000, 'Ajuste masivo por usuario 11', '2026-01-24 21:17:49'),
(1301, 1072, 2, 11, 'ajuste', 1000, 'Ajuste masivo por usuario 11', '2026-01-24 21:17:49'),
(1302, 1093, 2, 11, 'ajuste', 1000, 'Ajuste masivo por usuario 11', '2026-01-24 21:17:49'),
(1303, 968, 2, 11, 'ajuste', 1000, 'Ajuste masivo por usuario 11', '2026-01-24 21:17:49'),
(1304, 964, 2, 11, 'ajuste', 1000, 'Ajuste masivo por usuario 11', '2026-01-24 21:17:49'),
(1305, 965, 2, 11, 'ajuste', 1000, 'Ajuste masivo por usuario 11', '2026-01-24 21:17:49'),
(1306, 970, 2, 11, 'ajuste', 1000, 'Ajuste masivo por usuario 11', '2026-01-24 21:17:49'),
(1307, 969, 2, 11, 'ajuste', 1000, 'Ajuste masivo por usuario 11', '2026-01-24 21:17:49'),
(1308, 888, 2, 11, 'ajuste', 1000, 'Ajuste masivo por usuario 11', '2026-01-24 21:17:49'),
(1309, 887, 2, 11, 'ajuste', 1000, 'Ajuste masivo por usuario 11', '2026-01-24 21:17:49'),
(1310, 841, 2, 11, 'ajuste', 1000, 'Ajuste masivo por usuario 11', '2026-01-24 21:17:49'),
(1311, 1136, 2, 11, 'ajuste', 1000, 'Ajuste masivo por usuario 11', '2026-01-24 21:17:49'),
(1312, 1129, 2, 11, 'ajuste', 1000, 'Ajuste masivo por usuario 11', '2026-01-24 21:17:49'),
(1313, 1135, 2, 11, 'ajuste', 1000, 'Ajuste masivo por usuario 11', '2026-01-24 21:17:49'),
(1314, 810, 2, 11, 'ajuste', 1000, 'Ajuste masivo por usuario 11', '2026-01-24 21:17:49'),
(1315, 812, 2, 11, 'ajuste', 1000, 'Ajuste masivo por usuario 11', '2026-01-24 21:17:49'),
(1316, 807, 2, 11, 'ajuste', 1000, 'Ajuste masivo por usuario 11', '2026-01-24 21:17:49'),
(1317, 806, 2, 11, 'ajuste', 1000, 'Ajuste masivo por usuario 11', '2026-01-24 21:17:49'),
(1318, 813, 2, 11, 'ajuste', 1000, 'Ajuste masivo por usuario 11', '2026-01-24 21:17:49'),
(1319, 811, 2, 11, 'ajuste', 1000, 'Ajuste masivo por usuario 11', '2026-01-24 21:17:49'),
(1320, 814, 2, 11, 'ajuste', 1000, 'Ajuste masivo por usuario 11', '2026-01-24 21:17:49'),
(1321, 1217, 2, 11, 'ajuste', 1000, 'Ajuste masivo por usuario 11', '2026-01-24 21:17:49'),
(1322, 939, 2, 11, 'ajuste', 1000, 'Ajuste masivo por usuario 11', '2026-01-24 21:17:49'),
(1323, 1069, 2, 11, 'ajuste', 1000, 'Ajuste masivo por usuario 11', '2026-01-24 21:17:49'),
(1324, 962, 2, 11, 'ajuste', 1000, 'Ajuste masivo por usuario 11', '2026-01-24 21:17:49'),
(1325, 1040, 2, 11, 'ajuste', 1000, 'Ajuste masivo por usuario 11', '2026-01-24 21:17:49'),
(1326, 1041, 2, 11, 'ajuste', 0, 'Ajuste masivo por usuario 11', '2026-01-24 21:17:49'),
(1327, 942, 2, 11, 'ajuste', 10001000, 'Ajuste masivo por usuario 11', '2026-01-24 21:17:49'),
(1328, 660, 2, 11, 'ajuste', 0, 'Ajuste masivo por usuario 11', '2026-01-24 21:17:49'),
(1329, 1044, 2, 11, 'ajuste', 1000, 'Ajuste masivo por usuario 11', '2026-01-24 21:17:49'),
(1330, 1064, 2, 11, 'ajuste', 1000, 'Ajuste masivo por usuario 11', '2026-01-24 21:17:49'),
(1331, 1071, 2, 11, 'ajuste', 1000, 'Ajuste masivo por usuario 11', '2026-01-24 21:17:49'),
(1332, 675, 2, 11, 'ajuste', 1000, 'Ajuste masivo por usuario 11', '2026-01-24 21:17:49'),
(1333, 793, 2, 11, 'ajuste', 1000, 'Ajuste masivo por usuario 11', '2026-01-24 21:17:49'),
(1334, 794, 2, 11, 'ajuste', 1000, 'Ajuste masivo por usuario 11', '2026-01-24 21:17:49'),
(1335, 696, 2, 11, 'ajuste', 1000, 'Ajuste masivo por usuario 11', '2026-01-24 21:17:49'),
(1336, 697, 2, 11, 'ajuste', 1000, 'Ajuste masivo por usuario 11', '2026-01-24 21:17:49'),
(1337, 692, 2, 11, 'ajuste', 1000, 'Ajuste masivo por usuario 11', '2026-01-24 21:17:49'),
(1338, 690, 2, 11, 'ajuste', 1000, 'Ajuste masivo por usuario 11', '2026-01-24 21:17:49'),
(1339, 689, 2, 11, 'ajuste', 1000, 'Ajuste masivo por usuario 11', '2026-01-24 21:17:49'),
(1340, 719, 2, 11, 'ajuste', 1000, 'Ajuste masivo por usuario 11', '2026-01-24 21:17:49'),
(1341, 729, 2, 11, 'ajuste', 1000, 'Ajuste masivo por usuario 11', '2026-01-24 21:17:49'),
(1342, 721, 2, 11, 'ajuste', 1000, 'Ajuste masivo por usuario 11', '2026-01-24 21:17:49'),
(1343, 737, 2, 11, 'ajuste', 1000, 'Ajuste masivo por usuario 11', '2026-01-24 21:17:49'),
(1344, 755, 2, 11, 'ajuste', 1000, 'Ajuste masivo por usuario 11', '2026-01-24 21:17:49'),
(1345, 725, 2, 11, 'ajuste', 1000, 'Ajuste masivo por usuario 11', '2026-01-24 21:17:49'),
(1346, 735, 2, 11, 'ajuste', 1000, 'Ajuste masivo por usuario 11', '2026-01-24 21:18:41'),
(1347, 753, 2, 11, 'ajuste', 1000, 'Ajuste masivo por usuario 11', '2026-01-24 21:18:41'),
(1348, 723, 2, 11, 'ajuste', 1000, 'Ajuste masivo por usuario 11', '2026-01-24 21:18:41'),
(1349, 687, 2, 11, 'ajuste', 1000, 'Ajuste masivo por usuario 11', '2026-01-24 21:18:41'),
(1350, 686, 2, 11, 'ajuste', 1000, 'Ajuste masivo por usuario 11', '2026-01-24 21:18:41'),
(1351, 691, 2, 11, 'ajuste', 1000, 'Ajuste masivo por usuario 11', '2026-01-24 21:18:41'),
(1352, 688, 2, 11, 'ajuste', 1000, 'Ajuste masivo por usuario 11', '2026-01-24 21:18:41'),
(1353, 1115, 2, 11, 'ajuste', 1000, 'Ajuste masivo por usuario 11', '2026-01-24 21:18:41'),
(1354, 1057, 2, 11, 'ajuste', 1000, 'Ajuste masivo por usuario 11', '2026-01-24 21:18:41'),
(1355, 1171, 2, 11, 'ajuste', 1000, 'Ajuste masivo por usuario 11', '2026-01-24 21:18:41'),
(1356, 1175, 2, 11, 'ajuste', 1000, 'Ajuste masivo por usuario 11', '2026-01-24 21:18:41'),
(1357, 1062, 2, 11, 'ajuste', 1000, 'Ajuste masivo por usuario 11', '2026-01-24 21:18:41'),
(1358, 809, 2, 11, 'ajuste', 1000, 'Ajuste masivo por usuario 11', '2026-01-24 21:18:41'),
(1359, 808, 2, 11, 'ajuste', 1000, 'Ajuste masivo por usuario 11', '2026-01-24 21:18:41'),
(1360, 935, 2, 11, 'ajuste', 1000, 'Ajuste masivo por usuario 11', '2026-01-24 21:18:41'),
(1361, 934, 2, 11, 'ajuste', 1000, 'Ajuste masivo por usuario 11', '2026-01-24 21:18:42'),
(1362, 908, 2, 11, 'ajuste', 1000, 'Ajuste masivo por usuario 11', '2026-01-24 21:18:42'),
(1363, 909, 2, 11, 'ajuste', 1000, 'Ajuste masivo por usuario 11', '2026-01-24 21:18:42'),
(1364, 906, 2, 11, 'ajuste', 1000, 'Ajuste masivo por usuario 11', '2026-01-24 21:18:42'),
(1365, 907, 2, 11, 'ajuste', 1000, 'Ajuste masivo por usuario 11', '2026-01-24 21:18:42'),
(1366, 910, 2, 11, 'ajuste', 1000, 'Ajuste masivo por usuario 11', '2026-01-24 21:18:42'),
(1367, 677, 2, 11, 'ajuste', 1000, 'Ajuste masivo por usuario 11', '2026-01-24 21:18:42'),
(1368, 679, 2, 11, 'ajuste', 1000, 'Ajuste masivo por usuario 11', '2026-01-24 21:18:42'),
(1369, 678, 2, 11, 'ajuste', 1000, 'Ajuste masivo por usuario 11', '2026-01-24 21:18:42'),
(1370, 680, 2, 11, 'ajuste', 1000, 'Ajuste masivo por usuario 11', '2026-01-24 21:18:42'),
(1371, 681, 2, 11, 'ajuste', 1000, 'Ajuste masivo por usuario 11', '2026-01-24 21:18:42'),
(1372, 682, 2, 11, 'ajuste', 1000, 'Ajuste masivo por usuario 11', '2026-01-24 21:18:42'),
(1373, 683, 2, 11, 'ajuste', 1000, 'Ajuste masivo por usuario 11', '2026-01-24 21:18:42'),
(1374, 669, 2, 11, 'ajuste', 1000, 'Ajuste masivo por usuario 11', '2026-01-24 21:18:42'),
(1375, 670, 2, 11, 'ajuste', 1000, 'Ajuste masivo por usuario 11', '2026-01-24 21:18:42'),
(1376, 671, 2, 11, 'ajuste', 1000, 'Ajuste masivo por usuario 11', '2026-01-24 21:18:42'),
(1377, 672, 2, 11, 'ajuste', 1000, 'Ajuste masivo por usuario 11', '2026-01-24 21:18:42'),
(1378, 673, 2, 11, 'ajuste', 1000, 'Ajuste masivo por usuario 11', '2026-01-24 21:18:42'),
(1379, 674, 2, 11, 'ajuste', 1000, 'Ajuste masivo por usuario 11', '2026-01-24 21:18:42'),
(1380, 676, 2, 11, 'ajuste', 1000, 'Ajuste masivo por usuario 11', '2026-01-24 21:18:42'),
(1381, 684, 2, 11, 'ajuste', 1000, 'Ajuste masivo por usuario 11', '2026-01-24 21:18:42'),
(1382, 685, 2, 11, 'ajuste', 1000, 'Ajuste masivo por usuario 11', '2026-01-24 21:18:42'),
(1383, 1167, 2, 11, 'ajuste', 1000, 'Ajuste masivo por usuario 11', '2026-01-24 21:18:42'),
(1384, 1106, 2, 11, 'ajuste', 1000, 'Ajuste masivo por usuario 11', '2026-01-24 21:18:42'),
(1385, 701, 2, 11, 'ajuste', 1000, 'Ajuste masivo por usuario 11', '2026-01-24 21:18:42'),
(1386, 1147, 2, 11, 'ajuste', 0, 'Ajuste masivo por usuario 11', '2026-01-24 21:18:42'),
(1387, 1146, 2, 11, 'ajuste', 1000, 'Ajuste masivo por usuario 11', '2026-01-24 21:18:42'),
(1388, 1145, 2, 11, 'ajuste', 1000, 'Ajuste masivo por usuario 11', '2026-01-24 21:18:42'),
(1389, 1144, 2, 11, 'ajuste', 1000, 'Ajuste masivo por usuario 11', '2026-01-24 21:18:42'),
(1390, 1148, 2, 11, 'ajuste', 1000, 'Ajuste masivo por usuario 11', '2026-01-24 21:18:42'),
(1391, 1139, 2, 11, 'ajuste', 1000, 'Ajuste masivo por usuario 11', '2026-01-24 21:18:42'),
(1392, 1143, 2, 11, 'ajuste', 1000, 'Ajuste masivo por usuario 11', '2026-01-24 21:18:42'),
(1393, 1138, 2, 11, 'ajuste', 1000, 'Ajuste masivo por usuario 11', '2026-01-24 21:18:42'),
(1394, 1137, 2, 11, 'ajuste', 1000, 'Ajuste masivo por usuario 11', '2026-01-24 21:18:42'),
(1395, 1140, 2, 11, 'ajuste', 1000, 'Ajuste masivo por usuario 11', '2026-01-24 21:18:42'),
(1396, 1211, 2, 11, 'entrada', 1000000, '', '2026-01-24 21:41:41'),
(1397, 1211, 2, 11, 'salida', 200, 'Venta POS', '2026-01-24 21:42:00'),
(1398, 899, 2, 11, 'entrada', 1000, '', '2026-01-24 21:47:28'),
(1399, 1211, 2, 11, 'salida', 500, 'Venta POS', '2026-01-24 22:56:16'),
(1400, 847, 2, 11, 'salida', 1, 'Venta POS', '2026-01-24 22:56:17'),
(1401, 846, 2, 11, 'salida', 1, 'Venta POS', '2026-01-24 22:56:17'),
(1402, 658, 2, 11, 'salida', 200, 'Venta POS', '2026-01-24 22:56:17'),
(1403, 663, 2, 11, 'salida', 100, 'Venta POS', '2026-01-24 22:56:17'),
(1404, 658, 2, 11, 'salida', 1, 'Venta POS', '2026-01-24 22:56:17'),
(1405, 658, 2, 11, 'salida', 200, 'Venta POS', '2026-01-24 22:56:17');

-- --------------------------------------------------------

--
-- Estructura de tabla para la tabla `invoice_deletes`
--

CREATE TABLE `invoice_deletes` (
  `id` int(11) NOT NULL,
  `order_id` int(11) NOT NULL,
  `user_id` int(11) NOT NULL,
  `branch_id` int(11) DEFAULT NULL,
  `total_amount` decimal(12,2) DEFAULT 0.00,
  `reason` varchar(255) DEFAULT NULL,
  `created_at` datetime NOT NULL DEFAULT current_timestamp()
) ENGINE=InnoDB DEFAULT CHARSET=utf8mb4 COLLATE=utf8mb4_unicode_ci;

-- --------------------------------------------------------

--
-- Estructura de tabla para la tabla `orders`
--

CREATE TABLE `orders` (
  `id` int(11) NOT NULL,
  `user_id` int(11) DEFAULT NULL,
  `branch_id` int(11) NOT NULL,
  `customer_name` varchar(150) DEFAULT NULL,
  `customer_phone` varchar(50) DEFAULT NULL,
  `customer_address` varchar(255) DEFAULT NULL,
  `total` decimal(12,2) NOT NULL DEFAULT 0.00,
  `status` enum('pendiente','pagado','en_preparacion','en_transito','entregado','cancelado') DEFAULT 'pendiente',
  `payment_method` varchar(50) DEFAULT NULL,
  `payment_reference` varchar(255) DEFAULT NULL,
  `created_at` timestamp NOT NULL DEFAULT current_timestamp(),
  `cancelled_at` timestamp NULL DEFAULT NULL,
  `cancelled_by` int(11) DEFAULT NULL
) ENGINE=InnoDB DEFAULT CHARSET=utf8mb4 COLLATE=utf8mb4_unicode_ci;

--
-- Volcado de datos para la tabla `orders`
--

INSERT INTO `orders` (`id`, `user_id`, `branch_id`, `customer_name`, `customer_phone`, `customer_address`, `total`, `status`, `payment_method`, `payment_reference`, `created_at`, `cancelled_at`, `cancelled_by`) VALUES
(1, 2, 1, NULL, NULL, NULL, 0.00, '', NULL, NULL, '2025-12-07 00:15:40', NULL, NULL),
(2, 1, 1, NULL, NULL, NULL, 0.00, '', NULL, NULL, '2025-12-07 00:17:04', NULL, NULL),
(3, 1, 1, NULL, NULL, NULL, 100.00, '', NULL, NULL, '2025-12-07 00:19:43', NULL, NULL),
(4, 1, 1, NULL, NULL, NULL, 200.00, '', NULL, NULL, '2025-12-07 00:20:34', NULL, NULL),
(5, 2, 1, NULL, NULL, NULL, 100.00, '', NULL, NULL, '2025-12-08 10:48:22', NULL, NULL),
(6, 1, 1, NULL, NULL, NULL, 300.00, '', NULL, NULL, '2025-12-08 11:16:14', NULL, NULL),
(7, 2, 1, NULL, NULL, NULL, 100.00, '', NULL, NULL, '2025-12-09 00:30:15', NULL, NULL),
(8, 2, 1, NULL, NULL, NULL, 100.00, '', NULL, NULL, '2025-12-09 00:47:58', NULL, NULL),
(9, 2, 1, NULL, NULL, NULL, 100.00, '', NULL, NULL, '2025-12-09 00:48:14', NULL, NULL),
(10, 2, 1, NULL, NULL, NULL, 100.00, '', NULL, NULL, '2025-12-09 00:54:28', NULL, NULL),
(11, 2, 1, NULL, NULL, NULL, 100.00, '', NULL, NULL, '2025-12-09 01:17:33', NULL, NULL),
(12, 2, 1, NULL, NULL, NULL, 100.00, '', NULL, NULL, '2025-12-09 01:18:30', NULL, NULL),
(13, 2, 1, NULL, NULL, NULL, 100.00, '', NULL, NULL, '2025-12-09 01:52:18', NULL, NULL),
(14, 2, 1, NULL, NULL, NULL, 100.00, '', NULL, NULL, '2025-12-09 01:53:00', NULL, NULL),
(15, 2, 1, NULL, NULL, NULL, 100.00, '', NULL, NULL, '2025-12-09 01:55:54', NULL, NULL),
(16, 2, 1, NULL, NULL, NULL, 100.00, '', NULL, NULL, '2025-12-09 02:03:06', NULL, NULL),
(17, 2, 1, NULL, NULL, NULL, 100.00, '', NULL, NULL, '2025-12-09 02:03:26', NULL, NULL),
(18, 1, 2, NULL, NULL, NULL, 100.00, '', NULL, NULL, '2025-12-13 01:28:10', NULL, NULL),
(19, 5, 2, NULL, NULL, NULL, 100.00, '', NULL, NULL, '2025-12-15 18:57:48', NULL, NULL),
(20, 1, 1, NULL, NULL, NULL, 4800.00, '', NULL, NULL, '2025-12-18 22:12:20', NULL, NULL),
(21, 1, 1, NULL, NULL, NULL, 4800.00, '', NULL, NULL, '2025-12-18 22:13:31', NULL, NULL),
(22, 1, 1, NULL, NULL, NULL, 1600.00, '', NULL, NULL, '2025-12-18 23:06:13', NULL, NULL),
(23, 1, 1, NULL, NULL, NULL, 1600.00, '', NULL, NULL, '2025-12-18 23:21:19', NULL, NULL),
(24, 1, 1, NULL, NULL, NULL, 1300.00, '', NULL, NULL, '2025-12-18 23:33:36', NULL, NULL),
(25, 1, 1, NULL, NULL, NULL, 1300.00, '', NULL, NULL, '2025-12-18 23:33:45', NULL, NULL),
(26, 1, 1, NULL, NULL, NULL, 1300.00, '', NULL, NULL, '2025-12-18 23:36:37', NULL, NULL),
(27, 1, 1, NULL, NULL, NULL, 3000.00, '', NULL, NULL, '2025-12-18 23:40:20', NULL, NULL),
(28, 1, 1, NULL, NULL, NULL, 3000.00, '', NULL, NULL, '2025-12-18 23:54:20', NULL, NULL),
(29, 1, 1, NULL, NULL, NULL, 3000.00, '', NULL, NULL, '2025-12-19 18:08:56', NULL, NULL),
(30, 10, 1, NULL, NULL, NULL, 3000.00, '', NULL, NULL, '2025-12-19 18:12:31', NULL, NULL),
(31, 10, 1, NULL, NULL, NULL, 3000.00, '', NULL, NULL, '2025-12-19 19:08:30', NULL, NULL),
(32, 10, 1, NULL, NULL, NULL, 3000.00, '', NULL, NULL, '2025-12-19 19:11:12', NULL, NULL),
(33, 10, 1, NULL, NULL, NULL, 3000.00, '', NULL, NULL, '2025-12-19 19:21:13', NULL, NULL),
(34, 10, 1, NULL, NULL, NULL, 3000.00, '', NULL, NULL, '2025-12-19 20:10:58', NULL, NULL),
(35, 10, 1, NULL, NULL, NULL, 3000.00, '', NULL, NULL, '2025-12-19 20:16:43', NULL, NULL),
(36, 10, 1, NULL, NULL, NULL, 3000.00, '', NULL, NULL, '2025-12-19 20:17:26', NULL, NULL),
(37, 10, 1, NULL, NULL, NULL, 1300.00, '', NULL, NULL, '2025-12-19 20:33:24', NULL, NULL),
(38, 10, 1, NULL, NULL, NULL, 1300.00, '', NULL, NULL, '2025-12-19 20:36:04', NULL, NULL),
(39, 10, 1, NULL, NULL, NULL, 1300.00, '', NULL, NULL, '2025-12-19 20:36:09', NULL, NULL),
(40, 1, 1, NULL, NULL, NULL, 1300.00, '', NULL, NULL, '2025-12-19 21:08:13', NULL, NULL),
(41, 1, 1, NULL, NULL, NULL, 11700.00, '', NULL, NULL, '2025-12-19 21:33:02', NULL, NULL),
(42, 1, 1, NULL, NULL, NULL, 11700.00, '', NULL, NULL, '2025-12-19 21:43:43', NULL, NULL),
(43, 1, 1, NULL, NULL, NULL, 1300.00, '', NULL, NULL, '2025-12-19 21:48:58', NULL, NULL),
(44, 1, 1, NULL, NULL, NULL, 1300.00, '', NULL, NULL, '2025-12-19 21:53:36', NULL, NULL),
(45, 1, 1, NULL, NULL, NULL, 1300.00, '', NULL, NULL, '2025-12-19 21:53:41', NULL, NULL),
(46, 1, 1, NULL, NULL, NULL, 1300.00, '', NULL, NULL, '2025-12-19 22:01:26', NULL, NULL),
(47, 1, 1, NULL, NULL, NULL, 1300.00, '', NULL, NULL, '2025-12-19 22:01:42', NULL, NULL),
(48, 1, 1, NULL, NULL, NULL, 1300.00, '', NULL, NULL, '2025-12-19 22:12:19', NULL, NULL),
(49, 1, 1, NULL, NULL, NULL, 1300.00, '', NULL, NULL, '2025-12-19 22:12:56', NULL, NULL),
(50, 10, 1, NULL, NULL, NULL, 1300.00, '', NULL, NULL, '2025-12-19 22:14:33', NULL, NULL),
(51, 10, 1, NULL, NULL, NULL, 1300.00, '', NULL, NULL, '2025-12-19 22:26:50', NULL, NULL),
(52, 1, 1, NULL, NULL, NULL, 1300.00, '', NULL, NULL, '2025-12-19 22:58:03', NULL, NULL),
(53, 1, 1, NULL, NULL, NULL, 1300.00, '', NULL, NULL, '2025-12-19 23:37:00', NULL, NULL),
(54, 10, 1, NULL, NULL, NULL, 1300.00, '', NULL, NULL, '2025-12-19 23:38:00', NULL, NULL),
(55, 10, 1, NULL, NULL, NULL, 1300.00, '', NULL, NULL, '2025-12-19 23:38:47', NULL, NULL),
(56, 10, 1, NULL, NULL, NULL, 1300.00, '', NULL, NULL, '2025-12-19 23:51:39', NULL, NULL),
(57, 1, 1, NULL, NULL, NULL, 1300.00, '', NULL, NULL, '2025-12-20 00:05:07', NULL, NULL),
(58, 10, 1, NULL, NULL, NULL, 1300.00, '', NULL, NULL, '2025-12-20 17:02:43', NULL, NULL),
(59, 10, 1, NULL, NULL, NULL, 1300.00, '', NULL, NULL, '2025-12-20 17:04:23', NULL, NULL),
(60, 10, 1, NULL, NULL, NULL, 1300.00, '', NULL, NULL, '2025-12-20 17:04:41', NULL, NULL),
(61, 10, 1, NULL, NULL, NULL, 1300.00, '', NULL, NULL, '2025-12-20 17:04:54', NULL, NULL),
(62, 10, 1, NULL, NULL, NULL, 1300.00, '', NULL, NULL, '2025-12-20 17:05:28', NULL, NULL),
(63, 10, 1, NULL, NULL, NULL, 1300.00, '', NULL, NULL, '2025-12-20 17:08:55', NULL, NULL),
(64, 10, 1, NULL, NULL, NULL, 1300.00, '', NULL, NULL, '2025-12-20 17:09:04', NULL, NULL),
(65, 10, 1, NULL, NULL, NULL, 1300.00, '', NULL, NULL, '2025-12-20 17:14:48', NULL, NULL),
(66, 10, 1, NULL, NULL, NULL, 1300.00, '', NULL, NULL, '2025-12-20 17:15:22', NULL, NULL),
(67, 10, 1, NULL, NULL, NULL, 1300.00, '', NULL, NULL, '2025-12-20 17:15:35', NULL, NULL),
(68, 10, 1, NULL, NULL, NULL, 1300.00, '', NULL, NULL, '2025-12-20 17:16:05', NULL, NULL),
(69, 10, 1, NULL, NULL, NULL, 1300.00, '', NULL, NULL, '2025-12-20 17:16:43', NULL, NULL),
(70, 10, 1, NULL, NULL, NULL, 1300.00, '', NULL, NULL, '2025-12-20 17:17:29', NULL, NULL),
(71, 10, 1, NULL, NULL, NULL, 1300.00, '', NULL, NULL, '2025-12-20 17:17:47', NULL, NULL),
(72, 10, 1, NULL, NULL, NULL, 1300.00, '', NULL, NULL, '2025-12-20 17:18:39', NULL, NULL),
(73, 10, 1, NULL, NULL, NULL, 1300.00, '', NULL, NULL, '2025-12-20 17:18:49', NULL, NULL),
(74, 10, 1, NULL, NULL, NULL, 1300.00, '', NULL, NULL, '2025-12-20 17:26:03', NULL, NULL),
(75, 10, 1, NULL, NULL, NULL, 1300.00, '', NULL, NULL, '2025-12-20 17:46:08', NULL, NULL),
(76, 10, 1, NULL, NULL, NULL, 1300.00, '', NULL, NULL, '2025-12-20 17:47:27', NULL, NULL),
(77, 10, 1, NULL, NULL, NULL, 1300.00, '', NULL, NULL, '2025-12-20 17:48:25', NULL, NULL),
(78, 10, 1, NULL, NULL, NULL, 1300.00, '', NULL, NULL, '2025-12-20 17:56:13', NULL, NULL),
(79, 10, 1, NULL, NULL, NULL, 1300.00, '', NULL, NULL, '2025-12-20 18:06:45', NULL, NULL),
(80, 10, 1, NULL, NULL, NULL, 1300.00, '', NULL, NULL, '2025-12-20 18:07:01', NULL, NULL),
(81, 10, 1, NULL, NULL, NULL, 1300.00, '', NULL, NULL, '2025-12-20 20:55:48', NULL, NULL),
(82, 10, 1, NULL, NULL, NULL, 1300.00, '', NULL, NULL, '2025-12-20 21:25:27', NULL, NULL),
(83, 10, 1, NULL, NULL, NULL, 1300.00, '', NULL, NULL, '2025-12-20 23:45:31', NULL, NULL),
(84, 10, 1, NULL, NULL, NULL, 1300.00, '', NULL, NULL, '2025-12-20 23:48:17', NULL, NULL),
(85, 10, 1, NULL, NULL, NULL, 1300.00, '', NULL, NULL, '2025-12-20 23:53:01', NULL, NULL),
(86, 1, 1, NULL, NULL, NULL, 1200.00, '', NULL, NULL, '2025-12-24 03:06:11', NULL, NULL),
(87, 1, 1, NULL, NULL, NULL, 1500.00, '', NULL, NULL, '2025-12-24 03:09:23', NULL, NULL),
(88, 1, 1, NULL, NULL, NULL, 1500.00, '', NULL, NULL, '2025-12-24 03:09:23', NULL, NULL),
(89, 1, 1, NULL, NULL, NULL, 1500.00, '', NULL, NULL, '2025-12-24 03:09:55', NULL, NULL),
(90, 1, 1, NULL, NULL, NULL, 2700.00, '', NULL, NULL, '2025-12-25 16:53:15', NULL, NULL),
(91, 1, 1, NULL, NULL, NULL, 2700.00, '', NULL, NULL, '2025-12-25 16:57:10', NULL, NULL),
(92, 1, 1, NULL, NULL, NULL, 1500.00, '', NULL, NULL, '2025-12-25 16:57:51', NULL, NULL),
(93, 1, 1, NULL, NULL, NULL, 1500.00, '', NULL, NULL, '2025-12-25 16:58:18', NULL, NULL),
(94, 1, 1, NULL, NULL, NULL, 1300.00, '', NULL, NULL, '2025-12-25 17:43:51', NULL, NULL),
(95, 1, 1, NULL, NULL, NULL, 1300.00, '', NULL, NULL, '2025-12-25 17:44:29', NULL, NULL),
(96, 1, 1, NULL, NULL, NULL, 1500.00, '', NULL, NULL, '2025-12-25 18:31:44', NULL, NULL),
(97, 1, 1, NULL, NULL, NULL, 1500.00, '', NULL, NULL, '2025-12-25 18:33:10', NULL, NULL),
(98, 1, 1, NULL, NULL, NULL, 1200.00, '', NULL, NULL, '2025-12-25 18:33:41', NULL, NULL),
(99, 1, 1, NULL, NULL, NULL, 1300.00, '', NULL, NULL, '2025-12-26 07:05:56', NULL, NULL),
(100, 1, 1, NULL, NULL, NULL, 1300.00, '', NULL, NULL, '2025-12-26 07:32:19', NULL, NULL),
(101, 1, 1, NULL, NULL, NULL, 1300.00, '', NULL, NULL, '2025-12-26 07:52:16', NULL, NULL),
(102, 1, 1, NULL, NULL, NULL, 1300.00, '', NULL, NULL, '2025-12-26 08:35:57', NULL, NULL),
(103, 1, 1, NULL, NULL, NULL, 1300.00, '', NULL, NULL, '2025-12-26 08:39:05', NULL, NULL),
(104, 1, 1, NULL, NULL, NULL, 1300.00, '', NULL, NULL, '2025-12-26 15:05:03', NULL, NULL),
(105, 1, 1, NULL, NULL, NULL, 1300.00, '', NULL, NULL, '2025-12-26 15:32:50', NULL, NULL),
(106, 1, 1, NULL, NULL, NULL, 1300.00, '', NULL, NULL, '2025-12-26 16:33:34', NULL, NULL),
(107, 1, 1, NULL, NULL, NULL, 1300.00, '', NULL, NULL, '2025-12-26 17:48:15', NULL, NULL),
(108, 1, 1, NULL, NULL, NULL, 1300.00, '', NULL, NULL, '2025-12-26 18:58:27', NULL, NULL),
(109, 1, 1, NULL, NULL, NULL, 1300.00, '', NULL, NULL, '2025-12-26 18:59:58', NULL, NULL),
(110, 1, 1, NULL, NULL, NULL, 1300.00, '', NULL, NULL, '2025-12-26 19:25:10', NULL, NULL),
(111, 1, 1, NULL, NULL, NULL, 1300.00, '', NULL, NULL, '2025-12-26 19:27:43', NULL, NULL),
(112, 1, 1, NULL, NULL, NULL, 1300.00, '', NULL, NULL, '2025-12-26 19:32:53', NULL, NULL),
(113, 1, 1, NULL, NULL, NULL, 1300.00, '', NULL, NULL, '2025-12-26 19:38:51', NULL, NULL),
(114, 1, 1, NULL, NULL, NULL, 1300.00, '', NULL, NULL, '2025-12-26 19:43:56', NULL, NULL),
(115, 1, 1, NULL, NULL, NULL, 1300.00, '', NULL, NULL, '2025-12-26 20:02:04', NULL, NULL),
(116, 1, 1, NULL, NULL, NULL, 1300.00, '', NULL, NULL, '2025-12-26 20:46:14', NULL, NULL),
(117, 1, 1, NULL, NULL, NULL, 1300.00, '', NULL, NULL, '2025-12-26 21:30:46', NULL, NULL),
(118, 1, 1, NULL, NULL, NULL, 1300.00, '', NULL, NULL, '2025-12-26 21:32:12', NULL, NULL),
(119, 1, 1, NULL, NULL, NULL, 1300.00, '', NULL, NULL, '2025-12-26 21:33:14', NULL, NULL),
(120, 1, 1, NULL, NULL, NULL, 1300.00, '', NULL, NULL, '2025-12-26 21:36:44', NULL, NULL),
(121, 1, 1, NULL, NULL, NULL, 1300.00, '', NULL, NULL, '2025-12-26 21:38:20', NULL, NULL),
(122, 1, 1, NULL, NULL, NULL, 1300.00, '', NULL, NULL, '2025-12-26 21:43:44', NULL, NULL),
(123, 1, 1, NULL, NULL, NULL, 1300.00, '', NULL, NULL, '2025-12-26 21:45:32', NULL, NULL),
(124, 1, 1, NULL, NULL, NULL, 1300.00, '', NULL, NULL, '2025-12-26 21:57:39', NULL, NULL),
(125, 1, 1, NULL, NULL, NULL, 1300.00, '', NULL, NULL, '2025-12-26 22:19:53', NULL, NULL),
(126, 1, 1, NULL, NULL, NULL, 1300.00, '', NULL, NULL, '2025-12-26 22:32:48', NULL, NULL),
(127, 1, 1, NULL, NULL, NULL, 600.00, '', NULL, NULL, '2025-12-26 22:34:11', NULL, NULL),
(128, 1, 1, NULL, NULL, NULL, 1300.00, '', NULL, NULL, '2025-12-26 22:47:01', NULL, NULL),
(129, 1, 1, NULL, NULL, NULL, 1300.00, '', NULL, NULL, '2025-12-28 11:41:34', NULL, NULL),
(130, 1, 1, NULL, NULL, NULL, 1300.00, '', NULL, NULL, '2025-12-28 12:29:38', NULL, NULL),
(131, 1, 1, NULL, NULL, NULL, 1300.00, '', NULL, NULL, '2025-12-29 14:11:08', NULL, NULL),
(132, 1, 1, NULL, NULL, NULL, 1300.00, '', NULL, NULL, '2025-12-29 14:35:19', NULL, NULL),
(133, 1, 1, NULL, NULL, NULL, 13000.00, '', NULL, NULL, '2025-12-29 14:43:26', NULL, NULL),
(134, 1, 1, NULL, NULL, NULL, 1300.00, '', NULL, NULL, '2025-12-29 14:43:59', NULL, NULL),
(135, 1, 1, NULL, NULL, NULL, 1300.00, 'cancelado', NULL, NULL, '2025-12-29 14:55:21', '2025-12-29 16:09:57', 1),
(136, 1, 1, NULL, NULL, NULL, 1300.00, 'cancelado', NULL, NULL, '2025-12-29 14:58:14', '2025-12-29 16:03:40', 1),
(137, 1, 1, NULL, NULL, NULL, 1300.00, 'cancelado', NULL, NULL, '2025-12-29 16:11:53', '2025-12-29 16:12:11', 1),
(138, 1, 1, NULL, NULL, NULL, 1300.00, '', NULL, NULL, '2025-12-29 16:23:13', NULL, NULL),
(139, 1, 1, NULL, NULL, NULL, 1300.00, '', NULL, NULL, '2025-12-29 16:24:08', NULL, NULL),
(140, 1, 1, NULL, NULL, NULL, 1300.00, 'cancelado', NULL, NULL, '2025-12-30 01:50:47', '2025-12-30 01:58:57', 1),
(141, 1, 1, NULL, NULL, NULL, 1200.00, '', NULL, NULL, '2025-12-30 02:03:54', NULL, NULL),
(142, 1, 1, NULL, NULL, NULL, 2600.00, '', NULL, NULL, '2025-12-30 03:18:19', NULL, NULL),
(143, 1, 1, NULL, NULL, NULL, 1300.00, '', NULL, NULL, '2025-12-30 03:27:28', NULL, NULL),
(144, 1, 1, NULL, NULL, NULL, 1300.00, '', NULL, NULL, '2025-12-30 03:35:09', NULL, NULL),
(145, 1, 1, NULL, NULL, NULL, 1300.00, '', NULL, NULL, '2025-12-30 03:36:07', NULL, NULL),
(146, 1, 1, NULL, NULL, NULL, 1300.00, '', NULL, NULL, '2025-12-31 19:07:20', NULL, NULL),
(147, 1, 1, NULL, NULL, NULL, 1300.00, '', NULL, NULL, '2025-12-31 22:49:45', NULL, NULL),
(148, 1, 1, NULL, NULL, NULL, 6000.00, '', NULL, NULL, '2026-01-02 17:16:36', NULL, NULL),
(149, 1, 1, NULL, NULL, NULL, 1800.00, '', NULL, NULL, '2026-01-10 20:57:57', NULL, NULL),
(150, 1, 1, NULL, NULL, NULL, 1800.00, '', NULL, NULL, '2026-01-10 21:05:41', NULL, NULL),
(151, 1, 1, NULL, NULL, NULL, 2300.00, '', NULL, NULL, '2026-01-11 13:18:00', NULL, NULL),
(152, 11, 2, NULL, NULL, NULL, 4095.00, '', NULL, NULL, '2026-01-11 18:06:10', NULL, NULL),
(153, 11, 2, NULL, NULL, NULL, 7500.00, '', NULL, NULL, '2026-01-11 18:07:43', NULL, NULL),
(154, 11, 2, NULL, NULL, NULL, 2300.00, '', NULL, NULL, '2026-01-11 18:09:35', NULL, NULL),
(155, 11, 2, NULL, NULL, NULL, 7.50, '', NULL, NULL, '2026-01-11 18:13:16', NULL, NULL),
(156, 1, 1, NULL, NULL, NULL, 2300.00, '', NULL, NULL, '2026-01-11 18:14:48', NULL, NULL),
(157, 1, 1, NULL, NULL, NULL, 2300.00, '', NULL, NULL, '2026-01-11 18:29:30', NULL, NULL),
(158, 11, 2, NULL, NULL, NULL, 2600.00, '', NULL, NULL, '2026-01-11 18:41:25', NULL, NULL),
(159, 11, 2, NULL, NULL, NULL, 2600.00, '', NULL, NULL, '2026-01-11 18:45:40', NULL, NULL),
(160, 11, 2, NULL, NULL, NULL, 1800.00, '', NULL, NULL, '2026-01-11 18:45:50', NULL, NULL),
(161, 11, 2, NULL, NULL, NULL, 15.00, '', NULL, NULL, '2026-01-11 18:55:25', NULL, NULL),
(162, 11, 2, NULL, NULL, NULL, 15.00, '', NULL, NULL, '2026-01-11 19:32:13', NULL, NULL),
(163, 11, 2, NULL, NULL, NULL, 7.50, '', NULL, NULL, '2026-01-11 19:32:36', NULL, NULL),
(164, 11, 2, NULL, NULL, NULL, 15.00, '', NULL, NULL, '2026-01-11 19:36:47', NULL, NULL),
(165, 11, 2, NULL, NULL, NULL, 7.50, '', NULL, NULL, '2026-01-11 19:37:19', NULL, NULL),
(166, 11, 2, NULL, NULL, NULL, 7.50, '', NULL, NULL, '2026-01-11 19:51:43', NULL, NULL),
(167, 11, 2, NULL, NULL, NULL, 7.50, '', NULL, NULL, '2026-01-11 19:57:56', NULL, NULL),
(168, 11, 2, NULL, NULL, NULL, 7.50, '', NULL, NULL, '2026-01-11 20:01:44', NULL, NULL),
(169, 11, 2, NULL, NULL, NULL, 7.50, '', NULL, NULL, '2026-01-11 20:07:58', NULL, NULL),
(170, 11, 2, NULL, NULL, NULL, 7.50, '', NULL, NULL, '2026-01-11 20:36:39', NULL, NULL),
(171, 11, 2, NULL, NULL, NULL, 7.50, '', NULL, NULL, '2026-01-12 13:45:53', NULL, NULL),
(172, 11, 2, NULL, NULL, NULL, 2600.00, '', NULL, NULL, '2026-01-12 16:20:14', NULL, NULL),
(173, 1, 1, NULL, NULL, NULL, 2800.00, '', NULL, NULL, '2026-01-13 14:48:10', NULL, NULL),
(174, 11, 2, NULL, NULL, NULL, 3800.00, '', NULL, NULL, '2026-01-14 18:33:52', NULL, NULL),
(175, 11, 2, NULL, NULL, NULL, 1900.00, 'cancelado', NULL, NULL, '2026-01-14 18:34:15', '2026-01-14 18:35:26', 11),
(176, 1, 1, NULL, NULL, NULL, 2300.00, '', NULL, NULL, '2026-01-16 15:17:29', NULL, NULL),
(177, 1, 1, NULL, NULL, NULL, 100.08, '', NULL, NULL, '2026-01-16 19:20:36', NULL, NULL),
(178, 1, 1, NULL, NULL, NULL, 2500.00, '', NULL, NULL, '2026-01-19 00:50:18', NULL, NULL),
(179, 1, 1, NULL, NULL, NULL, 2500.00, '', NULL, NULL, '2026-01-19 01:23:09', NULL, NULL),
(180, 1, 1, NULL, NULL, NULL, 2500.00, '', NULL, NULL, '2026-01-19 01:24:18', NULL, NULL),
(181, 1, 1, NULL, NULL, NULL, 2500.00, '', NULL, NULL, '2026-01-19 01:36:05', NULL, NULL),
(182, 1, 1, NULL, NULL, NULL, 2500.00, '', NULL, NULL, '2026-01-19 01:55:23', NULL, NULL),
(183, 1, 1, NULL, NULL, NULL, 2500.00, '', NULL, NULL, '2026-01-19 01:58:54', NULL, NULL),
(184, 11, 2, NULL, NULL, NULL, 1700.00, '', NULL, NULL, '2026-01-19 02:04:11', NULL, NULL),
(185, 11, 2, NULL, NULL, NULL, 1700.00, '', NULL, NULL, '2026-01-19 02:40:53', NULL, NULL),
(186, 11, 2, NULL, NULL, NULL, 1700.00, '', NULL, NULL, '2026-01-19 03:19:40', NULL, NULL),
(187, 1, 1, NULL, NULL, NULL, 2500.00, '', NULL, NULL, '2026-01-19 03:20:32', NULL, NULL),
(188, 1, 1, NULL, NULL, NULL, 2500.00, '', NULL, NULL, '2026-01-19 03:29:03', NULL, NULL),
(189, 1, 1, NULL, NULL, NULL, 2500.00, '', NULL, NULL, '2026-01-19 03:31:34', NULL, NULL),
(190, 1, 1, NULL, NULL, NULL, 2500.00, '', NULL, NULL, '2026-01-19 03:41:02', NULL, NULL),
(191, 1, 1, NULL, NULL, NULL, 5000.00, '', NULL, NULL, '2026-01-19 03:48:47', NULL, NULL),
(192, 1, 1, NULL, NULL, NULL, 2500.00, '', NULL, NULL, '2026-01-19 03:55:40', NULL, NULL),
(193, 1, 1, NULL, NULL, NULL, 2500.00, '', NULL, NULL, '2026-01-19 04:00:42', NULL, NULL),
(194, 1, 1, NULL, NULL, NULL, 5000.00, '', NULL, NULL, '2026-01-19 04:13:13', NULL, NULL),
(195, 1, 1, NULL, NULL, NULL, 2500.00, '', NULL, NULL, '2026-01-19 04:14:55', NULL, NULL),
(196, 1, 1, NULL, NULL, NULL, 10000.00, '', NULL, NULL, '2026-01-19 04:15:31', NULL, NULL),
(197, 1, 1, NULL, NULL, NULL, 2500.00, '', NULL, NULL, '2026-01-19 04:25:18', NULL, NULL),
(198, 1, 1, NULL, NULL, NULL, 2500.00, '', NULL, NULL, '2026-01-19 04:35:56', NULL, NULL),
(199, 11, 2, NULL, NULL, NULL, 1700.00, '', NULL, NULL, '2026-01-19 04:36:41', NULL, NULL),
(200, 11, 2, NULL, NULL, NULL, 1700.00, '', NULL, NULL, '2026-01-19 04:38:08', NULL, NULL),
(201, 11, 2, NULL, NULL, NULL, 1700.00, '', NULL, NULL, '2026-01-19 04:42:02', NULL, NULL),
(202, 1, 1, NULL, NULL, NULL, 2500.00, '', NULL, NULL, '2026-01-19 04:43:41', NULL, NULL),
(203, 1, 1, NULL, NULL, NULL, 2500.00, '', NULL, NULL, '2026-01-19 04:47:04', NULL, NULL),
(204, 11, 2, NULL, NULL, NULL, 10200.00, '', NULL, NULL, '2026-01-19 04:53:33', NULL, NULL),
(205, 11, 2, NULL, NULL, NULL, 22100.00, '', NULL, NULL, '2026-01-19 04:54:40', NULL, NULL),
(206, 11, 2, NULL, NULL, NULL, 1700.00, '', NULL, NULL, '2026-01-19 14:13:02', NULL, NULL),
(207, 1, 1, NULL, NULL, NULL, 25000.00, '', NULL, NULL, '2026-01-19 17:54:57', NULL, NULL),
(208, 1, 1, NULL, NULL, NULL, 2500.00, '', NULL, NULL, '2026-01-22 00:08:58', NULL, NULL),
(209, 11, 2, NULL, NULL, NULL, 505.04, '', NULL, NULL, '2026-01-23 00:20:32', NULL, NULL),
(210, 11, 2, NULL, NULL, NULL, 5400.00, '', NULL, NULL, '2026-01-23 00:29:48', NULL, NULL),
(211, 11, 2, NULL, NULL, NULL, 202.00, '', NULL, NULL, '2026-01-24 21:41:59', NULL, NULL),
(212, 11, 2, NULL, NULL, NULL, 225373.88, '', NULL, NULL, '2026-01-24 22:56:16', NULL, NULL);

-- --------------------------------------------------------

--
-- Estructura de tabla para la tabla `order_cancellations_log`
--

CREATE TABLE `order_cancellations_log` (
  `id` int(11) NOT NULL,
  `order_id` int(11) NOT NULL,
  `product_id` int(11) NOT NULL,
  `quantity` int(11) NOT NULL,
  `cancelled_by` int(11) NOT NULL,
  `cancelled_at` timestamp NOT NULL DEFAULT current_timestamp()
) ENGINE=InnoDB DEFAULT CHARSET=utf8mb4 COLLATE=utf8mb4_unicode_ci;

--
-- Volcado de datos para la tabla `order_cancellations_log`
--

INSERT INTO `order_cancellations_log` (`id`, `order_id`, `product_id`, `quantity`, `cancelled_by`, `cancelled_at`) VALUES
(1, 136, 5, 1, 1, '2025-12-29 16:03:40'),
(2, 135, 5, 1, 1, '2025-12-29 16:09:57'),
(3, 137, 5, 1, 1, '2025-12-29 16:12:11'),
(4, 140, 5, 1, 1, '2025-12-30 01:58:57'),
(5, 175, 552, 1, 11, '2026-01-14 18:35:26');

-- --------------------------------------------------------

--
-- Estructura de tabla para la tabla `order_items`
--

CREATE TABLE `order_items` (
  `id` int(11) NOT NULL,
  `order_id` int(11) NOT NULL,
  `product_id` int(11) NOT NULL,
  `product_name` varchar(200) DEFAULT NULL,
  `tier_id` int(11) DEFAULT NULL,
  `unit_label` varchar(50) DEFAULT NULL,
  `quantity` int(11) NOT NULL,
  `price` decimal(10,2) NOT NULL,
  `subtotal` decimal(12,2) NOT NULL
) ENGINE=InnoDB DEFAULT CHARSET=utf8mb4 COLLATE=utf8mb4_unicode_ci;

--
-- Volcado de datos para la tabla `order_items`
--

INSERT INTO `order_items` (`id`, `order_id`, `product_id`, `product_name`, `tier_id`, `unit_label`, `quantity`, `price`, `subtotal`) VALUES
(1, 148, 553, 'MANIJA 2 KILOS', NULL, 'unidad', 2, 3000.00, 6000.00),
(2, 149, 552, 'MANIJA 1 1/2 KILOS - unidad', 2, 'unidad', 1, 1800.00, 1800.00),
(3, 150, 552, 'MANIJA 1 1/2 KILOS - unidad', 2, 'unidad', 1, 1800.00, 1800.00),
(4, 151, 552, 'MANIJA 1 1/2 KILOS', NULL, 'unidad', 1, 2300.00, 2300.00),
(5, 152, 992, 'BOLSA PARA BASURA', NULL, 'unidad', 546, 7.50, 4095.00),
(6, 153, 992, 'BOLSA PARA BASURA', NULL, 'unidad', 1000, 7.50, 7500.00),
(7, 154, 552, 'MANIJA 1 1/2 KILOS', NULL, 'unidad', 1, 2300.00, 2300.00),
(8, 155, 992, 'BOLSA PARA BASURA', NULL, 'unidad', 1, 7.50, 7.50),
(9, 156, 552, 'MANIJA 1 1/2 KILOS', NULL, 'unidad', 1, 2300.00, 2300.00),
(10, 157, 552, 'MANIJA 1 1/2 KILOS', NULL, 'unidad', 1, 2300.00, 2300.00),
(11, 158, 553, 'MANIJA 2 KILOS', NULL, 'unidad', 1, 2600.00, 2600.00),
(12, 159, 553, 'MANIJA 2 KILOS', NULL, 'unidad', 1, 2600.00, 2600.00),
(13, 160, 552, 'MANIJA 1 1/2 KILOS - unidad', 2, 'unidad', 1, 1800.00, 1800.00),
(14, 161, 992, 'BOLSA PARA BASURA', NULL, 'unidad', 2, 7.50, 15.00),
(15, 162, 992, 'BOLSA PARA BASURA', NULL, 'unidad', 2, 7.50, 15.00),
(16, 163, 992, 'BOLSA PARA BASURA', NULL, 'unidad', 1, 7.50, 7.50),
(17, 164, 992, 'BOLSA PARA BASURA', NULL, 'unidad', 2, 7.50, 15.00),
(18, 165, 992, 'BOLSA PARA BASURA', NULL, 'unidad', 1, 7.50, 7.50),
(19, 166, 992, 'BOLSA PARA BASURA', NULL, 'unidad', 1, 7.50, 7.50),
(20, 167, 992, 'BOLSA PARA BASURA', NULL, 'unidad', 1, 7.50, 7.50),
(21, 168, 992, 'BOLSA PARA BASURA', NULL, 'unidad', 1, 7.50, 7.50),
(22, 169, 992, 'BOLSA PARA BASURA', NULL, 'unidad', 1, 7.50, 7.50),
(23, 170, 992, 'BOLSA PARA BASURA', NULL, 'unidad', 1, 7.50, 7.50),
(24, 171, 992, 'BOLSA PARA BASURA', NULL, 'unidad', 1, 7.50, 7.50),
(25, 172, 553, 'MANIJA 2 KILOS', NULL, 'unidad', 1, 2600.00, 2600.00),
(26, 173, 552, 'MANIJA 1 1/2 KILOS', NULL, 'unidad', 1, 2800.00, 2800.00),
(27, 174, 552, 'MANIJA 1 1/2 KILOS - .', 43, '.', 2, 1900.00, 3800.00),
(28, 175, 552, 'MANIJA 1 1/2 KILOS - .', 43, '.', 1, 1900.00, 1900.00),
(29, 176, 552, 'MANIJA 1 1/2 KILOS', NULL, 'unidad', 1, 2300.00, 2300.00),
(30, 177, 663, 'BANDEJA #', NULL, 'unidad', 1, 100.08, 100.08),
(31, 178, 797, 'PALOS DE PINCHO 20CM DELGADO', NULL, 'unidad', 1, 2500.00, 2500.00),
(32, 179, 797, 'PALOS DE PINCHO 20CM DELGADO', NULL, 'unidad', 1, 2500.00, 2500.00),
(33, 180, 797, 'PALOS DE PINCHO 20CM DELGADO', NULL, 'unidad', 1, 2500.00, 2500.00),
(34, 181, 797, 'PALOS DE PINCHO 20CM DELGADO', NULL, 'unidad', 1, 2500.00, 2500.00),
(35, 182, 797, 'PALOS DE PINCHO 20CM DELGADO', NULL, 'unidad', 1, 2500.00, 2500.00),
(36, 183, 797, 'PALOS DE PINCHO 20CM DELGADO', NULL, 'unidad', 1, 2500.00, 2500.00),
(37, 184, 797, 'PALOS DE PINCHO 20CM DELGADO - unidad', 524, 'unidad', 1, 1700.00, 1700.00),
(38, 185, 797, 'PALOS DE PINCHO 20CM DELGADO - unidad', 524, 'unidad', 1, 1700.00, 1700.00),
(39, 186, 797, 'PALOS DE PINCHO 20CM DELGADO - unidad', 524, 'unidad', 1, 1700.00, 1700.00),
(40, 187, 797, 'PALOS DE PINCHO 20CM DELGADO', NULL, 'unidad', 1, 2500.00, 2500.00),
(41, 188, 797, 'PALOS DE PINCHO 20CM DELGADO', NULL, 'unidad', 1, 2500.00, 2500.00),
(42, 189, 797, 'PALOS DE PINCHO 20CM DELGADO', NULL, 'unidad', 1, 2500.00, 2500.00),
(43, 190, 797, 'PALOS DE PINCHO 20CM DELGADO', NULL, 'unidad', 1, 2500.00, 2500.00),
(44, 191, 797, 'PALOS DE PINCHO 20CM DELGADO', NULL, 'unidad', 2, 2500.00, 5000.00),
(45, 192, 797, 'PALOS DE PINCHO 20CM DELGADO', NULL, 'unidad', 1, 2500.00, 2500.00),
(46, 193, 797, 'PALOS DE PINCHO 20CM DELGADO', NULL, 'unidad', 1, 2500.00, 2500.00),
(47, 194, 797, 'PALOS DE PINCHO 20CM DELGADO', NULL, 'unidad', 2, 2500.00, 5000.00),
(48, 195, 797, 'PALOS DE PINCHO 20CM DELGADO', NULL, 'unidad', 1, 2500.00, 2500.00),
(49, 196, 797, 'PALOS DE PINCHO 20CM DELGADO', NULL, 'unidad', 4, 2500.00, 10000.00),
(50, 197, 797, 'PALOS DE PINCHO 20CM DELGADO', NULL, 'unidad', 1, 2500.00, 2500.00),
(51, 198, 797, 'PALOS DE PINCHO 20CM DELGADO', NULL, 'unidad', 1, 2500.00, 2500.00),
(52, 199, 797, 'PALOS DE PINCHO 20CM DELGADO - unidad', 524, 'unidad', 1, 1700.00, 1700.00),
(53, 200, 797, 'PALOS DE PINCHO 20CM DELGADO - unidad', 524, 'unidad', 1, 1700.00, 1700.00),
(54, 201, 797, 'PALOS DE PINCHO 20CM DELGADO - unidad', 524, 'unidad', 1, 1700.00, 1700.00),
(55, 202, 797, 'PALOS DE PINCHO 20CM DELGADO', NULL, 'unidad', 1, 2500.00, 2500.00),
(56, 203, 797, 'PALOS DE PINCHO 20CM DELGADO', NULL, 'unidad', 1, 2500.00, 2500.00),
(57, 204, 797, 'PALOS DE PINCHO 20CM DELGADO - unidad', 524, 'unidad', 6, 1700.00, 10200.00),
(58, 205, 797, 'PALOS DE PINCHO 20CM DELGADO - unidad', 524, 'unidad', 13, 1700.00, 22100.00),
(59, 206, 797, 'PALOS DE PINCHO 20CM DELGADO - unidad', 524, 'unidad', 1, 1700.00, 1700.00),
(60, 207, 797, 'PALOS DE PINCHO 20CM DELGADO', NULL, 'unidad', 10, 2500.00, 25000.00),
(61, 208, 797, 'PALOS DE PINCHO 20CM DELGADO', NULL, 'unidad', 1, 2500.00, 2500.00),
(62, 209, 657, 'B-1 - ..', 301, '..', 1, 505.04, 505.04),
(63, 210, 712, 'ALUMINIO P-25 - unidad', 413, 'unidad', 1, 5400.00, 5400.00),
(64, 211, 1211, 'Varios - unidad', 726, 'unidad', 200, 1.01, 202.00),
(65, 212, 1211, 'Varios - unidad', 727, 'unidad', 500, 1.00, 500.00),
(66, 212, 847, 'BLONDA (1) BASE CIRCULAR 42CM - unidad', 573, 'unidad', 1, 2000.00, 2000.00),
(67, 212, 846, 'BLONDA (2) BASE CIRCULAR 34CM - unidad', 572, 'unidad', 1, 1500.00, 1500.00),
(68, 212, 658, 'J-1 Y J-2 - ..', 313, '..', 200, 668.78, 133756.00),
(69, 212, 663, 'BANDEJA # 1 - .', 347, '.', 100, 100.08, 10008.00),
(70, 212, 658, 'J-1 Y J-2 - ..', 732, '..', 1, 699.88, 699.88),
(71, 212, 658, 'J-1 Y J-2 - ...', 729, '...', 200, 384.55, 76910.00);

-- --------------------------------------------------------

--
-- Estructura de tabla para la tabla `payments`
--

CREATE TABLE `payments` (
  `id` int(11) NOT NULL,
  `order_id` int(11) NOT NULL,
  `amount` decimal(12,2) NOT NULL,
  `method` varchar(50) DEFAULT NULL,
  `reference` varchar(255) DEFAULT NULL,
  `status` varchar(50) DEFAULT NULL,
  `created_at` timestamp NOT NULL DEFAULT current_timestamp(),
  `cash_received` decimal(12,2) DEFAULT 0.00,
  `change_given` decimal(12,2) DEFAULT 0.00,
  `user_id` int(11) DEFAULT NULL
) ENGINE=InnoDB DEFAULT CHARSET=utf8mb4 COLLATE=utf8mb4_unicode_ci;

--
-- Volcado de datos para la tabla `payments`
--

INSERT INTO `payments` (`id`, `order_id`, `amount`, `method`, `reference`, `status`, `created_at`, `cash_received`, `change_given`, `user_id`) VALUES
(1, 1, 1300.00, 'efectivo', NULL, 'completado', '2025-12-30 03:31:55', 2000.00, 700.00, 1),
(2, 150, 1800.00, 'efectivo', NULL, 'completado', '2026-01-10 21:05:42', 2000.00, 200.00, 1),
(3, 151, 2300.00, 'efectivo', NULL, 'completado', '2026-01-11 13:18:02', 50000.00, 47700.00, 1),
(4, 152, 4095.00, 'efectivo', NULL, 'completado', '2026-01-11 18:06:11', 10000.00, 5905.00, 11),
(5, 153, 7500.00, 'efectivo', NULL, 'completado', '2026-01-11 18:07:43', 100000.00, 92500.00, 11),
(6, 154, 2300.00, 'efectivo', NULL, 'completado', '2026-01-11 18:09:35', 10000.00, 7700.00, 11),
(7, 155, 7.50, 'efectivo', NULL, 'completado', '2026-01-11 18:13:17', 10.00, 2.50, 11),
(8, 156, 2300.00, 'efectivo', NULL, 'completado', '2026-01-11 18:14:48', 100000.00, 97700.00, 1),
(9, 157, 2300.00, 'efectivo', NULL, 'completado', '2026-01-11 18:29:31', 10000.00, 7700.00, 1),
(10, 159, 10000.00, 'efectivo', NULL, 'completado', '2026-01-11 18:45:40', 10000.00, 0.00, 11),
(11, 160, 255555.00, 'efectivo', NULL, 'completado', '2026-01-11 18:45:51', 255555.00, 0.00, 11),
(12, 161, 15.00, 'efectivo', NULL, 'completado', '2026-01-11 18:55:26', 100.00, 85.00, 11),
(13, 162, 15.00, 'efectivo', NULL, 'completado', '2026-01-11 19:32:14', 100.00, 85.00, 11),
(14, 163, 7.50, 'efectivo', NULL, 'completado', '2026-01-11 19:32:37', 100.00, 92.50, 11),
(15, 164, 15.00, 'efectivo', NULL, 'completado', '2026-01-11 19:36:48', 100.00, 85.00, 11),
(16, 165, 7.50, 'efectivo', NULL, 'completado', '2026-01-11 19:37:19', 100.00, 92.50, 11),
(17, 166, 7.50, 'efectivo', NULL, 'completado', '2026-01-11 19:51:44', 100.00, 92.50, 11),
(18, 167, 7.50, 'efectivo', NULL, 'completado', '2026-01-11 19:57:56', 100.00, 92.50, 11),
(19, 168, 7.50, 'efectivo', NULL, 'completado', '2026-01-11 20:01:44', 100.00, 92.50, 11),
(20, 170, 7.50, 'efectivo', NULL, 'completado', '2026-01-11 20:36:40', 100.00, 92.50, 11),
(21, 171, 7.50, 'efectivo', NULL, 'completado', '2026-01-12 13:45:54', 10.00, 2.50, 11),
(22, 172, 2600.00, 'efectivo', NULL, 'completado', '2026-01-12 16:20:14', 10000.00, 7400.00, 11),
(23, 173, 2800.00, 'efectivo', NULL, 'completado', '2026-01-13 14:48:10', 10000.00, 7200.00, 1),
(24, 174, 3800.00, 'efectivo', NULL, 'completado', '2026-01-14 18:33:52', 100000.00, 96200.00, 11),
(25, 175, 1900.00, 'efectivo', NULL, 'completado', '2026-01-14 18:34:15', 10000.00, 8100.00, 11),
(26, 176, 2300.00, 'efectivo', NULL, 'completado', '2026-01-16 15:17:30', 100000.00, 97700.00, 1),
(27, 177, 100.08, 'efectivo', NULL, 'completado', '2026-01-16 19:20:36', 200.00, 99.92, 1),
(28, 178, 2500.00, 'efectivo', NULL, 'completado', '2026-01-19 00:50:19', 30000.00, 27500.00, 1),
(29, 179, 2500.00, 'efectivo', NULL, 'completado', '2026-01-19 01:23:09', 10000.00, 7500.00, 1),
(30, 180, 2500.00, 'efectivo', NULL, 'completado', '2026-01-19 01:24:19', 10000.00, 7500.00, 1),
(31, 181, 2500.00, 'efectivo', NULL, 'completado', '2026-01-19 01:36:05', 10000.00, 7500.00, 1),
(32, 182, 2500.00, 'efectivo', NULL, 'completado', '2026-01-19 01:55:23', 10000.00, 7500.00, 1),
(33, 183, 2500.00, 'efectivo', NULL, 'completado', '2026-01-19 01:58:54', 10000.00, 7500.00, 1),
(34, 184, 1700.00, 'efectivo', NULL, 'completado', '2026-01-19 02:04:12', 10000.00, 8300.00, 11),
(35, 185, 1700.00, 'efectivo', NULL, 'completado', '2026-01-19 02:40:53', 10000.00, 8300.00, 11),
(36, 186, 1700.00, 'efectivo', NULL, 'completado', '2026-01-19 03:19:40', 10000.00, 8300.00, 11),
(37, 187, 2500.00, 'efectivo', NULL, 'completado', '2026-01-19 03:20:32', 10000.00, 7500.00, 1),
(38, 188, 2500.00, 'efectivo', NULL, 'completado', '2026-01-19 03:29:03', 10000.00, 7500.00, 1),
(39, 189, 2500.00, 'efectivo', NULL, 'completado', '2026-01-19 03:31:35', 10000.00, 7500.00, 1),
(40, 190, 2500.00, 'efectivo', NULL, 'completado', '2026-01-19 03:41:03', 10000.00, 7500.00, 1),
(41, 191, 5000.00, 'efectivo', NULL, 'completado', '2026-01-19 03:48:47', 10000.00, 5000.00, 1),
(42, 192, 2500.00, 'efectivo', NULL, 'completado', '2026-01-19 03:55:41', 10000.00, 7500.00, 1),
(43, 193, 2500.00, 'efectivo', NULL, 'completado', '2026-01-19 04:00:43', 10000.00, 7500.00, 1),
(44, 194, 5000.00, 'efectivo', NULL, 'completado', '2026-01-19 04:13:14', 10000.00, 5000.00, 1),
(45, 195, 2500.00, 'efectivo', NULL, 'completado', '2026-01-19 04:14:55', 10000.00, 7500.00, 1),
(46, 196, 10000.00, 'efectivo', NULL, 'completado', '2026-01-19 04:15:31', 10000.00, 0.00, 1),
(47, 197, 2500.00, 'efectivo', NULL, 'completado', '2026-01-19 04:25:18', 10000.00, 7500.00, 1),
(48, 198, 2500.00, 'efectivo', NULL, 'completado', '2026-01-19 04:35:56', 10000.00, 7500.00, 1),
(49, 199, 1700.00, 'efectivo', NULL, 'completado', '2026-01-19 04:36:42', 10000.00, 8300.00, 11),
(50, 200, 1700.00, 'efectivo', NULL, 'completado', '2026-01-19 04:38:08', 100000.00, 98300.00, 11),
(51, 201, 1700.00, 'efectivo', NULL, 'completado', '2026-01-19 04:42:02', 1000000.00, 998300.00, 11),
(52, 202, 2500.00, 'efectivo', NULL, 'completado', '2026-01-19 04:43:41', 10000000.00, 9997500.00, 1),
(53, 203, 2500.00, 'efectivo', NULL, 'completado', '2026-01-19 04:47:05', 10000.00, 7500.00, 1),
(54, 204, 10200.00, 'efectivo', NULL, 'completado', '2026-01-19 04:53:33', 100000.00, 89800.00, 11),
(55, 205, 22100.00, 'efectivo', NULL, 'completado', '2026-01-19 04:54:40', 200000.00, 177900.00, 11),
(56, 206, 1700.00, 'efectivo', NULL, 'completado', '2026-01-19 14:13:02', 10000.00, 8300.00, 11),
(57, 207, 25000.00, 'efectivo', NULL, 'completado', '2026-01-19 17:54:57', 100000.00, 75000.00, 1),
(58, 208, 2500.00, 'efectivo', NULL, 'completado', '2026-01-22 00:08:59', 1000.00, 0.00, 1),
(59, 208, 2000.00, 'virtual', NULL, 'completado', '2026-01-22 00:08:59', 0.00, 0.00, 1),
(60, 209, 505.04, 'efectivo', NULL, 'completado', '2026-01-23 00:20:33', 1000.00, 494.96, 11),
(61, 210, 5400.00, 'efectivo', NULL, 'completado', '2026-01-23 00:29:49', 10000.00, 4600.00, 11),
(62, 211, 202.00, 'efectivo', NULL, 'completado', '2026-01-24 21:42:00', 300.00, 98.00, 11),
(63, 212, 225373.88, 'efectivo', NULL, 'completado', '2026-01-24 22:56:17', 2000000.00, 1774626.12, 11);

-- --------------------------------------------------------

--
-- Estructura de tabla para la tabla `products`
--

CREATE TABLE `products` (
  `id` int(11) NOT NULL,
  `category_id` int(11) DEFAULT NULL,
  `subcategory_id` int(11) DEFAULT NULL,
  `sku` int(11) NOT NULL,
  `image` varchar(255) DEFAULT NULL,
  `name` varchar(200) NOT NULL,
  `description` text DEFAULT NULL,
  `price` decimal(10,2) NOT NULL DEFAULT 0.00,
  `min_quantity` int(11) DEFAULT 0,
  `cost` decimal(10,2) NOT NULL DEFAULT 0.00,
  `tax_percent` decimal(5,2) DEFAULT 0.00,
  `active` tinyint(1) DEFAULT 1,
  `created_at` timestamp NOT NULL DEFAULT current_timestamp(),
  `cost_initial` decimal(12,2) DEFAULT 0.00,
  `packaging_type` varchar(50) DEFAULT 'unidad',
  `packaging_qty` int(11) DEFAULT 1,
  `iva_percent` decimal(5,2) DEFAULT 0.00,
  `margin_percent` decimal(5,2) DEFAULT 0.00,
  `price_unit` decimal(12,2) DEFAULT 0.00,
  `stock` int(11) DEFAULT 0,
  `rounding_enabled` tinyint(1) NOT NULL DEFAULT 1
) ENGINE=InnoDB DEFAULT CHARSET=utf8mb4 COLLATE=utf8mb4_unicode_ci;

--
-- Volcado de datos para la tabla `products`
--

INSERT INTO `products` (`id`, `category_id`, `subcategory_id`, `sku`, `image`, `name`, `description`, `price`, `min_quantity`, `cost`, `tax_percent`, `active`, `created_at`, `cost_initial`, `packaging_type`, `packaging_qty`, `iva_percent`, `margin_percent`, `price_unit`, `stock`, `rounding_enabled`) VALUES
(552, 8, 10, 1, NULL, 'MANIJA 1 1/2 KILOS', NULL, 2300.00, 30, 1580.00, 0.00, 1, '2026-01-02 01:06:08', 1580.00, 'unidad', 1, 0.00, 40.00, 2300.00, 0, 1),
(553, 8, 10, 2, NULL, 'MANIJA 2 KILOS', NULL, 3000.00, 30, 2090.00, 0.00, 1, '2026-01-02 01:06:08', 2090.00, 'unidad', 1, 0.00, 40.00, 3000.00, 0, 1),
(554, 8, 10, 3, NULL, 'MANIJA 3 KILOS', NULL, 3500.00, 0, 2460.00, 0.00, 1, '2026-01-02 01:06:08', 2460.00, 'unidad', 1, 0.00, 40.00, 3500.00, 0, 1),
(555, 8, 10, 4, NULL, 'MANIJA 5 KILOS', NULL, 4800.00, 0, 3380.00, 0.00, 1, '2026-01-02 01:06:08', 3380.00, 'unidad', 1, 0.00, 40.00, 4800.00, 0, 1),
(556, 8, 10, 5, NULL, 'MANIJA 10 KILOS', NULL, 6300.00, 0, 4470.00, 0.00, 1, '2026-01-02 01:06:08', 4470.00, 'unidad', 1, 0.00, 40.00, 6300.00, 0, 1),
(557, 8, 10, 6, NULL, 'MANIJA 15 KILOS', NULL, 7500.00, 0, 5330.00, 0.00, 1, '2026-01-02 01:06:08', 5330.00, 'unidad', 1, 0.00, 40.00, 7500.00, 0, 1),
(558, 8, 10, 7, NULL, 'MANIJA 20 KILOS', NULL, 9000.00, 0, 6360.00, 0.00, 1, '2026-01-02 01:06:08', 6360.00, 'unidad', 1, 0.00, 40.00, 9000.00, 0, 1),
(559, 8, 10, 8, NULL, 'MANIJA 25 KILOS', NULL, 11900.00, 0, 8430.00, 0.00, 1, '2026-01-02 01:06:08', 8430.00, 'unidad', 1, 0.00, 40.00, 11900.00, 0, 1),
(560, 8, 10, 9, NULL, 'MANIJA 30 KILOS NARANJA', NULL, 16800.00, 0, 11990.00, 0.00, 1, '2026-01-02 01:06:08', 11990.00, 'unidad', 1, 0.00, 40.00, 16800.00, 0, 1),
(561, 8, 14, 10, NULL, 'BOLSA HERMETICA 3X4', NULL, 2600.00, 0, 1250.00, 0.00, 1, '2026-01-02 01:06:08', 1250.00, 'unidad', 1, 0.00, 105.00, 2600.00, 0, 1),
(562, 8, 14, 11, NULL, 'BOLSA HERMETICA 5X5', NULL, 3500.00, 0, 1750.00, 0.00, 1, '2026-01-02 01:06:08', 1750.00, 'unidad', 1, 0.00, 100.00, 3500.00, 0, 1),
(563, 8, 14, 12, NULL, 'BOLSA HERMETICA 5X6', NULL, 3300.00, 0, 1650.00, 0.00, 1, '2026-01-02 01:06:08', 1650.00, 'unidad', 1, 0.00, 100.00, 3300.00, 0, 1),
(564, 8, 14, 13, NULL, 'BOLSA HERMETICA 5X9', NULL, 3500.00, 0, 1750.00, 0.00, 1, '2026-01-02 01:06:08', 1750.00, 'unidad', 1, 0.00, 100.00, 3500.00, 0, 1),
(565, 8, 14, 14, NULL, 'BOLSA HERMETICA 6X9', NULL, 4000.00, 0, 2300.00, 0.00, 1, '2026-01-02 01:06:08', 2300.00, 'unidad', 1, 0.00, 70.00, 4000.00, 0, 1),
(566, 8, 14, 15, NULL, 'BOLSA HERMETICA 8X10', NULL, 4500.00, 0, 2595.00, 0.00, 1, '2026-01-02 01:06:08', 2595.00, 'unidad', 1, 0.00, 70.00, 4500.00, 0, 1),
(567, 8, 14, 16, NULL, 'BOLSA HERMETICA 10X12', NULL, 4800.00, 0, 3420.00, 0.00, 1, '2026-01-02 01:06:08', 3420.00, 'unidad', 1, 0.00, 40.00, 4800.00, 0, 1),
(568, 8, 14, 17, NULL, 'BOLSA HERMETICA 10X14', NULL, 5200.00, 0, 3700.00, 0.00, 1, '2026-01-02 01:06:08', 3700.00, 'unidad', 1, 0.00, 40.00, 5200.00, 0, 1),
(569, 8, 14, 18, NULL, 'BOLSA HERMETICA 20X10', NULL, 7000.00, 0, 4975.00, 0.00, 1, '2026-01-02 01:06:08', 4975.00, 'unidad', 1, 0.00, 40.00, 7000.00, 0, 1),
(570, 8, 14, 19, NULL, 'BOLSA HERMETICA 12X12', NULL, 5400.00, 0, 3800.00, 0.00, 1, '2026-01-02 01:06:08', 3800.00, 'unidad', 1, 0.00, 40.00, 5400.00, 0, 1),
(571, 8, 14, 20, NULL, 'BOLSA HERMETICA 12X14', NULL, 5800.00, 0, 4100.00, 0.00, 1, '2026-01-02 01:06:08', 4100.00, 'unidad', 1, 0.00, 40.00, 5800.00, 0, 1),
(572, 8, 14, 21, NULL, 'BOLSA HERMETICA 14X14', NULL, 7200.00, 0, 5080.00, 0.00, 1, '2026-01-02 01:06:08', 5080.00, 'unidad', 1, 0.00, 40.00, 7200.00, 0, 1),
(573, 8, 14, 22, NULL, 'BOLSA HERMETICA 18X14', NULL, 8400.00, 0, 6000.00, 0.00, 1, '2026-01-02 01:06:08', 6000.00, 'unidad', 1, 0.00, 40.00, 8400.00, 0, 1),
(574, 8, 14, 23, NULL, 'BOLSA HERMETICA 22X14', NULL, 12400.00, 0, 8800.00, 0.00, 1, '2026-01-02 01:06:08', 8800.00, 'unidad', 1, 0.00, 40.00, 12400.00, 0, 1),
(575, 8, 14, 24, NULL, 'BOLSA HERMETICA 20X15', NULL, 9700.00, 0, 6900.00, 0.00, 1, '2026-01-02 01:06:08', 6900.00, 'unidad', 1, 0.00, 40.00, 9700.00, 0, 1),
(576, 8, 14, 25, NULL, 'BOLSA HERMETICA 20X18', NULL, 12400.00, 0, 8790.00, 0.00, 1, '2026-01-02 01:06:08', 8790.00, 'unidad', 1, 0.00, 40.00, 12400.00, 0, 1),
(577, 8, 14, 26, NULL, 'BOLSA HERMETICA 24X20', NULL, 15400.00, 0, 11000.00, 0.00, 1, '2026-01-02 01:06:08', 11000.00, 'unidad', 1, 0.00, 40.00, 15400.00, 0, 1),
(578, 8, 14, 27, NULL, 'BOLSA HERMETICA 25X30', NULL, 23300.00, 0, 16600.00, 0.00, 1, '2026-01-02 01:06:08', 16600.00, 'unidad', 1, 0.00, 40.00, 23300.00, 0, 1),
(579, 8, 14, 28, NULL, 'BOLSA HERMETICA 36X25', NULL, 26200.00, 0, 18700.00, 0.00, 1, '2026-01-02 01:06:08', 18700.00, 'unidad', 1, 0.00, 40.00, 26200.00, 0, 1),
(580, 8, 14, 29, NULL, 'BOLSA HERMETICA 30X40', NULL, 35000.00, 0, 25000.00, 0.00, 1, '2026-01-02 01:06:08', 25000.00, 'unidad', 1, 0.00, 40.00, 35000.00, 0, 1),
(581, 8, 14, 30, NULL, 'BOLSA HERMETICA 40X49', NULL, 65800.00, 0, 47000.00, 0.00, 1, '2026-01-02 01:06:08', 47000.00, 'unidad', 1, 0.00, 40.00, 65800.00, 0, 1),
(582, 8, 221, 31, NULL, 'BOLSA DE PRESENTACION 5X8', NULL, 2600.00, 0, 1700.00, 0.00, 1, '2026-01-02 01:06:08', 1700.00, 'unidad', 1, 0.00, 50.00, 2600.00, 0, 1),
(583, 8, 221, 32, NULL, 'BOLSA DE PRESENTACION 7X10', NULL, 2700.00, 0, 1800.00, 0.00, 1, '2026-01-02 01:06:08', 1800.00, 'unidad', 1, 0.00, 50.00, 2700.00, 0, 1),
(584, 8, 221, 33, NULL, 'BOLSA DE PRESENTACION 8X12--9X14--10X16--12X16--14X20', NULL, 14.95, 0, 11500.00, 0.00, 1, '2026-01-02 01:06:08', 11.50, 'unidad', 1, 0.00, 30.00, 14.95, 0, 0),
(585, 8, 16, 34, NULL, 'BOLSA PEGANTE POLIPROPILENO 4X8', NULL, 4900.00, 0, 3500.00, 0.00, 1, '2026-01-02 01:06:08', 3500.00, 'unidad', 1, 0.00, 40.00, 4900.00, 0, 1),
(586, 8, 16, 35, NULL, 'BOLSA PEGANTE POLIPROPILENO 5X6', NULL, 4800.00, 0, 3400.00, 0.00, 1, '2026-01-02 01:06:08', 3400.00, 'unidad', 1, 0.00, 40.00, 4800.00, 0, 1),
(587, 8, 16, 36, NULL, 'BOLSA PEGANTE POLIPROPILENO 5X16', NULL, 5200.00, 0, 3700.00, 0.00, 1, '2026-01-02 01:06:08', 3700.00, 'unidad', 1, 0.00, 40.00, 5200.00, 0, 1),
(588, 8, 11, 37, NULL, 'BOLSA DE PAPEL 1/2 LIBRA', NULL, 2700.00, 0, 1800.00, 0.00, 1, '2026-01-02 01:06:08', 1800.00, 'unidad', 1, 0.00, 50.00, 2700.00, 0, 1),
(589, 8, 11, 38, NULL, 'BOLSA DE PAPEL LIBRA', NULL, 2900.00, 0, 2200.00, 0.00, 1, '2026-01-02 01:06:08', 2200.00, 'unidad', 1, 0.00, 30.00, 2900.00, 0, 1),
(590, 8, 11, 39, NULL, 'BOLSA DE PAPEL 2 LIBRAS', NULL, 3800.00, 0, 2900.00, 0.00, 1, '2026-01-02 01:06:08', 2900.00, 'unidad', 1, 0.00, 30.00, 3800.00, 0, 1),
(591, 8, 11, 40, NULL, 'BOLSA DE PAPEL 3 LIBRAS', NULL, 4600.00, 0, 3500.00, 0.00, 1, '2026-01-02 01:06:08', 3500.00, 'unidad', 1, 0.00, 30.00, 4600.00, 0, 1),
(592, 8, 11, 41, NULL, 'BOLSA DE PAPEL 4 LIBRAS', NULL, 5900.00, 0, 4500.00, 0.00, 1, '2026-01-02 01:06:08', 4500.00, 'unidad', 1, 0.00, 30.00, 5900.00, 0, 1),
(593, 8, 11, 42, NULL, 'BOLSA DE PAPEL 6 LIBRAS', NULL, 7800.00, 0, 6000.00, 0.00, 1, '2026-01-02 01:06:08', 6000.00, 'unidad', 1, 0.00, 30.00, 7800.00, 0, 1),
(594, 8, 18, 43, NULL, 'PLATO N 12 CM DARNEL', NULL, 2000.00, 0, 991.67, 19.00, 1, '2026-01-02 01:06:08', 992.00, 'unidad', 1, 0.00, 100.00, 2000.00, 0, 1),
(595, 8, 18, 44, NULL, 'PLATO N 15.5 CM DARNEL', NULL, 3000.00, 0, 1963.50, 19.00, 1, '2026-01-02 01:06:08', 1966.00, 'unidad', 1, 0.00, 50.00, 3000.00, 0, 1),
(596, 8, 18, 45, NULL, 'PLATO N 18 CM DARNEL', NULL, 3800.00, 0, 2672.54, 19.00, 1, '2026-01-02 01:06:08', 2675.00, 'unidad', 1, 0.00, 40.00, 3800.00, 0, 1),
(597, 8, 18, 46, NULL, 'PLATO 20 CM DARNEL', NULL, 5000.00, 0, 3535.29, 19.00, 1, '2026-01-02 01:06:08', 3535.20, 'unidad', 1, 0.00, 40.00, 5000.00, 0, 1),
(598, 8, 18, 47, NULL, 'PLATO 23 CM DARNEL', NULL, 6400.00, 0, 4536.88, 19.00, 1, '2026-01-02 01:06:08', 4536.88, 'unidad', 1, 0.00, 40.00, 6400.00, 0, 1),
(599, 8, 18, 48, NULL, 'PLATO 26 CM DARNEL', NULL, 8200.00, 0, 5811.17, 19.00, 1, '2026-01-02 01:06:08', 5811.17, 'unidad', 1, 0.00, 40.00, 8200.00, 0, 1),
(600, 8, 18, 49, NULL, 'PLATO 5 ONZ DARNEL', NULL, 2100.00, 0, 1011.50, 19.00, 1, '2026-01-02 01:06:08', 1011.50, 'unidad', 1, 0.00, 100.00, 2100.00, 0, 1),
(601, 8, 18, 50, NULL, 'PLATO 12 ONZ DARNEL', NULL, 3500.00, 0, 2627.92, 19.00, 1, '2026-01-02 01:06:08', 2627.92, 'unidad', 1, 0.00, 30.00, 3500.00, 0, 1),
(602, 8, 18, 51, NULL, 'PLATO 16 ONZ DARNEL', NULL, 4800.00, 0, 3074.17, 19.00, 1, '2026-01-02 01:06:08', 3074.17, 'unidad', 1, 0.00, 55.00, 4800.00, 0, 1),
(603, 8, 18, 52, NULL, 'PLATO 25 ONZ DARNEL', NULL, 7200.00, 0, 4437.71, 19.00, 1, '2026-01-02 01:06:08', 4437.71, 'unidad', 1, 0.00, 60.00, 7200.00, 0, 1),
(604, 8, 18, 53, NULL, 'PLATO 30 ONZ DARNEL', NULL, 7800.00, 0, 5548.38, 19.00, 1, '2026-01-02 01:06:08', 5548.38, 'unidad', 1, 0.00, 40.00, 7800.00, 0, 1),
(605, 8, 19, 54, NULL, 'CONT 16 DARNEL TP PLASTICA', NULL, 15000.00, 0, 12471.20, 19.00, 1, '2026-01-02 01:06:08', 12471.20, 'unidad', 1, 0.00, 20.00, 15000.00, 0, 1),
(606, 8, 19, 55, NULL, 'CONT 24 DARNEL TP PLASTICA', NULL, 20000.00, 0, 12798.45, 19.00, 1, '2026-01-02 01:06:08', 17695.00, 'unidad', 1, 0.00, 13.00, 20000.00, 0, 1),
(607, 8, 19, 56, NULL, 'Contenedor Sello Plus Transparente 8 onz Tapa Plana', NULL, 700.00, 0, 421.86, 19.00, 1, '2026-01-02 01:06:08', 421.86, 'unidad', 1, 0.00, 50.00, 700.00, 0, 1),
(608, 8, 19, 57, NULL, 'CONT TRANSPA 8 ONZ TAPA ALTA X1 Y X20', NULL, 600.00, 0, 382.59, 19.00, 1, '2026-01-02 01:06:08', 382.59, 'unidad', 1, 0.00, 50.00, 600.00, 0, 1),
(609, 8, 19, 58, NULL, 'CONT TRANSPA 12 ONZ TAPAPLANA', NULL, 1200.00, 0, 777.67, 19.00, 1, '2026-01-02 01:06:08', 777.67, 'unidad', 1, 0.00, 50.00, 1200.00, 0, 1),
(610, 8, 19, 59, NULL, 'CONT TRANSPA 12 ONZ TAPA ALTA', NULL, 800.00, 0, 531.93, 19.00, 1, '2026-01-02 01:06:08', 531.93, 'unidad', 1, 0.00, 50.00, 800.00, 0, 1),
(611, 8, 19, 60, NULL, 'CONT TRANSPA 16 ONZ TAPAPLANA', NULL, 800.00, 0, 501.59, 19.00, 1, '2026-01-02 01:06:08', 501.59, 'unidad', 1, 0.00, 50.00, 800.00, 0, 1),
(612, 8, 19, 61, NULL, 'CONT TRANSPA 24 ONZ TAPAPLANA', NULL, 1200.00, 0, 751.49, 19.00, 1, '2026-01-02 01:06:08', 751.49, 'unidad', 1, 0.00, 50.00, 1200.00, 0, 1),
(613, 8, 19, 62, NULL, 'CONT TRANSPA 32 ONZ TAPAPLANA', NULL, 1300.00, 0, 835.38, 19.00, 1, '2026-01-02 01:06:08', 835.38, 'unidad', 1, 0.00, 50.00, 1300.00, 0, 1),
(614, 8, 19, 63, NULL, 'CONT TRANSPA 48 ONZ TAPAPLANA', NULL, 1800.00, 0, 1154.30, 19.00, 1, '2026-01-02 01:06:08', 1154.30, 'unidad', 1, 0.00, 50.00, 1800.00, 0, 1),
(615, 8, 19, 64, NULL, 'CONT TRANS TRIANGULAR TAPA PLANA 11X5', NULL, 500.00, 0, 311.19, 19.00, 1, '2026-01-02 01:06:08', 311.19, 'unidad', 1, 0.00, 50.00, 500.00, 0, 1),
(616, 8, 19, 65, NULL, 'CONT TRANS TRIANGULAR TAPA ALTA 11X7', NULL, 600.00, 0, 343.91, 19.00, 1, '2026-01-02 01:06:08', 343.91, 'unidad', 1, 0.00, 50.00, 600.00, 0, 1),
(617, 8, 19, 66, NULL, 'CONT TRANS REDONDO TAPA MINI S', NULL, 500.00, 0, 270.13, 19.00, 1, '2026-01-02 01:06:08', 270.13, 'unidad', 1, 0.00, 50.00, 500.00, 0, 1),
(618, 8, 19, 67, NULL, 'CONT TRANS REDONDO TAPA MINI M', NULL, 500.00, 0, 318.92, 19.00, 1, '2026-01-02 01:06:08', 318.92, 'unidad', 1, 0.00, 50.00, 500.00, 0, 1),
(619, 8, 19, 68, NULL, 'CONT DOBLE USO 16 ONZ', NULL, 800.00, 0, 473.62, 19.00, 1, '2026-01-02 01:06:08', 473.62, 'unidad', 1, 0.00, 50.00, 800.00, 0, 1),
(620, 8, 19, 69, NULL, 'FRASCO PLASTICO MAS TAPA X1500 ML', NULL, 4500.00, 0, 2967.56, 19.00, 1, '2026-01-02 01:06:08', 2967.56, 'unidad', 1, 0.00, 50.00, 4500.00, 0, 1),
(621, 8, 19, 70, NULL, 'FRASCO PLASTICO MAS TAPA X4000 ML', NULL, 7000.00, 0, 5310.38, 19.00, 1, '2026-01-02 01:06:08', 5310.38, 'unidad', 1, 0.00, 30.00, 7000.00, 0, 1),
(622, 8, 19, 71, NULL, 'VISUAL PACK CUPCAKE N50', NULL, 600.00, 0, 377.83, 19.00, 1, '2026-01-02 01:06:08', 377.83, 'unidad', 1, 0.00, 50.00, 600.00, 0, 1),
(623, 8, 19, 72, NULL, 'VISUAL PACK CUPCAKE Y MUFFINSVN ALTO', NULL, 3000.00, 0, 1776.67, 19.00, 1, '2026-01-02 01:06:08', 1776.67, 'unidad', 1, 0.00, 65.00, 3000.00, 0, 1),
(624, 8, 23, 73, NULL, 'COPA VENECIANA 5 ONZ + TAPA', NULL, 13800.00, 0, 10547.37, 19.00, 1, '2026-01-02 01:06:08', 10547.37, 'unidad', 1, 0.00, 30.00, 13800.00, 0, 1),
(625, 8, 23, 74, NULL, 'COPA VENECIANA 8 ONZ + TAPA', NULL, 18600.00, 0, 14299.04, 19.00, 1, '2026-01-02 01:06:08', 14299.04, 'unidad', 1, 0.00, 30.00, 18600.00, 0, 1),
(626, 8, 19, 75, NULL, 'DOMO 6 PARA BANDEJA 1', NULL, 700.00, 0, 424.83, 19.00, 1, '2026-01-02 01:06:08', 424.83, 'unidad', 1, 0.00, 50.00, 700.00, 0, 1),
(627, 8, 19, 76, NULL, 'BASE RECT 20.5X12 ALTURA 12CM', NULL, 1700.00, 0, 1130.50, 19.00, 1, '2026-01-02 01:06:08', 1130.50, 'unidad', 1, 0.00, 50.00, 1700.00, 0, 1),
(628, 8, 19, 77, NULL, 'BASE RECT 34X14.6', NULL, 4000.00, 0, 2625.14, 19.00, 1, '2026-01-02 01:06:08', 2625.14, 'unidad', 1, 0.00, 50.00, 4000.00, 0, 1),
(629, 8, 19, 78, NULL, 'VISUALDOME + BASE 17 CM ALTURA 10', NULL, 2500.00, 0, 1249.50, 19.00, 1, '2026-01-02 01:06:08', 1249.50, 'unidad', 1, 0.00, 100.00, 2500.00, 0, 1),
(630, 8, 19, 79, NULL, 'BASE SIRC CON DOMO 18.5X8CM', NULL, 2500.00, 0, 875.84, 19.00, 1, '2026-01-02 01:06:08', 875.84, 'unidad', 1, 0.00, 185.00, 2500.00, 0, 1),
(631, 8, 19, 80, NULL, 'BASE SIRC CON DOMO 22X12CM', NULL, 3200.00, 0, 2077.74, 19.00, 1, '2026-01-02 01:06:08', 2077.74, 'unidad', 1, 0.00, 50.00, 3200.00, 0, 1),
(632, 1, 1, 81, NULL, 'CONT TRANSPA 24 ONZ TAPAPLANA', NULL, 0.00, 0, 751.49, 19.00, 1, '2026-01-02 01:06:08', 751.49, 'unidad', 1, 19.00, 30.00, 1119.72, 0, 1),
(633, 1, 1, 82, NULL, 'CONT TRANSPA 32 ONZ TAPAPLANA', NULL, 0.00, 0, 835.38, 19.00, 1, '2026-01-02 01:06:08', 835.38, 'unidad', 1, 19.00, 30.00, 1244.72, 0, 1),
(634, 1, 1, 83, NULL, 'CONT TRANSPA 48 ONZ TAPAPLANA', NULL, 0.00, 0, 1154.30, 19.00, 1, '2026-01-02 01:06:08', 1154.30, 'unidad', 1, 19.00, 30.00, 1719.91, 0, 1),
(635, 1, 1, 84, NULL, 'CONT TRANS TRIANGULAR TAPA PLANA 11X5', NULL, 0.00, 0, 311.19, 19.00, 1, '2026-01-02 01:06:08', 311.19, 'unidad', 1, 19.00, 30.00, 463.67, 0, 1),
(636, 1, 1, 85, NULL, 'CONT TRANS TRIANGULAR TAPA ALTA 11X7', NULL, 0.00, 0, 343.91, 19.00, 1, '2026-01-02 01:06:08', 343.91, 'unidad', 1, 19.00, 30.00, 512.43, 0, 1),
(637, 1, 1, 86, NULL, 'CONT TRANS REDONDO TAPA MINI S', NULL, 0.00, 0, 270.13, 19.00, 1, '2026-01-02 01:06:08', 270.13, 'unidad', 1, 19.00, 30.00, 402.49, 0, 1),
(638, 1, 1, 87, NULL, 'CONT TRANS REDONDO TAPA MINI M', NULL, 0.00, 0, 318.92, 19.00, 1, '2026-01-02 01:06:08', 318.92, 'unidad', 1, 19.00, 30.00, 475.19, 0, 1),
(639, 1, 1, 88, NULL, 'CONT DOBLE USO 16 ONZ', NULL, 0.00, 0, 473.62, 19.00, 1, '2026-01-02 01:06:08', 473.62, 'unidad', 1, 19.00, 30.00, 705.69, 0, 1),
(640, 1, 1, 89, NULL, 'FRASCO PLASTICO MAS TAPA X1500 ML', NULL, 0.00, 0, 2967.56, 19.00, 1, '2026-01-02 01:06:08', 2967.56, 'unidad', 1, 19.00, 30.00, 4421.66, 0, 1),
(641, 1, 1, 90, NULL, 'FRASCO PLASTICO MAS TAPA X4000 ML', NULL, 0.00, 0, 5310.38, 19.00, 1, '2026-01-02 01:06:08', 5310.38, 'unidad', 1, 19.00, 30.00, 7912.47, 0, 1),
(642, 1, 1, 91, NULL, 'VISUAL PACK CUPCAKE N50', NULL, 0.00, 0, 377.83, 19.00, 1, '2026-01-02 01:06:08', 377.83, 'unidad', 1, 19.00, 30.00, 562.97, 0, 1),
(643, 1, 1, 92, NULL, 'VISUAL PACK CUPCAKE Y MUFFINSVN ALTO', NULL, 0.00, 0, 1776.67, 19.00, 1, '2026-01-02 01:06:08', 1776.67, 'unidad', 1, 19.00, 30.00, 2647.24, 0, 1),
(644, 1, 1, 93, NULL, 'COPA VENECIANA 5 ONZ + TAPA', NULL, 0.00, 0, 10547.37, 19.00, 1, '2026-01-02 01:06:08', 10547.37, 'unidad', 1, 19.00, 30.00, 15715.58, 0, 1),
(645, 1, 1, 94, NULL, 'COPA VENECIANA 8 ONZ + TAPA', NULL, 0.00, 0, 14299.04, 19.00, 1, '2026-01-02 01:06:08', 14299.04, 'unidad', 1, 19.00, 30.00, 21305.57, 0, 1),
(646, 1, 1, 95, NULL, 'DOMO 6 PARA BANDEJA 1', NULL, 0.00, 0, 424.83, 19.00, 1, '2026-01-02 01:06:08', 424.83, 'unidad', 1, 19.00, 30.00, 633.00, 0, 1),
(647, 1, 1, 96, NULL, 'BASE RECT 20.5X12 ALTURA 12CM', NULL, 0.00, 0, 1130.50, 19.00, 1, '2026-01-02 01:06:08', 1130.50, 'unidad', 1, 19.00, 30.00, 1684.45, 0, 1),
(648, 1, 1, 97, NULL, 'BASE RECT 34X14.6', NULL, 0.00, 0, 2625.14, 19.00, 1, '2026-01-02 01:06:08', 2625.14, 'unidad', 1, 19.00, 30.00, 3911.46, 0, 1),
(649, 1, 1, 98, NULL, 'VISUALDOME + BASE 17 CM ALTURA 10', NULL, 0.00, 0, 1249.50, 19.00, 1, '2026-01-02 01:06:08', 1249.50, 'unidad', 1, 19.00, 30.00, 1861.76, 0, 1),
(650, 1, 1, 99, NULL, 'BASE SIRC CON DOMO 18.5X8CM', NULL, 0.00, 0, 875.84, 19.00, 1, '2026-01-02 01:06:08', 875.84, 'unidad', 1, 19.00, 30.00, 1305.00, 0, 1),
(651, 16, 223, 100, NULL, 'BASE SIRC CON DOMO 22X12CM', NULL, 3300.00, 0, 2077.74, 19.00, 1, '2026-01-02 01:06:08', 2077.74, 'unidad', 1, 19.00, 30.00, 3300.00, 0, 1),
(652, 8, 19, 101, NULL, 'BASE SIRC CON DOMO 25.5X12CM', NULL, 3800.00, 0, 2477.58, 19.00, 1, '2026-01-02 01:06:08', 2477.58, 'unidad', 1, 0.00, 50.00, 3800.00, 0, 1),
(653, 8, 19, 102, NULL, 'BASE SIRC CON DOMO 28X12CM VISUALDOME', NULL, 4600.00, 0, 2437.12, 19.00, 1, '2026-01-02 01:06:08', 2437.12, 'unidad', 1, 0.00, 85.00, 4600.00, 0, 1),
(654, 8, 19, 103, NULL, 'BASE SIRC CON DOMO 33X12CM', NULL, 5000.00, 0, 2449.02, 19.00, 1, '2026-01-02 01:06:08', 2449.02, 'unidad', 1, 0.00, 101.00, 5000.00, 0, 1),
(655, 8, 19, 104, NULL, 'CONTENEDOR 4 DIVISIONES NEGRO CON TAPA', NULL, 4400.00, 0, 2927.40, 19.00, 1, '2026-01-02 01:06:08', 2927.40, 'unidad', 1, 0.00, 50.00, 4400.00, 0, 1),
(656, 8, 19, 105, NULL, 'C-1', NULL, 406.02, 0, 203.01, 19.00, 1, '2026-01-02 01:06:08', 203.01, 'unidad', 1, 0.00, 100.00, 406.02, 0, 0),
(657, 8, 19, 106, NULL, 'B-1', NULL, 505.04, 0, 252.52, 19.00, 1, '2026-01-02 01:06:08', 252.52, 'unidad', 1, 0.00, 100.00, 505.04, 0, 0),
(658, 11, 225, 107, NULL, 'J-1 Y J-2', NULL, 699.88, 0, 334.39, 19.00, 1, '2026-01-02 01:06:08', 334.39, 'unidad', 1, 0.00, 109.30, 699.88, 0, 0),
(659, 8, 19, 108, NULL, 'P-1 Y P3', NULL, 799.39, 0, 370.09, 19.00, 1, '2026-01-02 01:06:08', 370.09, 'unidad', 1, 0.00, 116.00, 799.39, 0, 0),
(660, 8, 19, 109, NULL, 'T-1', NULL, 1399.74, 0, 672.95, 19.00, 1, '2026-01-02 01:06:08', 672.95, 'unidad', 1, 0.00, 108.00, 1399.74, 0, 0),
(661, 8, 19, 110, NULL, 'K-1', NULL, 600.84, 0, 294.53, 19.00, 1, '2026-01-02 01:06:08', 294.53, 'unidad', 1, 0.00, 104.00, 600.84, 0, 0),
(662, 8, 19, 111, NULL, 'L-1', NULL, 1366.12, 0, 683.06, 19.00, 1, '2026-01-02 01:06:08', 683.06, 'unidad', 1, 0.00, 100.00, 1366.12, 0, 0),
(663, 8, 19, 112, NULL, 'BANDEJA # 1', NULL, 100.08, 0, 69.02, 19.00, 1, '2026-01-02 01:06:08', 69.02, 'unidad', 1, 0.00, 45.00, 100.08, 0, 0),
(664, 8, 19, 113, NULL, 'BANDEJA # 3', NULL, 199.09, 0, 102.10, 19.00, 1, '2026-01-02 01:06:08', 102.10, 'unidad', 1, 0.00, 95.00, 199.09, 0, 0),
(665, 8, 19, 114, NULL, 'BANDEJA # 17', NULL, 199.21, 0, 107.10, 19.00, 1, '2026-01-02 01:06:08', 107.10, 'unidad', 1, 0.00, 86.00, 199.21, 0, 0),
(666, 8, 19, 115, NULL, 'Bandeja # 7', NULL, 300.13, 0, 132.80, 19.00, 1, '2026-01-02 01:06:08', 132.80, 'unidad', 1, 0.00, 126.00, 300.13, 0, 0),
(667, 8, 19, 116, NULL, 'BANDEJA # 10', NULL, 399.11, 0, 195.64, 19.00, 1, '2026-01-02 01:06:08', 195.64, 'unidad', 1, 0.00, 104.00, 399.11, 0, 0),
(668, 1, 1, 117, NULL, 'BASE ESPUMADA RECTANGULAR 20.4X11.4CM', NULL, 0.00, 0, 154.70, 19.00, 1, '2026-01-02 01:06:08', 154.70, 'unidad', 1, 19.00, 30.00, 230.50, 0, 1),
(669, 8, 21, 118, NULL, 'VASO 3.5 ONZ TRANS WAU', NULL, 3000.00, 0, 2050.00, 0.00, 1, '2026-01-02 01:06:08', 2050.00, 'unidad', 1, 0.00, 42.00, 3000.00, 0, 1),
(670, 8, 21, 119, NULL, 'VASO 5 ONZ BLANCO', NULL, 2000.00, 0, 1600.00, 0.00, 1, '2026-01-02 01:06:08', 1600.00, 'unidad', 1, 0.00, 20.00, 2000.00, 0, 1),
(671, 8, 21, 120, NULL, 'VASO 5 ONZ CARTON', NULL, 4500.00, 0, 3300.00, 0.00, 1, '2026-01-02 01:06:08', 3300.00, 'unidad', 1, 0.00, 35.00, 4500.00, 0, 1),
(672, 8, 21, 121, NULL, 'VASO 7 Onz Transparente', NULL, 2500.00, 0, 1583.33, 0.00, 1, '2026-01-02 01:06:08', 1583.33, 'unidad', 1, 0.00, 55.00, 2500.00, 0, 1),
(673, 8, 21, 122, NULL, 'VASO 7 ONZ WAU', NULL, 2600.00, 0, 1800.00, 0.00, 1, '2026-01-02 01:06:08', 1800.00, 'unidad', 1, 0.00, 40.00, 2600.00, 0, 1),
(674, 8, 21, 123, NULL, 'VASO 9 Onzas', NULL, 3300.00, 0, 2150.00, 0.00, 1, '2026-01-02 01:06:08', 2150.00, 'unidad', 1, 0.00, 50.00, 3300.00, 0, 1),
(675, 8, 21, 124, NULL, 'TAPA 9 ONZ TRANS WAU', NULL, 3900.00, 0, 3000.00, 0.00, 1, '2026-01-02 01:06:08', 3000.00, 'unidad', 1, 0.00, 30.00, 3900.00, 0, 1),
(676, 8, 21, 125, NULL, 'VASO 9 OZ TAMI OPAL X25', NULL, 4400.00, 0, 3961.71, 19.00, 1, '2026-01-02 01:06:08', 3961.71, 'unidad', 1, 0.00, 10.00, 4400.00, 0, 1),
(677, 8, 21, 126, NULL, 'VASO 10 ONZ WAU', NULL, 4500.00, 0, 3400.00, 0.00, 1, '2026-01-02 01:06:08', 3400.00, 'unidad', 1, 0.00, 30.00, 4500.00, 0, 1),
(678, 8, 21, 127, NULL, 'Vaso 12 Onzas Transparente', NULL, 4400.00, 0, 2700.00, 0.00, 1, '2026-01-02 01:06:08', 2700.00, 'unidad', 1, 0.00, 60.00, 4400.00, 0, 1),
(679, 8, 21, 128, NULL, 'VASO 12 ONZ WAU', NULL, 5300.00, 0, 4400.00, 0.00, 1, '2026-01-02 01:06:08', 4400.00, 'unidad', 1, 0.00, 20.00, 5300.00, 0, 1),
(680, 8, 21, 129, NULL, 'VASO 13 ONZ WAU x25', NULL, 3300.00, 0, 2700.00, 0.00, 1, '2026-01-02 01:06:08', 2700.00, 'unidad', 1, 0.00, 20.00, 3300.00, 0, 1),
(681, 8, 21, 130, NULL, 'VASO 14 ONZ WAU x25', NULL, 3500.00, 0, 2900.00, 0.00, 1, '2026-01-02 01:06:08', 2900.00, 'unidad', 1, 0.00, 20.00, 3500.00, 0, 1),
(682, 8, 21, 131, NULL, 'VASO 14 Onzas', NULL, 6900.00, 0, 4550.00, 0.00, 1, '2026-01-02 01:06:08', 4550.00, 'unidad', 1, 0.00, 50.00, 6900.00, 0, 1),
(683, 8, 21, 132, NULL, 'VASO 16 Onzas', NULL, 7000.00, 0, 4650.00, 0.00, 1, '2026-01-02 01:06:08', 4650.00, 'unidad', 1, 0.00, 50.00, 7000.00, 0, 1),
(684, 8, 21, 133, NULL, 'VASO ICOPOR 6 y 8 ONZ DARNEL', NULL, 1100.00, 0, 2428.00, 0.00, 1, '2026-01-02 01:06:08', 1000.00, 'unidad', 1, 0.00, 1.00, 1100.00, 0, 1),
(685, 1, 1, 134, NULL, 'VASO ICOPOR 8 ONZ DARNEL', NULL, 0.00, 0, 1525.58, 19.00, 1, '2026-01-02 01:06:08', 1525.58, 'unidad', 1, 19.00, 30.00, 2273.11, 0, 1),
(686, 8, 22, 135, NULL, 'TAPA VASO 3.5-7 ONZ WAU', NULL, 4000.00, 0, 3300.00, 0.00, 1, '2026-01-02 01:06:08', 3300.00, 'unidad', 1, 0.00, 20.00, 4000.00, 0, 1),
(687, 8, 22, 136, NULL, 'TAPA VASO 14-16 Onz Waw', NULL, 5500.00, 0, 3900.00, 0.00, 1, '2026-01-02 01:06:08', 3900.00, 'unidad', 1, 0.00, 40.00, 5500.00, 0, 1),
(688, 8, 22, 137, NULL, 'TAPA VASO 9-10-12 ONZ WAU', NULL, 5100.00, 0, 4200.00, 0.00, 1, '2026-01-02 01:06:08', 4200.00, 'unidad', 1, 0.00, 20.00, 5100.00, 0, 1),
(689, 8, 22, 138, NULL, 'TAPA DOMO 9-10-12-13-14-16 ONZ WAU x25', NULL, 5400.00, 0, 4500.00, 0.00, 1, '2026-01-02 01:06:08', 4500.00, 'unidad', 1, 0.00, 20.00, 5400.00, 0, 1),
(690, 1, 1, 139, NULL, 'TAPA DOMO 13-14-16 ONZ WAU X25 UND', NULL, 0.00, 0, 4500.00, 0.00, 1, '2026-01-02 01:06:08', 4500.00, 'unidad', 1, 0.00, 30.00, 5850.00, 0, 1),
(691, 8, 22, 140, NULL, 'TAPA VASO 9 OZ TAMI OPAL X25', NULL, 3000.00, 0, 2106.30, 19.00, 1, '2026-01-02 01:06:08', 2106.30, 'unidad', 1, 0.00, 40.00, 3000.00, 0, 1),
(692, 8, 22, 141, NULL, 'TAPA Darnel 0.5 Y 1 Onz x50', NULL, 3000.00, 0, 2989.28, 19.00, 1, '2026-01-02 01:06:08', 1500.00, 'unidad', 1, 0.00, 100.00, 3000.00, 0, 1),
(693, 8, 23, 142, NULL, 'COPA De 1/2 ONZ DARNEL', NULL, 2400.00, 0, 2870.28, 19.00, 1, '2026-01-02 01:06:08', 1400.00, 'unidad', 1, 0.00, 68.00, 2400.00, 0, 1),
(694, 8, 23, 143, NULL, 'COPA 1 ONZ DARNEL x50', NULL, 2500.00, 0, 3474.80, 19.00, 1, '2026-01-02 01:06:08', 1750.00, 'unidad', 1, 0.00, 40.00, 2500.00, 0, 1),
(695, 8, 23, 144, NULL, 'COPA 1.5 ONZ DARNEL x50', NULL, 3500.00, 0, 5255.04, 19.00, 1, '2026-01-02 01:06:08', 2650.00, 'unidad', 1, 0.00, 30.00, 3500.00, 0, 1),
(696, 8, 23, 145, NULL, 'TAPA COPA 2 ONZ DARNEL x50', NULL, 2800.00, 0, 4017.44, 19.00, 1, '2026-01-02 01:06:08', 2000.00, 'unidad', 1, 0.00, 40.00, 2800.00, 0, 1),
(697, 8, 22, 146, NULL, 'TAPA COPA SOUFLE 3 Onz Darnel x50', NULL, 6100.00, 0, 5597.76, 19.00, 1, '2026-01-02 01:06:08', 4350.00, 'unidad', 1, 0.00, 40.00, 6100.00, 0, 1),
(698, 8, 23, 147, NULL, 'COPA SOUFLE 3 ONZ DARNEL x50', NULL, 4000.00, 0, 5578.72, 19.00, 1, '2026-01-02 01:06:08', 2800.00, 'unidad', 1, 0.00, 40.00, 4000.00, 0, 1),
(699, 8, 23, 148, NULL, 'COPA FLAUTA TRANSPARENTE x10', NULL, 5500.00, 0, 4500.00, 0.00, 1, '2026-01-02 01:06:08', 4500.00, 'unidad', 1, 0.00, 22.00, 5500.00, 0, 1),
(700, 8, 23, 149, NULL, 'COPA VINO DE LUJO', NULL, 5500.00, 0, 3700.00, 0.00, 1, '2026-01-02 01:06:08', 4500.00, 'unidad', 1, 0.00, 22.00, 5500.00, 0, 1),
(701, 8, 23, 150, NULL, 'VASO WHISKY X10 UND', NULL, 5500.00, 0, 2700.00, 0.00, 1, '2026-01-02 01:06:08', 4500.00, 'unidad', 1, 0.00, 22.00, 5500.00, 0, 1),
(702, 8, 23, 151, NULL, 'ATOMIZADOR GRANDE', NULL, 2000.00, 0, 1500.00, 0.00, 1, '2026-01-02 01:06:08', 1500.00, 'unidad', 1, 0.00, 30.00, 2000.00, 0, 1),
(703, 8, 23, 152, NULL, 'ATOMIZADOR 30 ML', NULL, 1200.00, 0, 600.00, 0.00, 1, '2026-01-02 01:06:08', 600.00, 'unidad', 1, 0.00, 100.00, 1200.00, 0, 1),
(704, 8, 23, 153, NULL, 'ATOMIZADOR 60 ML', NULL, 1400.00, 0, 700.00, 0.00, 1, '2026-01-02 01:06:08', 700.00, 'unidad', 1, 0.00, 100.00, 1400.00, 0, 1),
(705, 8, 23, 154, NULL, 'ATOMIZADOR 120 ML', NULL, 1800.00, 0, 900.00, 0.00, 1, '2026-01-02 01:06:08', 900.00, 'unidad', 1, 0.00, 100.00, 1800.00, 0, 1),
(706, 8, 24, 155, NULL, 'L-17 Aluminio', NULL, 2200.00, 0, 1430.00, 0.00, 1, '2026-01-02 01:06:08', 1430.00, 'unidad', 1, 0.00, 50.00, 2200.00, 0, 1),
(707, 8, 24, 156, NULL, 'ALUMINIO L-19', NULL, 3400.00, 0, 2230.00, 0.00, 1, '2026-01-02 01:06:08', 2230.00, 'unidad', 1, 0.00, 50.00, 3400.00, 0, 1),
(708, 8, 24, 157, NULL, 'ALUMINIO L-21', NULL, 4100.00, 0, 2890.00, 0.00, 1, '2026-01-02 01:06:08', 2890.00, 'unidad', 1, 0.00, 40.00, 4100.00, 0, 1),
(709, 8, 24, 158, NULL, 'ALUMINIO L-23', NULL, 4300.00, 0, 3180.00, 0.00, 1, '2026-01-02 01:06:08', 3180.00, 'unidad', 1, 0.00, 35.00, 4300.00, 0, 1),
(710, 8, 24, 159, NULL, 'ALUMINIO L-25', NULL, 5900.00, 0, 4300.00, 0.00, 1, '2026-01-02 01:06:08', 4300.00, 'unidad', 1, 0.00, 35.00, 5900.00, 0, 1),
(711, 8, 24, 160, NULL, 'ALUMINIO P-20', NULL, 5000.00, 0, 4100.00, 0.00, 1, '2026-01-02 01:06:08', 4100.00, 'unidad', 1, 0.00, 20.00, 5000.00, 0, 1),
(712, 8, 24, 161, NULL, 'ALUMINIO P-25', NULL, 5400.00, 0, 4500.00, 0.00, 1, '2026-01-02 01:06:08', 4500.00, 'unidad', 1, 0.00, 20.00, 5400.00, 0, 1),
(713, 8, 24, 162, NULL, 'ALUMINIO L-35', NULL, 8100.00, 0, 6700.00, 0.00, 1, '2026-01-02 01:06:08', 6700.00, 'unidad', 1, 0.00, 20.00, 8100.00, 0, 1),
(714, 8, 24, 163, NULL, 'REPUESTO ALUMINIO 7M', NULL, 4000.00, 0, 1916.67, 0.00, 1, '2026-01-02 01:06:08', 1916.67, 'unidad', 1, 0.00, 104.00, 4000.00, 0, 1),
(715, 8, 24, 164, NULL, 'REPUESTO ALUMINIO 16M', NULL, 5500.00, 0, 3900.00, 0.00, 1, '2026-01-02 01:06:08', 3900.00, 'unidad', 1, 0.00, 40.00, 5500.00, 0, 1),
(716, 8, 24, 165, NULL, 'REPUESTO ALUMINIO 40M', NULL, 14000.00, 0, 10000.00, 0.00, 1, '2026-01-02 01:06:08', 10000.00, 'unidad', 1, 0.00, 40.00, 14000.00, 0, 1),
(717, 8, 24, 166, NULL, 'MOLDE MUFFINS', NULL, 400.00, 0, 230.00, 0.00, 1, '2026-01-02 01:06:08', 230.00, 'unidad', 1, 0.00, 50.00, 400.00, 0, 1),
(718, 8, 24, 167, NULL, 'MOLDE 4 OZ LECHE ASADA', NULL, 400.00, 0, 170.41, 19.00, 1, '2026-01-02 01:06:08', 170.41, 'unidad', 1, 0.00, 100.00, 400.00, 0, 1),
(719, 8, 22, 168, NULL, 'TAPA MOLDE 4 OZ LECHE ASADA', NULL, 200.00, 0, 87.35, 19.00, 1, '2026-01-02 01:06:08', 87.35, 'unidad', 1, 0.00, 100.00, 200.00, 0, 1),
(720, 8, 24, 169, NULL, 'MOLDE ALUMINIO 8 OZ JUNIOR', NULL, 400.00, 0, 177.55, 19.00, 1, '2026-01-02 01:06:08', 177.55, 'unidad', 1, 0.00, 100.00, 400.00, 0, 1),
(721, 8, 22, 170, NULL, 'TAPA MOLDE 8 OZ JUNIOR 12.3X9.8CM', NULL, 300.00, 0, 136.85, 19.00, 1, '2026-01-02 01:06:08', 136.85, 'unidad', 1, 0.00, 100.00, 300.00, 0, 1),
(722, 8, 24, 171, NULL, 'MOLDE ALUMINIO 16 OZ LASAA', NULL, 500.00, 0, 235.62, 19.00, 1, '2026-01-02 01:06:08', 235.62, 'unidad', 1, 0.00, 100.00, 500.00, 0, 1),
(723, 8, 22, 172, NULL, 'TAPA MOLDE LASAA 16 OZ 14X11.5CM', NULL, 500.00, 0, 224.67, 19.00, 1, '2026-01-02 01:06:08', 224.67, 'unidad', 1, 0.00, 100.00, 500.00, 0, 1),
(724, 8, 24, 173, NULL, 'MOLDE ALUMINIO 24 OZ PASTA', NULL, 600.00, 0, 237.29, 19.00, 1, '2026-01-02 01:06:08', 237.29, 'unidad', 1, 0.00, 150.00, 600.00, 0, 1),
(725, 8, 22, 174, NULL, 'TAPA MOLDE ALUMINIO 24 OZ PASTA 17.9X12.8', NULL, 800.00, 0, 354.86, 19.00, 1, '2026-01-02 01:06:08', 354.86, 'unidad', 1, 0.00, 100.00, 800.00, 0, 1),
(726, 8, 24, 175, NULL, 'MOLDE ALUMINIO 28 ONZ X1 Y X20', NULL, 1400.00, 0, 334.15, 19.00, 1, '2026-01-02 01:06:08', 334.15, 'unidad', 1, 0.00, 300.00, 1400.00, 0, 1),
(727, 8, 24, 176, NULL, 'MOLDE ALUMINIO 32 ONZ', NULL, 2000.00, 0, 1000.00, 0.00, 1, '2026-01-02 01:06:08', 1000.00, 'unidad', 1, 0.00, 100.00, 2000.00, 0, 1),
(728, 8, 24, 177, NULL, 'MOLDE ALUMINIO REDONDO Darnel 45 ONZ', NULL, 2400.00, 0, 795.52, 19.00, 1, '2026-01-02 01:06:08', 795.52, 'unidad', 1, 0.00, 200.00, 2400.00, 0, 1),
(729, 8, 22, 178, NULL, 'TAPA MOLDE 45 OZ - 226MM', NULL, 600.00, 0, 459.34, 19.00, 1, '2026-01-02 01:06:08', 459.34, 'unidad', 1, 0.00, 30.00, 600.00, 0, 1),
(730, 8, 24, 179, NULL, 'MOLDE TORTA PEQUEO', NULL, 1500.00, 0, 750.00, 0.00, 1, '2026-01-02 01:06:08', 750.00, 'unidad', 1, 0.00, 100.00, 1500.00, 0, 1),
(731, 8, 24, 180, NULL, 'MOLDE TORTA REDONDO GRANDE', NULL, 3500.00, 0, 1750.00, 0.00, 1, '2026-01-02 01:06:08', 1750.00, 'unidad', 1, 0.00, 100.00, 3500.00, 0, 1),
(732, 8, 24, 181, NULL, 'MOLDE TORTA ARROCERO', NULL, 6000.00, 0, 4000.00, 0.00, 1, '2026-01-02 01:06:08', 4000.00, 'unidad', 1, 0.00, 50.00, 6000.00, 0, 1),
(733, 8, 24, 182, NULL, 'MOLDE ALUMINIO 20', NULL, 2500.00, 0, 1350.00, 0.00, 1, '2026-01-02 01:06:08', 1350.00, 'unidad', 1, 0.00, 85.00, 2500.00, 0, 1),
(734, 8, 24, 183, NULL, 'MOLDE ALUMINIO 30 - 64 ONZAS DARNEL', NULL, 3000.00, 0, 1230.46, 19.00, 1, '2026-01-02 01:06:08', 1230.46, 'unidad', 1, 0.00, 140.00, 3000.00, 0, 1),
(735, 8, 22, 184, NULL, 'TAPA MOLDE ALUMINIO 30 - 64 ONZAS DARNEL', NULL, 1700.00, 0, 1266.16, 19.00, 1, '2026-01-02 01:06:08', 1266.16, 'unidad', 1, 0.00, 30.00, 1700.00, 0, 1),
(736, 8, 24, 185, NULL, 'MOLDE ALUMINIO #40 - 104 ONZAS DARNEL', NULL, 5300.00, 0, 1499.40, 19.00, 1, '2026-01-02 01:06:08', 1499.40, 'unidad', 1, 0.00, 250.00, 5300.00, 0, 1),
(737, 8, 22, 186, NULL, 'TAPA MOLDE ALUMINIO #40 - 104 ONZAS DARNEL', NULL, 4200.00, 0, 3155.88, 19.00, 1, '2026-01-02 01:06:08', 3155.88, 'unidad', 1, 0.00, 30.00, 4200.00, 0, 1),
(738, 8, 24, 187, NULL, 'MOLDE ALUMINIO OVALADO 136 ONZAS DARNEL', NULL, 6900.00, 0, 4690.58, 19.00, 1, '2026-01-02 01:06:08', 4690.58, 'unidad', 1, 0.00, 45.00, 6900.00, 0, 1),
(739, 8, 24, 188, NULL, 'MOLDE ALUMINIO # 60 RECTANGULAR 136 ONZAS DARNEL', NULL, 7300.00, 0, 4998.00, 19.00, 1, '2026-01-02 01:06:08', 4998.00, 'unidad', 1, 0.00, 45.00, 7300.00, 0, 1),
(740, 8, 24, 189, NULL, 'MOLDE ALUMINIO 50', NULL, 7000.00, 0, 5000.00, 0.00, 1, '2026-01-02 01:06:08', 5000.00, 'unidad', 1, 0.00, 40.00, 7000.00, 0, 1),
(741, 8, 24, 190, NULL, 'MOLDE ALUMINIO 70', NULL, 8000.00, 0, 6000.00, 0.00, 1, '2026-01-02 01:06:08', 6000.00, 'unidad', 1, 0.00, 32.00, 8000.00, 0, 1),
(742, 8, 24, 191, NULL, 'MOLDE ALUMINIO 100', NULL, 11000.00, 0, 8000.00, 0.00, 1, '2026-01-02 01:06:08', 8000.00, 'unidad', 1, 0.00, 37.00, 11000.00, 0, 1),
(743, 8, 24, 192, NULL, 'Molde Aluminio Ovalado Grande', NULL, 8900.00, 0, 6800.00, 0.00, 1, '2026-01-02 01:06:08', 6800.00, 'unidad', 1, 0.00, 30.00, 8900.00, 0, 1),
(744, 8, 24, 193, NULL, 'PROTECTOR ESTUFA ALUMINIO # 22 Unidad', NULL, 3400.00, 0, 2800.00, 0.00, 1, '2026-01-02 01:06:08', 2800.00, 'unidad', 1, 0.00, 20.00, 3400.00, 0, 1),
(745, 8, 24, 194, NULL, 'MOLDE CUPCAKE De 6 Puestos', NULL, 2300.00, 0, 1500.00, 0.00, 1, '2026-01-02 01:06:08', 1500.00, 'unidad', 1, 0.00, 50.00, 2300.00, 0, 1),
(746, 8, 26, 195, NULL, 'Cucharita Peque帽a Paquete X100 Unidades', NULL, 3000.00, 0, 1950.00, 0.00, 1, '2026-01-02 01:06:08', 1950.00, 'unidad', 1, 0.00, 50.00, 3000.00, 0, 1),
(747, 8, 26, 196, NULL, 'CUCHARITA DULCERA x20 Unidades', NULL, 1500.00, 0, 400.00, 0.00, 1, '2026-01-02 01:06:08', 500.00, 'unidad', 1, 0.00, 200.00, 1500.00, 0, 1),
(748, 8, 26, 197, NULL, 'CUCHARA CUCHILLO TENEDOR Grande x100 Unidades', NULL, 4900.00, 0, 3700.00, 0.00, 1, '2026-01-02 01:06:08', 3700.00, 'unidad', 1, 0.00, 30.00, 4900.00, 0, 1),
(749, 8, 26, 198, NULL, 'Cuchara Cuchillo Tenedor x20 Unidades', NULL, 2000.00, 0, 590.00, 0.00, 1, '2026-01-02 01:06:08', 1000.00, 'unidad', 1, 0.00, 100.00, 2000.00, 0, 1),
(750, 1, 1, 199, NULL, 'CUCHARITA DULCERA X20 MINI', NULL, 0.00, 0, 316.00, 0.00, 1, '2026-01-02 01:06:08', 316.00, 'unidad', 1, 0.00, 30.00, 410.80, 0, 1),
(751, 8, 26, 200, NULL, 'CUCHARITA CAPUCHINO', NULL, 6800.00, 0, 5200.00, 0.00, 1, '2026-01-02 01:06:08', 5200.00, 'unidad', 1, 0.00, 30.00, 6800.00, 0, 1),
(752, 1, 1, 201, NULL, 'MOLDE ALUMINIO 30 - 64 ONZAS DARNEL', NULL, 0.00, 0, 1230.46, 19.00, 1, '2026-01-02 01:06:08', 1230.46, 'unidad', 1, 19.00, 30.00, 1833.39, 0, 1),
(753, 1, 1, 202, NULL, 'TAPA MOLDE ALUMINIO 30 - 64 ONZAS DARNEL', NULL, 0.00, 0, 1266.16, 19.00, 1, '2026-01-02 01:06:08', 1266.16, 'unidad', 1, 19.00, 30.00, 1886.58, 0, 1),
(754, 1, 1, 203, NULL, 'MOLDE ALUMINIO #40 - 104 ONZAS DARNEL', NULL, 0.00, 0, 1499.40, 19.00, 1, '2026-01-02 01:06:08', 1499.40, 'unidad', 1, 19.00, 30.00, 2234.11, 0, 1),
(755, 1, 1, 204, NULL, 'TAPA MOLDE ALUMINIO #40 - 104 ONZAS DARNEL', NULL, 0.00, 0, 3155.88, 19.00, 1, '2026-01-02 01:06:08', 3155.88, 'unidad', 1, 19.00, 30.00, 4702.26, 0, 1),
(756, 1, 1, 205, NULL, 'MOLDE ALUMINIO OVALADO 136 ONZAS DARNEL', NULL, 0.00, 0, 4690.58, 19.00, 1, '2026-01-02 01:06:08', 4690.58, 'unidad', 1, 19.00, 30.00, 6988.96, 0, 1),
(757, 1, 1, 206, NULL, 'MOLDE ALUMINIO RECTANGULAR 136 ONZAS DARNEL', NULL, 0.00, 0, 4998.00, 19.00, 1, '2026-01-02 01:06:08', 4998.00, 'unidad', 1, 19.00, 30.00, 7447.02, 0, 1),
(758, 1, 1, 207, NULL, 'MOLDE ALUMINIO 50', NULL, 0.00, 0, 5000.00, 0.00, 1, '2026-01-02 01:06:08', 5000.00, 'unidad', 1, 0.00, 30.00, 6500.00, 0, 1),
(759, 1, 1, 208, NULL, 'MOLDE ALUMINIO 70', NULL, 0.00, 0, 6000.00, 0.00, 1, '2026-01-02 01:06:08', 6000.00, 'unidad', 1, 0.00, 30.00, 7800.00, 0, 1),
(760, 1, 1, 209, NULL, 'MOLDE ALUMINIO 100', NULL, 0.00, 0, 8000.00, 0.00, 1, '2026-01-02 01:06:08', 8000.00, 'unidad', 1, 0.00, 30.00, 10400.00, 0, 1),
(761, 1, 1, 210, NULL, 'MOLDE ALUMINIO OVALADO', NULL, 0.00, 0, 6800.00, 0.00, 1, '2026-01-02 01:06:08', 6800.00, 'unidad', 1, 0.00, 30.00, 8840.00, 0, 1),
(762, 1, 1, 211, NULL, 'PROTECTOR ESTUFA ALUMINIO 22', NULL, 0.00, 0, 2800.00, 0.00, 1, '2026-01-02 01:06:08', 2800.00, 'unidad', 1, 0.00, 30.00, 3640.00, 0, 1),
(763, 1, 1, 212, NULL, 'MOLDE CUPCAKE', NULL, 0.00, 0, 1500.00, 0.00, 1, '2026-01-02 01:06:08', 1500.00, 'unidad', 1, 0.00, 30.00, 1950.00, 0, 1),
(764, 1, 1, 213, NULL, 'CUCHARITA PEQUEA X100', NULL, 0.00, 0, 1950.00, 0.00, 1, '2026-01-02 01:06:08', 1950.00, 'unidad', 1, 0.00, 30.00, 2535.00, 0, 1),
(765, 1, 1, 214, NULL, 'CUCHARITA DULCERA X20 DARNEL', NULL, 0.00, 0, 400.00, 0.00, 1, '2026-01-02 01:06:08', 400.00, 'unidad', 1, 0.00, 30.00, 520.00, 0, 1),
(766, 1, 1, 215, NULL, 'CUCHARA CUCHILLO Y TENEDOR X100', NULL, 0.00, 0, 3700.00, 0.00, 1, '2026-01-02 01:06:08', 3700.00, 'unidad', 1, 0.00, 30.00, 4810.00, 0, 1),
(767, 1, 1, 216, NULL, 'CUCHARA CUCHILLO Y TENEDOR X20', NULL, 0.00, 0, 590.00, 0.00, 1, '2026-01-02 01:06:08', 590.00, 'unidad', 1, 0.00, 30.00, 767.00, 0, 1),
(768, 1, 1, 217, NULL, 'CUCHARITA DULCERA X20 MINI', NULL, 0.00, 0, 316.00, 0.00, 1, '2026-01-02 01:06:08', 316.00, 'unidad', 1, 0.00, 30.00, 410.80, 0, 1),
(769, 1, 1, 218, NULL, 'CUCHARITA CAPUCHINO', NULL, 0.00, 0, 5200.00, 0.00, 1, '2026-01-02 01:06:08', 5200.00, 'unidad', 1, 0.00, 30.00, 6760.00, 0, 1),
(770, 8, 27, 219, NULL, 'VINIPEL X20 MT', NULL, 2300.00, 0, 1500.00, 0.00, 1, '2026-01-02 01:06:08', 1500.00, 'unidad', 1, 0.00, 50.00, 2300.00, 0, 1),
(771, 8, 27, 220, NULL, 'VINIPEL X50 MT', NULL, 3500.00, 0, 2650.00, 0.00, 1, '2026-01-02 01:06:08', 2650.00, 'unidad', 1, 0.00, 30.00, 3500.00, 0, 1),
(772, 8, 27, 221, NULL, 'VINIPEL X100 MT', NULL, 6200.00, 0, 4750.00, 0.00, 1, '2026-01-02 01:06:09', 4750.00, 'unidad', 1, 0.00, 30.00, 6200.00, 0, 1),
(773, 8, 27, 222, NULL, 'Vinipel Negro x100 MT OSMOTICO', NULL, 6200.00, 0, 4750.00, 0.00, 1, '2026-01-02 01:06:09', 4750.00, 'unidad', 1, 0.00, 30.00, 6200.00, 0, 1),
(774, 8, 27, 223, NULL, 'VINIPEL X200 MT', NULL, 10400.00, 0, 7400.00, 0.00, 1, '2026-01-02 01:06:09', 7400.00, 'unidad', 1, 0.00, 40.00, 10400.00, 0, 1),
(775, 8, 27, 224, NULL, 'VINIPEL X300 MT', NULL, 15000.00, 0, 11500.00, 0.00, 1, '2026-01-02 01:06:09', 11500.00, 'unidad', 1, 0.00, 30.00, 15000.00, 0, 1),
(776, 8, 27, 225, NULL, 'VINIPEL X500 MT ROJO-AMARILLO', NULL, 21000.00, 0, 14900.00, 0.00, 1, '2026-01-02 01:06:09', 14900.00, 'unidad', 1, 0.00, 40.50, 21000.00, 0, 1),
(777, 8, 27, 226, NULL, 'Vinipel Bobina Grande', NULL, 70200.00, 0, 54000.00, 0.00, 1, '2026-01-02 01:06:09', 54000.00, 'unidad', 1, 0.00, 30.00, 70200.00, 0, 1),
(778, 8, 27, 227, NULL, 'VINIPEL X100 MT VASO', NULL, 5300.00, 0, 2500.00, 0.00, 1, '2026-01-02 01:06:09', 2500.00, 'unidad', 1, 0.00, 110.00, 5300.00, 0, 1),
(779, 8, 27, 228, NULL, 'PAPEL PARAFINADO X20', NULL, 6000.00, 0, 4600.00, 0.00, 1, '2026-01-02 01:06:09', 4600.00, 'unidad', 1, 0.00, 30.00, 6000.00, 0, 1),
(780, 8, 27, 229, NULL, 'PAPEL PARAFINADO X50', NULL, 10400.00, 0, 8000.00, 0.00, 1, '2026-01-02 01:06:09', 8000.00, 'unidad', 1, 0.00, 30.00, 10400.00, 0, 1),
(781, 8, 27, 230, NULL, 'PAPEL PARAFINADO X HOJAS 20X20', NULL, 3300.00, 0, 2500.00, 0.00, 1, '2026-01-02 01:06:09', 2500.00, 'unidad', 1, 0.00, 30.00, 3300.00, 0, 1),
(782, 8, 27, 231, NULL, 'PAPEL PARAFINADO X HOJAS 30X30', NULL, 13000.00, 0, 6500.00, 0.00, 1, '2026-01-02 01:06:09', 6500.00, 'unidad', 1, 0.00, 100.00, 13000.00, 0, 1),
(783, 8, 27, 232, NULL, 'VINIPEL STRECH 6\" X300 MT', NULL, 7000.00, 0, 3500.00, 0.00, 1, '2026-01-02 01:06:09', 3500.00, 'unidad', 1, 0.00, 100.00, 7000.00, 0, 1),
(784, 8, 27, 233, NULL, 'VINIPEL STRECH 12\" X300 MT', NULL, 13000.00, 0, 6500.00, 0.00, 1, '2026-01-02 01:06:09', 6500.00, 'unidad', 1, 0.00, 100.00, 13000.00, 0, 1),
(785, 8, 27, 234, NULL, 'VINIPEL STRECH 20\" X300 MT', NULL, 20000.00, 0, 10500.00, 0.00, 1, '2026-01-02 01:06:09', 10500.00, 'unidad', 1, 0.00, 90.00, 20000.00, 0, 1),
(786, 8, 27, 235, NULL, 'VINIPEL STRECH NEGRO 20\" X300 MT', NULL, 20000.00, 0, 15000.00, 0.00, 1, '2026-01-02 01:06:09', 15000.00, 'unidad', 1, 0.00, 33.00, 20000.00, 0, 1),
(787, 8, 25, 236, NULL, 'GUANTES MANIPULACION', NULL, 3600.00, 0, 2400.00, 0.00, 1, '2026-01-02 01:06:09', 2400.00, 'unidad', 1, 0.00, 50.00, 3600.00, 0, 1),
(788, 8, 25, 237, NULL, 'GUANTE NITRILO NEGRO DELGADO 2 Unidades', NULL, 1000.00, 0, 394.00, 0.00, 1, '2026-01-02 01:06:09', 394.00, 'unidad', 1, 0.00, 150.00, 1000.00, 0, 1),
(789, 8, 25, 238, NULL, 'GUANTE NITRILO HD GRUESO x2 Unidades', NULL, 2800.00, 0, 1400.00, 0.00, 1, '2026-01-02 01:06:09', 1400.00, 'unidad', 1, 0.00, 100.00, 2800.00, 0, 1),
(790, 1, 1, 239, NULL, 'GUANTE TODO USO', NULL, 0.00, 0, 2280.00, 0.00, 1, '2026-01-02 01:06:09', 2280.00, 'unidad', 1, 0.00, 30.00, 2964.00, 0, 1),
(791, 8, 25, 240, NULL, 'GUANTES DOMESTICO CALIBRE 25 Delgado', NULL, 4500.00, 0, 3200.00, 0.00, 1, '2026-01-02 01:06:09', 3200.00, 'unidad', 1, 0.00, 40.00, 4500.00, 0, 1),
(792, 8, 25, 241, NULL, 'GUANTE NILON', NULL, 4000.00, 0, 2500.00, 0.00, 1, '2026-01-02 01:06:09', 2500.00, 'unidad', 1, 0.00, 60.00, 4000.00, 0, 1),
(793, 10, 159, 242, NULL, 'TAPA BOCA', NULL, 10000.00, 0, 7000.00, 0.00, 1, '2026-01-02 01:06:09', 7000.00, 'unidad', 1, 0.00, 42.00, 10000.00, 0, 1),
(794, 8, 25, 243, NULL, 'TAPA BOCA X1 UNIDAD', NULL, 500.00, 0, 140.00, 0.00, 1, '2026-01-02 01:06:09', 140.00, 'unidad', 1, 0.00, 200.00, 500.00, 0, 1),
(795, 8, 25, 244, NULL, 'GORRO ORUGA BLANCO', NULL, 500.00, 0, 100.00, 0.00, 1, '2026-01-02 01:06:09', 100.00, 'unidad', 1, 0.00, 400.00, 500.00, 0, 1),
(796, 8, 25, 245, NULL, 'GORRO MALLA NEGRA Unidad', NULL, 500.00, 0, 239.00, 0.00, 1, '2026-01-02 01:06:09', 239.00, 'unidad', 1, 0.00, 100.00, 500.00, 0, 1),
(797, 8, 29, 246, NULL, 'PALOS DE PINCHO 20CM DELGADO', NULL, 2500.00, 0, 1350.00, 0.00, 1, '2026-01-02 01:06:09', 1350.00, 'unidad', 1, 0.00, 85.00, 2500.00, 0, 1),
(798, 8, 29, 247, NULL, 'PALOS DE PINCHO 25CM DELGADO', NULL, 3000.00, 0, 1550.00, 0.00, 1, '2026-01-02 01:06:09', 1550.00, 'unidad', 1, 0.00, 93.00, 3000.00, 0, 1),
(799, 8, 29, 248, NULL, 'PALOS DE PINCHO 25CM GRUESO', NULL, 3100.00, 0, 2200.00, 0.00, 1, '2026-01-02 01:06:09', 2200.00, 'unidad', 1, 0.00, 40.00, 3100.00, 0, 1),
(800, 8, 29, 249, NULL, 'PALOS DE PINCHO 30CM GRUESO', NULL, 4000.00, 0, 2800.00, 0.00, 1, '2026-01-02 01:06:09', 2800.00, 'unidad', 1, 0.00, 40.00, 4000.00, 0, 1),
(801, 8, 29, 250, NULL, 'PALILLO PANDA', NULL, 1500.00, 0, 483.33, 0.00, 1, '2026-01-02 01:06:09', 483.33, 'unidad', 1, 0.00, 200.00, 1500.00, 0, 1),
(802, 8, 29, 251, NULL, 'PALILLO EXTRALARGOS', NULL, 2000.00, 0, 925.00, 0.00, 1, '2026-01-02 01:06:09', 925.00, 'unidad', 1, 0.00, 110.00, 2000.00, 0, 1),
(803, 10, 163, 252, NULL, 'PALO HELADO X1000 UND', NULL, 14000.00, 0, 10000.00, 0.00, 1, '2026-01-02 01:06:09', 10000.00, 'unidad', 1, 0.00, 40.00, 14000.00, 0, 1),
(804, 8, 29, 253, NULL, 'PALO HELADO X100 UND', NULL, 2500.00, 0, 1000.00, 0.00, 1, '2026-01-02 01:06:09', 1111.00, 'unidad', 1, 0.00, 120.00, 2500.00, 0, 1),
(805, 8, 23, 254, NULL, 'COPA HELADO', NULL, 6600.00, 0, 388.89, 0.00, 1, '2026-01-02 01:06:09', 4666.00, 'unidad', 1, 0.00, 40.00, 6600.00, 0, 1),
(806, 8, 25, 255, NULL, 'SERVILLETA Nova x100', NULL, 2300.00, 0, 1753.33, 0.00, 1, '2026-01-02 01:06:09', 1753.33, 'unidad', 1, 0.00, 30.00, 2300.00, 0, 1),
(807, 8, 25, 256, NULL, 'SERVILLETA Familia UNA A UNA x150', NULL, 2900.00, 0, 2165.63, 0.00, 1, '2026-01-02 01:06:09', 2165.63, 'unidad', 1, 0.00, 30.00, 2900.00, 0, 1),
(808, 8, 25, 257, NULL, 'TOALLA DE PAPEL Rollo', NULL, 2800.00, 0, 2083.33, 0.00, 1, '2026-01-02 01:06:09', 2083.33, 'unidad', 1, 0.00, 30.00, 2800.00, 0, 1),
(809, 8, 25, 258, NULL, 'TOALLA DE PAPEL Dispensador Ba帽o', NULL, 5500.00, 0, 3900.00, 0.00, 1, '2026-01-02 01:06:09', 3900.00, 'unidad', 1, 0.00, 40.00, 5500.00, 0, 1),
(810, 1, 1, 259, NULL, 'SERVILLETA ELITE X300 UND', NULL, 0.00, 0, 1800.00, 0.00, 1, '2026-01-02 01:06:09', 1800.00, 'unidad', 1, 0.00, 30.00, 2340.00, 0, 1),
(811, 8, 25, 260, NULL, 'SERVILLETA SEDA MAX X330 UND', NULL, 3300.00, 0, 2400.00, 0.00, 1, '2026-01-02 01:06:09', 2400.00, 'unidad', 1, 0.00, 35.00, 3300.00, 0, 1),
(812, 1, 1, 261, NULL, 'SERVILLETA FABORITA X300 UND', NULL, 0.00, 0, 3200.00, 0.00, 1, '2026-01-02 01:06:09', 3200.00, 'unidad', 1, 0.00, 30.00, 4160.00, 0, 1),
(813, 1, 1, 262, NULL, 'SERVILLETA NUBE X300 UND', NULL, 0.00, 0, 3066.67, 0.00, 1, '2026-01-02 01:06:09', 3066.67, 'unidad', 1, 0.00, 30.00, 3986.67, 0, 1),
(814, 8, 25, 263, NULL, 'SERVILLETA TAMI x300', NULL, 4300.00, 0, 3037.33, 19.00, 1, '2026-01-02 01:06:09', 3037.33, 'unidad', 1, 0.00, 40.00, 4300.00, 0, 1),
(815, 8, 25, 264, NULL, 'PAPEL HIGIENICO JUMBO', NULL, 14000.00, 0, 10000.00, 0.00, 1, '2026-01-02 01:06:09', 10000.00, 'unidad', 1, 0.00, 40.00, 14000.00, 0, 1),
(816, 8, 25, 265, NULL, 'PAPEL HIGIENICO FAMILIAR AZUL', NULL, 1700.00, 0, 1250.00, 0.00, 1, '2026-01-02 01:06:09', 1250.00, 'unidad', 1, 0.00, 30.00, 1700.00, 0, 1),
(817, 8, 25, 266, NULL, 'PAPEL HIGIENICO FAMILIA GREEN DE 2000', NULL, 2000.00, 0, 1481.48, 0.00, 1, '2026-01-02 01:06:09', 1481.48, 'unidad', 1, 0.00, 30.00, 2000.00, 0, 1),
(818, 8, 25, 267, NULL, 'PAPEL HIGIENICO FAMILIA MEGA ROLLO', NULL, 2800.00, 0, 2083.33, 0.00, 1, '2026-01-02 01:06:09', 2083.33, 'unidad', 1, 0.00, 30.00, 2800.00, 0, 1),
(819, 8, 25, 268, NULL, 'PAPEL HIGIENICO FAMILIA EXPERT ROLLO', NULL, 2500.00, 0, 1900.00, 0.00, 1, '2026-01-02 01:06:09', 1900.00, 'unidad', 1, 0.00, 30.00, 2500.00, 0, 1),
(820, 8, 30, 269, NULL, 'NEVERA ICOPOR INSULINA', NULL, 6000.00, 0, 4600.00, 0.00, 1, '2026-01-02 01:06:09', 4600.00, 'unidad', 1, 0.00, 30.00, 6000.00, 0, 1),
(821, 8, 30, 270, NULL, 'NEVERA ICOPOR 5L', NULL, 7800.00, 0, 6000.00, 0.00, 1, '2026-01-02 01:06:09', 6000.00, 'unidad', 1, 0.00, 30.00, 7800.00, 0, 1),
(822, 8, 30, 271, NULL, 'NEVERA ICOPOR 10L', NULL, 13000.00, 0, 10000.00, 0.00, 1, '2026-01-02 01:06:09', 10000.00, 'unidad', 1, 0.00, 30.00, 13000.00, 0, 1),
(823, 8, 30, 272, NULL, 'NEVERA ICOPOR 20L', NULL, 16300.00, 0, 12500.00, 0.00, 1, '2026-01-02 01:06:09', 12500.00, 'unidad', 1, 0.00, 30.00, 16300.00, 0, 1),
(824, 8, 30, 273, NULL, 'NEVERA ICOPOR 30L', NULL, 22800.00, 0, 17500.00, 0.00, 1, '2026-01-02 01:06:09', 17500.00, 'unidad', 1, 0.00, 30.00, 22800.00, 0, 1),
(825, 8, 30, 274, NULL, 'NEVERA ICOPOR 40L', NULL, 27300.00, 0, 21000.00, 0.00, 1, '2026-01-02 01:06:09', 21000.00, 'unidad', 1, 0.00, 30.00, 27300.00, 0, 1),
(826, 1, 1, 275, NULL, 'GEL REFRIGERACION PEQUEO', NULL, 0.00, 0, 1000.00, 0.00, 1, '2026-01-02 01:06:09', 1000.00, 'unidad', 1, 0.00, 30.00, 1300.00, 0, 1),
(827, 1, 1, 276, NULL, 'GEL REFRIGERACION GRANDE', NULL, 0.00, 0, 3000.00, 0.00, 1, '2026-01-02 01:06:09', 3000.00, 'unidad', 1, 0.00, 30.00, 3900.00, 0, 1),
(828, 8, 32, 277, NULL, 'PORTA PERRO Cart贸n DELGADO x50', NULL, 2900.00, 0, 2400.00, 0.00, 1, '2026-01-02 01:06:09', 2400.00, 'unidad', 1, 0.00, 20.00, 2900.00, 0, 1),
(829, 8, 32, 278, NULL, 'PORTA AREPA x50', NULL, 3600.00, 0, 3000.00, 0.00, 1, '2026-01-02 01:06:09', 3000.00, 'unidad', 1, 0.00, 20.00, 3600.00, 0, 1),
(830, 8, 32, 279, NULL, 'PORTA HAMBURGUESA x50', NULL, 3000.00, 0, 3215.00, 0.00, 1, '2026-01-02 01:06:09', 2500.00, 'unidad', 1, 0.00, 20.00, 3000.00, 0, 1),
(831, 8, 32, 280, NULL, 'PORTA PIZZA GRUESA x50', NULL, 3900.00, 0, 3800.00, 0.00, 1, '2026-01-02 01:06:09', 3800.00, 'unidad', 1, 0.00, 1.00, 3900.00, 0, 1),
(832, 8, 32, 281, NULL, 'CAJA TORTA (6) 17X17', NULL, 1200.00, 0, 894.00, 0.00, 1, '2026-01-02 01:06:09', 894.00, 'unidad', 1, 0.00, 30.00, 1200.00, 0, 1),
(833, 8, 32, 282, NULL, 'CAJA TORTA (5) 22X22', NULL, 1400.00, 0, 1055.53, 19.00, 1, '2026-01-02 01:06:09', 1055.53, 'unidad', 1, 0.00, 30.00, 1400.00, 0, 1),
(834, 8, 32, 283, NULL, 'CAJA TORTA (4) 27X27', NULL, 1700.00, 0, 1274.00, 0.00, 1, '2026-01-02 01:06:09', 1274.00, 'unidad', 1, 0.00, 30.00, 1700.00, 0, 1),
(835, 8, 32, 284, NULL, 'CAJA TORTA (3) 32X32 31X31', NULL, 2300.00, 0, 1710.03, 19.00, 1, '2026-01-02 01:06:09', 1710.03, 'unidad', 1, 0.00, 30.00, 2300.00, 0, 1),
(836, 8, 32, 285, NULL, 'CAJA TORTA (2) 37X37 35X35', NULL, 3000.00, 0, 2154.00, 0.00, 1, '2026-01-02 01:06:09', 2154.00, 'unidad', 1, 0.00, 35.00, 3000.00, 0, 1),
(837, 8, 32, 286, NULL, 'CAJA TORTA (1) 42X42', NULL, 4000.00, 0, 2784.60, 19.00, 1, '2026-01-02 01:06:09', 2784.60, 'unidad', 1, 0.00, 41.00, 4000.00, 0, 1),
(838, 8, 32, 287, NULL, 'CAJA CUP CAKE X2', NULL, 2100.00, 0, 1600.00, 0.00, 1, '2026-01-02 01:06:09', 1600.00, 'unidad', 1, 0.00, 30.00, 2100.00, 0, 1),
(839, 8, 32, 288, NULL, 'CAJA CUP CAKE X4', NULL, 2500.00, 0, 1900.00, 0.00, 1, '2026-01-02 01:06:09', 1900.00, 'unidad', 1, 0.00, 30.00, 2500.00, 0, 1),
(840, 8, 32, 289, NULL, 'CAJA CUP CAKE X6', NULL, 2700.00, 0, 2000.00, 0.00, 1, '2026-01-02 01:06:09', 2000.00, 'unidad', 1, 0.00, 32.00, 2700.00, 0, 1),
(841, 8, 27, 290, NULL, 'SEPARADOR DE QUESO kl', NULL, 44.00, 0, 22000.00, 0.00, 1, '2026-01-02 01:06:09', 22.00, 'unidad', 1, 0.00, 100.00, 44.00, 0, 0),
(842, 8, 31, 291, NULL, 'BLONDA (6) BASE CIRCULAR 17CM', NULL, 200.00, 0, 101.75, 19.00, 1, '2026-01-02 01:06:09', 101.75, 'unidad', 1, 0.00, 30.00, 200.00, 0, 1),
(843, 8, 31, 292, NULL, 'BLONDA (5) BASE CIRCULAR 21CM', NULL, 300.00, 0, 195.76, 19.00, 1, '2026-01-02 01:06:09', 195.76, 'unidad', 1, 0.00, 30.00, 300.00, 0, 1),
(844, 8, 31, 293, NULL, 'BLONDA (4) BASE CIRCULAR 26CM', NULL, 500.00, 0, 306.43, 19.00, 1, '2026-01-02 01:06:09', 306.43, 'unidad', 1, 0.00, 40.00, 500.00, 0, 1),
(845, 8, 31, 294, NULL, 'BLONDA (3) BASE CIRCULAR 30CM', NULL, 600.00, 0, 395.08, 19.00, 1, '2026-01-02 01:06:09', 395.08, 'unidad', 1, 0.00, 30.00, 600.00, 0, 1),
(846, 8, 31, 295, NULL, 'BLONDA (2) BASE CIRCULAR 34CM', NULL, 1500.00, 0, 700.32, 19.00, 1, '2026-01-02 01:06:09', 700.32, 'unidad', 1, 0.00, 100.00, 1500.00, 0, 1),
(847, 8, 31, 296, NULL, 'BLONDA (1) BASE CIRCULAR 42CM', NULL, 2000.00, 0, 1101.35, 19.00, 1, '2026-01-02 01:06:09', 1101.35, 'unidad', 1, 0.00, 80.00, 2000.00, 0, 1),
(848, 1, 1, 297, NULL, 'BLONDA (0) BASE CUADRADA 59X51', NULL, 0.00, 0, 1820.11, 19.00, 1, '2026-01-02 01:06:09', 1820.11, 'unidad', 1, 19.00, 30.00, 2711.96, 0, 1),
(849, 8, 31, 298, NULL, 'BLONDA Dorada (6) BASE CIRCULAR 16cm', NULL, 1400.00, 0, 1050.00, 0.00, 1, '2026-01-02 01:06:09', 1050.00, 'unidad', 1, 0.00, 30.00, 1400.00, 0, 1),
(850, 8, 31, 299, NULL, 'BLONDA (5) BASE CIRCULAR 22CM DORADA', NULL, 2100.00, 0, 1600.00, 0.00, 1, '2026-01-02 01:06:09', 1600.00, 'unidad', 1, 0.00, 30.00, 2100.00, 0, 1),
(851, 8, 31, 300, NULL, 'BLONDA (4) BASE CIRCULAR 26CM DORADA', NULL, 2900.00, 0, 2200.00, 0.00, 1, '2026-01-02 01:06:09', 2200.00, 'unidad', 1, 0.00, 30.00, 2900.00, 0, 1),
(852, 8, 31, 301, NULL, 'BLONDA (3) BASE CIRCULAR 30CM DORADA', NULL, 4100.00, 0, 3150.00, 0.00, 1, '2026-01-02 01:06:09', 3150.00, 'unidad', 1, 0.00, 30.00, 4100.00, 0, 1),
(853, 8, 31, 302, NULL, 'BLONDA (2) BASE CIRCULAR 36CM DORADA', NULL, 4100.00, 0, 3150.00, 0.00, 1, '2026-01-02 01:06:09', 3150.00, 'unidad', 1, 0.00, 30.00, 4100.00, 0, 1),
(854, 8, 31, 303, NULL, 'BLONDA Dorada #1 Circular 40CM', NULL, 6900.00, 0, 5250.00, 0.00, 1, '2026-01-02 01:06:09', 5250.00, 'unidad', 1, 0.00, 30.00, 6900.00, 0, 1),
(855, 8, 43, 304, NULL, 'LONAS', NULL, 5000.00, 0, 2200.00, 0.00, 1, '2026-01-02 01:06:09', 2200.00, 'unidad', 1, 0.00, 123.00, 5000.00, 0, 1),
(856, 8, 43, 305, NULL, 'LONA MALETA', NULL, 15000.00, 0, 10000.00, 0.00, 1, '2026-01-02 01:06:09', 10000.00, 'unidad', 1, 0.00, 50.00, 15000.00, 0, 1),
(857, 8, 43, 306, NULL, 'AROMATICA DE PANELA', NULL, 3700.00, 0, 2791.67, 0.00, 1, '2026-01-02 01:06:09', 2791.67, 'unidad', 1, 0.00, 30.00, 3700.00, 0, 1),
(858, 8, 43, 307, NULL, 'Mezclador Pl谩stico', NULL, 1700.00, 0, 733.33, 0.00, 1, '2026-01-02 01:06:09', 733.33, 'unidad', 1, 0.00, 120.00, 1700.00, 0, 1),
(859, 8, 43, 308, NULL, 'MEZCLADOR MADERA X500', NULL, 4200.00, 0, 3200.00, 0.00, 1, '2026-01-02 01:06:09', 3200.00, 'unidad', 1, 0.00, 30.00, 4200.00, 0, 1),
(860, 8, 43, 309, NULL, 'PITILLOS', NULL, 3000.00, 0, 1650.00, 0.00, 1, '2026-01-02 01:06:09', 1650.00, 'unidad', 1, 0.00, 80.00, 3000.00, 0, 1),
(861, 8, 43, 310, NULL, 'PITILLO EMPACADO GASEOSA', NULL, 12700.00, 0, 9700.00, 0.00, 1, '2026-01-02 01:06:09', 9700.00, 'unidad', 1, 0.00, 30.00, 12700.00, 0, 1),
(862, 8, 43, 311, NULL, 'MALLA PARA FRUTA', NULL, 200.00, 0, 97.50, 0.00, 1, '2026-01-02 01:06:09', 97.50, 'unidad', 1, 0.00, 30.00, 200.00, 0, 1),
(863, 8, 25, 312, NULL, 'DELANTAL PLASTICO X UNIDAD', NULL, 1000.00, 0, 500.00, 0.00, 1, '2026-01-02 01:06:09', 500.00, 'unidad', 1, 0.00, 100.00, 1000.00, 0, 1);
INSERT INTO `products` (`id`, `category_id`, `subcategory_id`, `sku`, `image`, `name`, `description`, `price`, `min_quantity`, `cost`, `tax_percent`, `active`, `created_at`, `cost_initial`, `packaging_type`, `packaging_qty`, `iva_percent`, `margin_percent`, `price_unit`, `stock`, `rounding_enabled`) VALUES
(864, 8, 25, 313, NULL, 'DELANTAL PLASTICO Paquete X12 UNIDADES', NULL, 9000.00, 0, 500.00, 0.00, 1, '2026-01-02 01:06:09', 6000.00, 'unidad', 1, 0.00, 50.00, 9000.00, 0, 1),
(865, 8, 28, 314, NULL, 'PAPEL SULFITO Paquete', NULL, 500.00, 0, 325.00, 0.00, 1, '2026-01-02 01:06:09', 325.00, 'unidad', 1, 0.00, 30.00, 500.00, 0, 1),
(866, 8, 43, 315, NULL, 'BOLA DE PIOLA FIBRA GRANDE', NULL, 15600.00, 0, 12000.00, 0.00, 1, '2026-01-02 01:06:09', 12000.00, 'unidad', 1, 0.00, 30.00, 15600.00, 0, 1),
(867, 8, 43, 316, NULL, 'BOLA DE PIOLA FIBRA DELGADA PEQUEA', NULL, 6000.00, 0, 4000.00, 0.00, 1, '2026-01-02 01:06:09', 4000.00, 'unidad', 1, 0.00, 50.00, 6000.00, 0, 1),
(868, 8, 43, 317, NULL, 'CAUCHOS ELASTICO Paquetico', NULL, 1000.00, 0, 600.00, 0.00, 1, '2026-01-02 01:06:09', 600.00, 'unidad', 1, 0.00, 60.00, 1000.00, 0, 1),
(869, 8, 34, 318, NULL, 'PILA VARTA AA X2', NULL, 3300.00, 0, 2442.86, 0.00, 1, '2026-01-02 01:06:09', 2442.86, 'unidad', 1, 0.00, 31.00, 3300.00, 0, 1),
(870, 8, 34, 319, NULL, 'PILA VARTA AAA X2', NULL, 3300.00, 0, 2314.29, 0.00, 1, '2026-01-02 01:06:09', 2314.29, 'unidad', 1, 0.00, 40.00, 3300.00, 0, 1),
(871, 8, 36, 320, NULL, 'ENCENDEDOR PIEDRA Y Tic Tac', NULL, 1500.00, 0, 772.00, 0.00, 1, '2026-01-02 01:06:09', 772.00, 'unidad', 1, 0.00, 90.00, 1500.00, 0, 1),
(872, 1, 1, 321, NULL, 'ENCENDEDOR ELECTRICO', NULL, 0.00, 0, 708.00, 0.00, 1, '2026-01-02 01:06:09', 708.00, 'unidad', 1, 0.00, 30.00, 920.40, 0, 1),
(873, 8, 33, 322, NULL, 'CAPACILLO N1 BLANCO Y Crema', NULL, 400.00, 0, 200.00, 0.00, 1, '2026-01-02 01:06:09', 200.00, 'unidad', 1, 0.00, 60.00, 400.00, 0, 1),
(874, 8, 33, 323, NULL, 'CAPACILLO N2 BLANCO', NULL, 500.00, 0, 250.00, 0.00, 1, '2026-01-02 01:06:09', 250.00, 'unidad', 1, 0.00, 90.00, 500.00, 0, 1),
(875, 8, 33, 324, NULL, 'CAPACILLO N3 BLANCO Y Crema', NULL, 600.00, 0, 237.50, 0.00, 1, '2026-01-02 01:06:09', 237.50, 'unidad', 1, 0.00, 140.00, 600.00, 0, 1),
(876, 8, 33, 325, NULL, 'CAPACILLO N4 BLANCO Y Crema', NULL, 900.00, 0, 412.50, 0.00, 1, '2026-01-02 01:06:09', 412.50, 'unidad', 1, 0.00, 100.00, 900.00, 0, 1),
(877, 8, 33, 326, NULL, 'CAPACILLO N5 BLANCO Y Crema', NULL, 1100.00, 0, 500.00, 0.00, 1, '2026-01-02 01:06:09', 500.00, 'unidad', 1, 0.00, 120.00, 1100.00, 0, 1),
(878, 1, 1, 327, NULL, 'CAPACILLO N1 CREMA', NULL, 0.00, 0, 237.50, 0.00, 1, '2026-01-02 01:06:09', 237.50, 'unidad', 1, 0.00, 30.00, 308.75, 0, 1),
(879, 1, 1, 328, NULL, 'CAPACILLO N2 CREMA', NULL, 0.00, 0, 245.00, 0.00, 1, '2026-01-02 01:06:09', 245.00, 'unidad', 1, 0.00, 30.00, 318.50, 0, 1),
(880, 1, 1, 329, NULL, 'CAPACILLO N3 CREMA', NULL, 0.00, 0, 262.50, 0.00, 1, '2026-01-02 01:06:09', 262.50, 'unidad', 1, 0.00, 30.00, 341.25, 0, 1),
(881, 1, 1, 330, NULL, 'CAPACILLO N4 CREMA', NULL, 0.00, 0, 412.50, 0.00, 1, '2026-01-02 01:06:09', 412.50, 'unidad', 1, 0.00, 30.00, 536.25, 0, 1),
(882, 1, 1, 331, NULL, 'CAPACILLO N5 CREMA', NULL, 0.00, 0, 500.00, 0.00, 1, '2026-01-02 01:06:09', 500.00, 'unidad', 1, 0.00, 30.00, 650.00, 0, 1),
(883, 8, 33, 332, NULL, 'MANGA DESECHABLE', NULL, 2000.00, 0, 1300.00, 0.00, 1, '2026-01-02 01:06:09', 1300.00, 'unidad', 1, 0.00, 50.00, 2000.00, 0, 1),
(884, 8, 33, 333, NULL, 'BOQUILLA PEQUEA UND', NULL, 2500.00, 0, 1250.00, 0.00, 1, '2026-01-02 01:06:09', 1250.00, 'unidad', 1, 0.00, 100.00, 2500.00, 0, 1),
(885, 8, 33, 334, NULL, 'BOQUILLA GRANDE UND', NULL, 4000.00, 0, 2000.00, 0.00, 1, '2026-01-02 01:06:09', 2000.00, 'unidad', 1, 0.00, 100.00, 4000.00, 0, 1),
(886, 1, 1, 335, NULL, 'CAJA CUP CAKE', NULL, 0.00, 0, 2600.00, 0.00, 1, '2026-01-02 01:06:09', 2600.00, 'unidad', 1, 0.00, 30.00, 3380.00, 0, 1),
(887, 8, 43, 336, NULL, 'SALSERO PEQUEO', NULL, 1500.00, 0, 1000.00, 0.00, 1, '2026-01-02 01:06:09', 1000.00, 'unidad', 1, 0.00, 50.00, 1500.00, 0, 1),
(888, 8, 43, 337, NULL, 'SALSERO GRANDE', NULL, 2000.00, 0, 1300.00, 0.00, 1, '2026-01-02 01:06:09', 1300.00, 'unidad', 1, 0.00, 50.00, 2000.00, 0, 1),
(889, 1, 1, 338, NULL, 'PINZAS', NULL, 0.00, 0, 3000.00, 0.00, 1, '2026-01-02 01:06:09', 3000.00, 'unidad', 1, 0.00, 30.00, 3900.00, 0, 1),
(890, 8, 36, 339, NULL, 'FOSFORO PEQUEO', NULL, 400.00, 0, 200.00, 0.00, 1, '2026-01-02 01:06:09', 200.00, 'unidad', 1, 0.00, 100.00, 400.00, 0, 1),
(891, 8, 36, 340, NULL, 'FOSFORO GRANDE', NULL, 2000.00, 0, 1333.33, 0.00, 1, '2026-01-02 01:06:09', 1333.33, 'unidad', 1, 0.00, 50.00, 2000.00, 0, 1),
(892, 8, 25, 341, NULL, 'Desodorante Balance', NULL, 1300.00, 0, 1055.56, 0.00, 1, '2026-01-02 01:06:09', 1066.00, 'unidad', 1, 0.00, 20.00, 1300.00, 0, 1),
(893, 8, 25, 342, NULL, 'CAPA PARA LLUVIA', NULL, 2000.00, 0, 916.67, 0.00, 1, '2026-01-02 01:06:09', 916.67, 'unidad', 1, 0.00, 110.00, 2000.00, 0, 1),
(894, 8, 25, 343, NULL, 'CAPA PARA LLUVIA MOTO IMPERMEABLE', NULL, 12000.00, 0, 6500.00, 0.00, 1, '2026-01-02 01:06:09', 6500.00, 'unidad', 1, 0.00, 84.00, 12000.00, 0, 1),
(895, 8, 25, 344, NULL, 'PASTILLA CLOROX x2 und', NULL, 1000.00, 0, 640.00, 0.00, 1, '2026-01-02 01:06:09', 640.00, 'unidad', 1, 0.00, 50.00, 1000.00, 0, 1),
(896, 8, 34, 345, NULL, 'PISTOLA SILICONA PEQUEA', NULL, 14500.00, 0, 10350.00, 0.00, 1, '2026-01-02 01:06:09', 10350.00, 'unidad', 1, 0.00, 40.00, 14500.00, 0, 1),
(897, 8, 34, 346, NULL, 'MULTITOMA 0.9MT', NULL, 14000.00, 0, 10000.00, 0.00, 1, '2026-01-02 01:06:09', 10000.00, 'unidad', 1, 0.00, 40.00, 14000.00, 0, 1),
(898, 8, 34, 347, NULL, 'MULTITOMA 3MT', NULL, 22000.00, 0, 15650.00, 0.00, 1, '2026-01-02 01:06:09', 15650.00, 'unidad', 1, 0.00, 40.00, 22000.00, 0, 1),
(899, 8, 25, 348, NULL, 'MATRIX', NULL, 800.00, 0, 500.00, 0.00, 1, '2026-01-02 01:06:09', 500.00, 'unidad', 1, 0.00, 50.00, 800.00, 0, 1),
(900, 8, 25, 349, NULL, 'ESPONJA DORADA PLATA', NULL, 900.00, 0, 583.33, 0.00, 1, '2026-01-02 01:06:09', 583.33, 'unidad', 1, 0.00, 50.00, 900.00, 0, 1),
(901, 8, 25, 350, NULL, 'LOLA LAVABAOS', NULL, 5000.00, 0, 3800.00, 0.00, 1, '2026-01-02 01:06:09', 3800.00, 'unidad', 1, 0.00, 30.00, 5000.00, 0, 1),
(902, 8, 25, 351, NULL, 'ESCOBA BLANDA SUPER DANNA', NULL, 8800.00, 0, 6700.00, 0.00, 1, '2026-01-02 01:06:09', 6700.00, 'unidad', 1, 0.00, 30.00, 8800.00, 0, 1),
(903, 8, 25, 352, NULL, 'ESCOBA DURA SUPER DANNA', NULL, 7800.00, 0, 6000.00, 0.00, 1, '2026-01-02 01:06:09', 6000.00, 'unidad', 1, 0.00, 30.00, 7800.00, 0, 1),
(904, 8, 25, 353, NULL, 'ESCOBA DURA Y BLANDA Econ贸mica', NULL, 5100.00, 0, 3900.00, 0.00, 1, '2026-01-02 01:06:09', 3900.00, 'unidad', 1, 0.00, 30.00, 5100.00, 0, 1),
(905, 8, 25, 354, NULL, 'CEPILLO PLANCHA', NULL, 1500.00, 0, 1084.00, 0.00, 1, '2026-01-02 01:06:09', 1084.00, 'unidad', 1, 0.00, 30.00, 1500.00, 0, 1),
(906, 8, 25, 355, NULL, 'TRAPERO REF 500', NULL, 5400.00, 0, 4100.00, 0.00, 1, '2026-01-02 01:06:09', 4100.00, 'unidad', 1, 0.00, 30.00, 5400.00, 0, 1),
(907, 8, 25, 356, NULL, 'TRAPERO REF 800', NULL, 5900.00, 0, 4500.00, 0.00, 1, '2026-01-02 01:06:09', 4500.00, 'unidad', 1, 0.00, 30.00, 5900.00, 0, 1),
(908, 8, 25, 357, NULL, 'TRAPERO REF 1.000', NULL, 7200.00, 0, 5500.00, 0.00, 1, '2026-01-02 01:06:09', 5500.00, 'unidad', 1, 0.00, 30.00, 7200.00, 0, 1),
(909, 8, 25, 358, NULL, 'TRAPERO REF 1200', NULL, 7800.00, 0, 6000.00, 0.00, 1, '2026-01-02 01:06:09', 6000.00, 'unidad', 1, 0.00, 30.00, 7800.00, 0, 1),
(910, 8, 25, 359, NULL, 'TRAPERO REF YUMBO', NULL, 9100.00, 0, 7000.00, 0.00, 1, '2026-01-02 01:06:09', 7000.00, 'unidad', 1, 0.00, 30.00, 9100.00, 0, 1),
(911, 8, 25, 360, NULL, 'REPUESTO PALO ESCOBA', NULL, 2400.00, 0, 1800.00, 0.00, 1, '2026-01-02 01:06:09', 1800.00, 'unidad', 1, 0.00, 30.00, 2400.00, 0, 1),
(912, 1, 1, 361, NULL, 'REPUESTO TRAPERO REF 500', NULL, 0.00, 0, 2500.00, 0.00, 1, '2026-01-02 01:06:09', 2500.00, 'unidad', 1, 0.00, 30.00, 3250.00, 0, 1),
(913, 1, 1, 362, NULL, 'REPUESTO TRAPERO REF 800', NULL, 0.00, 0, 3000.00, 0.00, 1, '2026-01-02 01:06:09', 3000.00, 'unidad', 1, 0.00, 30.00, 3900.00, 0, 1),
(914, 1, 1, 363, NULL, 'REPUESTO TRAPERO REF 1000', NULL, 0.00, 0, 3500.00, 0.00, 1, '2026-01-02 01:06:09', 3500.00, 'unidad', 1, 0.00, 30.00, 4550.00, 0, 1),
(915, 1, 1, 364, NULL, 'REPUESTO TRAPERO REF 1200', NULL, 0.00, 0, 4000.00, 0.00, 1, '2026-01-02 01:06:09', 4000.00, 'unidad', 1, 0.00, 30.00, 5200.00, 0, 1),
(916, 1, 1, 365, NULL, 'REPUESTO TRAPERO REF YUMBO', NULL, 0.00, 0, 5000.00, 0.00, 1, '2026-01-02 01:06:09', 5000.00, 'unidad', 1, 0.00, 30.00, 6500.00, 0, 1),
(917, 1, 1, 366, NULL, 'BALDE PEQUEO', NULL, 0.00, 0, 2500.00, 0.00, 1, '2026-01-02 01:06:09', 2500.00, 'unidad', 1, 0.00, 30.00, 3250.00, 0, 1),
(918, 1, 1, 367, NULL, 'BALDE GRANDE', NULL, 0.00, 0, 3500.00, 0.00, 1, '2026-01-02 01:06:09', 3500.00, 'unidad', 1, 0.00, 30.00, 4550.00, 0, 1),
(919, 1, 1, 368, NULL, 'BALDE CON ESCURRIDOR', NULL, 0.00, 0, 6500.00, 0.00, 1, '2026-01-02 01:06:09', 6500.00, 'unidad', 1, 0.00, 30.00, 8450.00, 0, 1),
(920, 1, 1, 369, NULL, 'ESCOBILLA DE MANO', NULL, 0.00, 0, 1800.00, 0.00, 1, '2026-01-02 01:06:09', 1800.00, 'unidad', 1, 0.00, 30.00, 2340.00, 0, 1),
(921, 1, 1, 370, NULL, 'ESCOBILLA DE UAS', NULL, 0.00, 0, 1200.00, 0.00, 1, '2026-01-02 01:06:09', 1200.00, 'unidad', 1, 0.00, 30.00, 1560.00, 0, 1),
(922, 1, 1, 371, NULL, 'ESCOBILLA DE ROPA', NULL, 0.00, 0, 2200.00, 0.00, 1, '2026-01-02 01:06:09', 2200.00, 'unidad', 1, 0.00, 30.00, 2860.00, 0, 1),
(923, 1, 1, 372, NULL, 'ESCOBILLA DE BAO', NULL, 0.00, 0, 2500.00, 0.00, 1, '2026-01-02 01:06:09', 2500.00, 'unidad', 1, 0.00, 30.00, 3250.00, 0, 1),
(924, 1, 1, 373, NULL, 'ESCOBILLA DE COCINA', NULL, 0.00, 0, 2000.00, 0.00, 1, '2026-01-02 01:06:09', 2000.00, 'unidad', 1, 0.00, 30.00, 2600.00, 0, 1),
(925, 1, 1, 374, NULL, 'ESCOBILLA DE BOTAS', NULL, 0.00, 0, 2800.00, 0.00, 1, '2026-01-02 01:06:09', 2800.00, 'unidad', 1, 0.00, 30.00, 3640.00, 0, 1),
(926, 1, 1, 375, NULL, 'ESCOBILLA DE ZAPATOS', NULL, 0.00, 0, 2600.00, 0.00, 1, '2026-01-02 01:06:09', 2600.00, 'unidad', 1, 0.00, 30.00, 3380.00, 0, 1),
(927, 1, 1, 376, NULL, 'ESCOBILLA DE PISO', NULL, 0.00, 0, 3000.00, 0.00, 1, '2026-01-02 01:06:09', 3000.00, 'unidad', 1, 0.00, 30.00, 3900.00, 0, 1),
(928, 1, 1, 377, NULL, 'ESCOBILLA DE PARED', NULL, 0.00, 0, 3200.00, 0.00, 1, '2026-01-02 01:06:09', 3200.00, 'unidad', 1, 0.00, 30.00, 4160.00, 0, 1),
(929, 1, 1, 378, NULL, 'ESCOBILLA DE TECHO', NULL, 0.00, 0, 3500.00, 0.00, 1, '2026-01-02 01:06:09', 3500.00, 'unidad', 1, 0.00, 30.00, 4550.00, 0, 1),
(930, 1, 1, 379, NULL, 'ESCOBILLA MULTIUSO', NULL, 0.00, 0, 4000.00, 0.00, 1, '2026-01-02 01:06:09', 4000.00, 'unidad', 1, 0.00, 30.00, 5200.00, 0, 1),
(931, 1, 1, 380, NULL, 'ESCOBILLA INDUSTRIAL', NULL, 0.00, 0, 5500.00, 0.00, 1, '2026-01-02 01:06:09', 5500.00, 'unidad', 1, 0.00, 30.00, 7150.00, 0, 1),
(932, 1, 1, 381, NULL, 'REPUSTO PALO ESCOBA', NULL, 0.00, 0, 1800.00, 0.00, 1, '2026-01-02 01:06:09', 1800.00, 'unidad', 1, 0.00, 30.00, 2340.00, 0, 1),
(933, 8, 25, 382, NULL, 'RECOGEDOR CON BANDA Pluss', NULL, 3700.00, 0, 2200.00, 0.00, 1, '2026-01-02 01:06:09', 2800.00, 'unidad', 1, 0.00, 30.00, 3700.00, 0, 1),
(934, 8, 25, 383, NULL, 'TOALLA N2 COLOR', NULL, 2000.00, 0, 1300.00, 0.00, 1, '2026-01-02 01:06:09', 1300.00, 'unidad', 1, 0.00, 50.00, 2000.00, 0, 1),
(935, 8, 25, 384, NULL, 'TOALLA MICROFIBRA', NULL, 4000.00, 0, 2200.00, 0.00, 1, '2026-01-02 01:06:09', 2400.00, 'unidad', 1, 0.00, 65.00, 4000.00, 0, 1),
(936, 8, 25, 385, NULL, 'ARAGAN 60CM', NULL, 20000.00, 0, 10000.00, 0.00, 1, '2026-01-02 01:06:09', 10000.00, 'unidad', 1, 0.00, 100.00, 20000.00, 0, 1),
(937, 1, 1, 386, NULL, 'LOLA LAVABAOS EKO', NULL, 0.00, 0, 3800.00, 0.00, 1, '2026-01-02 01:06:09', 3800.00, 'unidad', 1, 0.00, 30.00, 4940.00, 0, 1),
(938, 8, 25, 387, NULL, 'GUANTE NEGRO CALIBRE 35', NULL, 5500.00, 0, 4200.00, 0.00, 1, '2026-01-02 01:06:09', 4200.00, 'unidad', 1, 0.00, 30.00, 5500.00, 0, 1),
(939, 8, 25, 388, NULL, 'SHAMPOO EN SOBRE', NULL, 1300.00, 0, 1000.00, 0.00, 1, '2026-01-02 01:06:09', 1000.00, 'unidad', 1, 0.00, 30.00, 1300.00, 0, 1),
(940, 1, 1, 389, NULL, 'JABON EN BARRA', NULL, 0.00, 0, 1500.00, 0.00, 1, '2026-01-02 01:06:09', 1500.00, 'unidad', 1, 0.00, 30.00, 1950.00, 0, 1),
(941, 1, 1, 390, NULL, 'JABON EN POLVO', NULL, 0.00, 0, 2500.00, 0.00, 1, '2026-01-02 01:06:09', 2500.00, 'unidad', 1, 0.00, 30.00, 3250.00, 0, 1),
(942, 1, 1, 391, NULL, 'SUAVIZANTE DE ROPA', NULL, 0.00, 0, 3200.00, 0.00, 1, '2026-01-02 01:06:09', 3200.00, 'unidad', 1, 0.00, 30.00, 4160.00, 0, 1),
(943, 1, 1, 392, NULL, 'DETERGENTE LIQUIDO', NULL, 0.00, 0, 2800.00, 0.00, 1, '2026-01-02 01:06:09', 2800.00, 'unidad', 1, 0.00, 30.00, 3640.00, 0, 1),
(944, 1, 1, 393, NULL, 'LIMPIADOR MULTIUSO', NULL, 0.00, 0, 3500.00, 0.00, 1, '2026-01-02 01:06:09', 3500.00, 'unidad', 1, 0.00, 30.00, 4550.00, 0, 1),
(945, 1, 1, 394, NULL, 'DESINFECTANTE', NULL, 0.00, 0, 4000.00, 0.00, 1, '2026-01-02 01:06:09', 4000.00, 'unidad', 1, 0.00, 30.00, 5200.00, 0, 1),
(946, 1, 1, 395, NULL, 'CLORO GALON', NULL, 0.00, 0, 5000.00, 0.00, 1, '2026-01-02 01:06:09', 5000.00, 'unidad', 1, 0.00, 30.00, 6500.00, 0, 1),
(947, 1, 1, 396, NULL, 'LIMPIAVIDRIOS', NULL, 0.00, 0, 2800.00, 0.00, 1, '2026-01-02 01:06:09', 2800.00, 'unidad', 1, 0.00, 30.00, 3640.00, 0, 1),
(948, 1, 1, 397, NULL, 'CREMA LAVAPLATOS', NULL, 0.00, 0, 2200.00, 0.00, 1, '2026-01-02 01:06:09', 2200.00, 'unidad', 1, 0.00, 30.00, 2860.00, 0, 1),
(949, 1, 1, 398, NULL, 'ESCOBILLA PLASTICA', NULL, 0.00, 0, 1800.00, 0.00, 1, '2026-01-02 01:06:09', 1800.00, 'unidad', 1, 0.00, 30.00, 2340.00, 0, 1),
(950, 1, 1, 399, NULL, 'ESCOBILLA METALICA', NULL, 0.00, 0, 2500.00, 0.00, 1, '2026-01-02 01:06:09', 2500.00, 'unidad', 1, 0.00, 30.00, 3250.00, 0, 1),
(951, 1, 1, 400, NULL, 'ESCOBILLA INDUSTRIAL', NULL, 0.00, 0, 5500.00, 0.00, 1, '2026-01-02 01:06:09', 5500.00, 'unidad', 1, 0.00, 30.00, 7150.00, 0, 1),
(952, 8, 25, 401, NULL, 'INCIENSO CAJITA', NULL, 1000.00, 0, 760.00, 0.00, 1, '2026-01-02 01:06:09', 760.00, 'unidad', 1, 0.00, 30.00, 1000.00, 0, 1),
(953, 8, 25, 402, NULL, 'PRESTOBARBA 2 HOJAS Gillette', NULL, 3300.00, 0, 2728.57, 0.00, 1, '2026-01-02 01:06:09', 2728.57, 'unidad', 1, 0.00, 20.00, 3300.00, 0, 1),
(954, 8, 35, 403, NULL, 'ELECTROLIT SUERO', NULL, 8700.00, 0, 7200.00, 0.00, 1, '2026-01-02 01:06:09', 7200.00, 'unidad', 1, 0.00, 20.00, 8700.00, 0, 1),
(955, 8, 35, 404, NULL, 'CURAS', NULL, 300.00, 0, 85.45, 0.00, 1, '2026-01-02 01:06:09', 85.45, 'unidad', 1, 0.00, 200.00, 300.00, 0, 1),
(956, 8, 35, 405, NULL, 'IBUFLSH MIGRAN X1', NULL, 2600.00, 0, 1987.50, 0.00, 1, '2026-01-02 01:06:09', 1987.50, 'unidad', 1, 0.00, 30.00, 2600.00, 0, 1),
(957, 8, 35, 406, NULL, 'ALCOHOL 120 ML', NULL, 3500.00, 0, 2900.00, 0.00, 1, '2026-01-02 01:06:09', 2900.00, 'unidad', 1, 0.00, 20.00, 3500.00, 0, 1),
(958, 8, 35, 407, NULL, 'ALCOHOL 350 ML', NULL, 6200.00, 0, 5150.00, 0.00, 1, '2026-01-02 01:06:09', 5150.00, 'unidad', 1, 0.00, 20.00, 6200.00, 0, 1),
(959, 8, 35, 408, NULL, 'ALCOHOL 700 ML', NULL, 10400.00, 0, 8600.00, 0.00, 1, '2026-01-02 01:06:09', 8600.00, 'unidad', 1, 0.00, 20.00, 10400.00, 0, 1),
(960, 8, 36, 409, NULL, 'GELATINA JELLY BOL', NULL, 1000.00, 0, 628.57, 0.00, 1, '2026-01-02 01:06:09', 628.57, 'unidad', 1, 0.00, 50.00, 1000.00, 0, 1),
(961, 8, 36, 410, NULL, 'Chocolatina MilkyWAY-Snickers 52GR', NULL, 5200.00, 0, 4300.00, 0.00, 1, '2026-01-02 01:06:09', 4300.00, 'unidad', 1, 0.00, 20.00, 5200.00, 0, 1),
(962, 1, 1, 411, NULL, 'SNICKERS 52GR', NULL, 0.00, 0, 4300.00, 0.00, 1, '2026-01-02 01:06:09', 4300.00, 'unidad', 1, 0.00, 30.00, 5590.00, 0, 1),
(963, 8, 36, 412, NULL, 'MYM CHOCOLATE Y MANI', NULL, 5200.00, 0, 4300.00, 0.00, 1, '2026-01-02 01:06:09', 4300.00, 'unidad', 1, 0.00, 20.00, 5200.00, 0, 1),
(964, 8, 36, 413, NULL, 'ROTHMANS AZUL X10 XL', NULL, 6500.00, 0, 5650.00, 0.00, 1, '2026-01-02 01:06:09', 5750.00, 'unidad', 1, 0.00, 12.00, 6500.00, 0, 1),
(965, 8, 36, 414, NULL, 'ROTHMANS AZUL X20 XL', NULL, 12700.00, 0, 11300.00, 0.00, 1, '2026-01-02 01:06:09', 11500.00, 'unidad', 1, 0.00, 10.00, 12700.00, 0, 1),
(966, 8, 36, 415, NULL, 'LUCKY x10 ALASKA XL STRIKE SANDIA ICE GREEN', NULL, 7500.00, 0, 6600.00, 0.00, 1, '2026-01-02 01:06:09', 6600.00, 'unidad', 1, 0.00, 13.00, 7500.00, 0, 1),
(967, 8, 36, 416, NULL, 'LUCKY x20 ALASKA XL STRIKE SANDIA ICE GREEN', NULL, 15000.00, 0, 13100.00, 0.00, 1, '2026-01-02 01:06:09', 13600.00, 'unidad', 1, 0.00, 10.00, 15000.00, 0, 1),
(968, 8, 36, 417, NULL, 'ROTHMANS Azul CLASICO X10 ECONOMICO', NULL, 4000.00, 0, 3400.00, 0.00, 1, '2026-01-02 01:06:09', 3400.00, 'unidad', 1, 0.00, 15.00, 4000.00, 0, 1),
(969, 8, 36, 418, NULL, 'ROTHMANS BLANCO X20 XL', NULL, 10000.00, 0, 8500.00, 0.00, 1, '2026-01-02 01:06:09', 8800.00, 'unidad', 1, 0.00, 13.00, 10000.00, 0, 1),
(970, 8, 36, 419, NULL, 'ROTHMANS BLANCO X10 XL', NULL, 5000.00, 0, 4300.00, 0.00, 1, '2026-01-02 01:06:09', 4300.00, 'unidad', 1, 0.00, 15.00, 5000.00, 0, 1),
(971, 8, 37, 420, NULL, 'BOLSA TRANSPARENTE 2.5X12', NULL, 1500.00, 0, 750.00, 0.00, 1, '2026-01-02 01:06:09', 750.00, 'unidad', 1, 0.00, 100.00, 1500.00, 0, 1),
(972, 8, 37, 421, NULL, 'BOLSA TRANSPARENTE 3X10', NULL, 1500.00, 0, 700.00, 0.00, 1, '2026-01-02 01:06:09', 700.00, 'unidad', 1, 0.00, 110.00, 1500.00, 0, 1),
(973, 8, 37, 422, NULL, 'BOLSA TRANSPARENTE 3X12', NULL, 1500.00, 0, 800.00, 0.00, 1, '2026-01-02 01:06:09', 800.00, 'unidad', 1, 0.00, 80.00, 1500.00, 0, 1),
(974, 8, 37, 423, NULL, 'BOLSA TRANSPARENTE 3.5X12', NULL, 1500.00, 0, 900.00, 0.00, 1, '2026-01-02 01:06:09', 900.00, 'unidad', 1, 0.00, 60.00, 1500.00, 0, 1),
(975, 8, 37, 424, NULL, 'BOLSA TRANSPARENTE 3X16', NULL, 1700.00, 0, 1000.00, 0.00, 1, '2026-01-02 01:06:09', 1000.00, 'unidad', 1, 0.00, 70.00, 1700.00, 0, 1),
(976, 8, 37, 425, NULL, 'BOLSA TRANSPARENTE 3X18', NULL, 2000.00, 0, 1100.00, 0.00, 1, '2026-01-02 01:06:09', 1100.00, 'unidad', 1, 0.00, 80.00, 2000.00, 0, 1),
(977, 8, 37, 426, NULL, 'BOLSA TRANSPARENTE 4X8', NULL, 1500.00, 0, 650.00, 0.00, 1, '2026-01-02 01:06:09', 650.00, 'unidad', 1, 0.00, 130.00, 1500.00, 0, 1),
(978, 1, 1, 427, NULL, 'BOLSA TRANSPARENTE 4X12', NULL, 0.00, 0, 980.00, 0.00, 1, '2026-01-02 01:06:09', 980.00, 'unidad', 1, 0.00, 30.00, 1274.00, 0, 1),
(979, 8, 37, 428, NULL, 'BOLSA TRANSPARENTE 5X9 PAQUETE', NULL, 2000.00, 0, 2000.00, 0.00, 1, '2026-01-02 01:06:09', 900.00, 'unidad', 1, 0.00, 120.00, 2000.00, 0, 1),
(980, 8, 37, 429, NULL, 'BOLSA TRANSPARENTE 6X11 PAQUETE', NULL, 2500.00, 0, 2500.00, 0.00, 1, '2026-01-02 01:06:09', 1400.00, 'unidad', 1, 0.00, 75.00, 2500.00, 0, 1),
(981, 1, 1, 430, NULL, 'BOLSA TRANSPARENTE MIX VARIOS', NULL, 0.00, 0, 10300.00, 0.00, 1, '2026-01-02 01:06:09', 10300.00, 'unidad', 1, 0.00, 30.00, 13390.00, 0, 1),
(982, 8, 37, 431, NULL, 'BOLSA TRANSPARENTE #18 Gruesa', NULL, 1000.00, 0, 400.00, 0.00, 1, '2026-01-02 01:06:09', 400.00, 'unidad', 1, 0.00, 150.00, 1000.00, 0, 1),
(983, 8, 37, 432, NULL, 'BOLSA TRANSPARENTE #22 Gruesa', NULL, 2000.00, 0, 400.00, 0.00, 1, '2026-01-02 01:06:09', 400.00, 'unidad', 1, 0.00, 400.00, 2000.00, 0, 1),
(984, 8, 37, 433, NULL, 'BOLSA TRANSPARENTE #32 Gruesa', NULL, 3000.00, 0, 900.00, 0.00, 1, '2026-01-02 01:06:09', 900.00, 'unidad', 1, 0.00, 230.00, 3000.00, 0, 1),
(985, 8, 38, 434, NULL, 'BOLSA LECHOSA 5X9', NULL, 1400.00, 0, 700.00, 0.00, 1, '2026-01-02 01:06:09', 700.00, 'unidad', 1, 0.00, 100.00, 1400.00, 0, 1),
(986, 8, 38, 435, NULL, 'BOLSA LECHOSA 6X9', NULL, 1500.00, 0, 750.00, 0.00, 1, '2026-01-02 01:06:09', 750.00, 'unidad', 1, 0.00, 100.00, 1500.00, 0, 1),
(987, 8, 38, 436, NULL, 'BOLSA LECHOSA 7X10', NULL, 1800.00, 0, 9900.00, 0.00, 1, '2026-01-02 01:06:09', 1200.00, 'unidad', 1, 0.00, 50.00, 1800.00, 0, 1),
(988, 1, 1, 437, NULL, 'BOLSA LECHOSA 8X12', NULL, 0.00, 0, 9900.00, 0.00, 1, '2026-01-02 01:06:09', 9900.00, 'unidad', 1, 0.00, 30.00, 12870.00, 0, 1),
(989, 8, 38, 438, NULL, 'BOLSA LECHOSA 9X14', NULL, 2700.00, 0, 9900.00, 0.00, 1, '2026-01-02 01:06:09', 1900.00, 'unidad', 1, 0.00, 40.00, 2700.00, 0, 1),
(990, 8, 38, 439, NULL, 'BOLSA LECHOSA 10X16', NULL, 3600.00, 0, 9900.00, 0.00, 1, '2026-01-02 01:06:09', 2700.00, 'unidad', 1, 0.00, 30.00, 3600.00, 0, 1),
(991, 8, 38, 440, NULL, 'BOLSA LECHOSA 12X18', NULL, 4100.00, 0, 9900.00, 0.00, 1, '2026-01-02 01:06:09', 3100.00, 'unidad', 1, 0.00, 30.00, 4100.00, 0, 1),
(992, 8, 211, 441, NULL, 'BOLSA PARA BASURA', NULL, 7.49, 0, 4800.00, 0.00, 1, '2026-01-02 01:06:09', 5.20, 'unidad', 1, 0.00, 44.00, 7.49, 0, 0),
(993, 10, 218, 442, NULL, 'BOLSA DE COLOR PAPELERA', NULL, 8600.00, 0, 6300.00, 0.00, 1, '2026-01-02 01:06:09', 6300.00, 'unidad', 1, 0.00, 35.00, 8600.00, 0, 1),
(994, 8, 16, 443, NULL, 'BOLSA POLIPROPILENO CON PEGANTE 3X4', NULL, 3800.00, 0, 2500.00, 0.00, 1, '2026-01-02 01:06:09', 2500.00, 'unidad', 1, 0.00, 50.00, 3800.00, 0, 1),
(995, 8, 16, 444, NULL, 'BOLSA POLIPROPILENO CON PEGANTE 4X6', NULL, 4500.00, 0, 3000.00, 0.00, 1, '2026-01-02 01:06:09', 3000.00, 'unidad', 1, 0.00, 50.00, 4500.00, 0, 1),
(996, 8, 17, 445, NULL, 'BOLSA POLIPROPILENO CON PEGANTE Y SOLAPA 3X6', NULL, 4500.00, 0, 3000.00, 0.00, 1, '2026-01-02 01:06:09', 3000.00, 'unidad', 1, 0.00, 50.00, 4500.00, 0, 1),
(997, 8, 17, 446, NULL, 'BOLSA POLIPROPILENO CON PEGANTE Y SOLAPA 4X6', NULL, 5300.00, 0, 3500.00, 0.00, 1, '2026-01-02 01:06:09', 3500.00, 'unidad', 1, 0.00, 50.00, 5300.00, 0, 1),
(998, 8, 38, 447, NULL, 'ROLLO PRECORTE BLANCO 7-8-9-10-12', NULL, 8.16, 0, 6800.00, 0.00, 1, '2026-01-02 01:06:09', 6.80, 'unidad', 1, 0.00, 20.00, 8.16, 0, 0),
(999, 8, 38, 448, NULL, 'PRECORTE BAGUETTE Fuelle', NULL, 12600.00, 0, 10500.00, 0.00, 1, '2026-01-02 01:06:09', 10500.00, 'unidad', 1, 0.00, 20.00, 12600.00, 0, 1),
(1000, 8, 39, 449, NULL, 'PERRO DONKAN ADULTO X22 KILOS', NULL, 5.29, 0, 4560.00, 0.00, 1, '2026-01-02 01:06:09', 4.60, 'unidad', 1, 0.00, 15.00, 5.29, 0, 0),
(1001, 8, 39, 450, NULL, 'GATO DON KAT ADULTO X7 KILOS', NULL, 9.20, 0, 8000.00, 0.00, 1, '2026-01-02 01:06:09', 8.00, 'unidad', 1, 0.00, 15.00, 9.20, 0, 0),
(1002, 1, 1, 451, NULL, 'DON KAT GATITO X7 KILOS', NULL, 0.00, 0, 0.00, 0.00, 1, '2026-01-02 01:06:09', 0.00, 'unidad', 1, 0.00, 30.00, 0.00, 0, 1),
(1003, 8, 39, 452, NULL, 'RINGO CROQUETA X30 KILOS', NULL, 4.71, 0, 4100.00, 0.00, 1, '2026-01-02 01:06:09', 4.10, 'unidad', 1, 0.00, 15.00, 4.71, 0, 0),
(1004, 1, 1, 453, NULL, 'RINGO CACHORRO X30 KILOS', NULL, 0.00, 0, 4216.67, 0.00, 1, '2026-01-02 01:06:09', 4216.67, 'unidad', 1, 0.00, 30.00, 5481.67, 0, 1),
(1005, 1, 1, 454, NULL, 'CHUNKY CACHORRO X18 KILOS PERRO', NULL, 0.00, 0, 0.00, 0.00, 1, '2026-01-02 01:06:09', 0.00, 'unidad', 1, 0.00, 30.00, 0.00, 0, 1),
(1006, 1, 1, 455, NULL, 'CHUNKY ADULTO X25 KILOS PERRO', NULL, 0.00, 0, 0.00, 0.00, 1, '2026-01-02 01:06:09', 0.00, 'unidad', 1, 0.00, 30.00, 0.00, 0, 1),
(1007, 8, 39, 456, NULL, 'MIRRINGO Adulto', NULL, 8.86, 0, 7666.67, 0.00, 1, '2026-01-02 01:06:09', 7.70, 'unidad', 1, 0.00, 15.00, 8.86, 0, 0),
(1008, 1, 1, 457, NULL, 'MONELLO CAT ADULTO X7 KILOS', NULL, 0.00, 0, 0.00, 0.00, 1, '2026-01-02 01:06:09', 0.00, 'unidad', 1, 0.00, 30.00, 0.00, 0, 1),
(1009, 1, 1, 458, NULL, 'MONELLO CAT CACHORRO X15 KILOS', NULL, 0.00, 0, 0.00, 0.00, 1, '2026-01-02 01:06:09', 0.00, 'unidad', 1, 0.00, 30.00, 0.00, 0, 1),
(1010, 1, 1, 459, NULL, 'MONELLO ADULTO RAZA PEQUEA X25 KILOS PERRO', NULL, 0.00, 0, 12571.43, 0.00, 1, '2026-01-02 01:06:09', 12571.43, 'unidad', 1, 0.00, 30.00, 16342.86, 0, 1),
(1011, 1, 1, 460, NULL, 'MONELLO CACHORRO X25 KILOS PERRO', NULL, 0.00, 0, 0.00, 0.00, 1, '2026-01-02 01:06:09', 0.00, 'unidad', 1, 0.00, 30.00, 0.00, 0, 1),
(1012, 8, 39, 461, NULL, 'WHISKAS', NULL, 2800.00, 0, 2500.00, 0.00, 1, '2026-01-02 01:06:09', 2500.00, 'unidad', 1, 0.00, 10.00, 2800.00, 0, 1),
(1013, 1, 1, 462, NULL, 'PATA POLLO X40', NULL, 0.00, 0, 500.00, 0.00, 1, '2026-01-02 01:06:09', 500.00, 'unidad', 1, 0.00, 30.00, 650.00, 0, 1),
(1014, 1, 1, 463, NULL, 'DONAS X6', NULL, 0.00, 0, 1166.67, 0.00, 1, '2026-01-02 01:06:09', 1166.67, 'unidad', 1, 0.00, 30.00, 1516.67, 0, 1),
(1015, 1, 1, 464, NULL, 'HUESO PLANO X50', NULL, 0.00, 0, 150.00, 0.00, 1, '2026-01-02 01:06:09', 150.00, 'unidad', 1, 0.00, 30.00, 195.00, 0, 1),
(1016, 1, 1, 465, NULL, 'HUESO PEQUEO X22', NULL, 0.00, 0, 659.09, 0.00, 1, '2026-01-02 01:06:09', 659.09, 'unidad', 1, 0.00, 30.00, 856.82, 0, 1),
(1017, 1, 1, 466, NULL, 'GALLETAS DE ATUN GATO X10UND', NULL, 0.00, 0, 363.64, 0.00, 1, '2026-01-02 01:06:09', 363.64, 'unidad', 1, 0.00, 30.00, 472.73, 0, 1),
(1018, 1, 1, 467, NULL, 'CHICHARRONES X10 UND', NULL, 0.00, 0, 370.37, 0.00, 1, '2026-01-02 01:06:09', 370.37, 'unidad', 1, 0.00, 30.00, 481.48, 0, 1),
(1019, 1, 1, 468, NULL, 'COCOS Y MONEDAS', NULL, 0.00, 0, 60.00, 0.00, 1, '2026-01-02 01:06:09', 60.00, 'unidad', 1, 0.00, 30.00, 78.00, 0, 1),
(1020, 1, 1, 469, NULL, 'HUESO GRANDE', NULL, 0.00, 0, 1181.82, 0.00, 1, '2026-01-02 01:06:09', 1181.82, 'unidad', 1, 0.00, 30.00, 1536.37, 0, 1),
(1021, 1, 1, 470, NULL, 'CHORIZOS', NULL, 0.00, 0, 600.00, 0.00, 1, '2026-01-02 01:06:09', 600.00, 'unidad', 1, 0.00, 30.00, 780.00, 0, 1),
(1022, 1, 1, 471, NULL, 'GALLETA REDONDA X45', NULL, 0.00, 0, 166.67, 0.00, 1, '2026-01-02 01:06:09', 166.67, 'unidad', 1, 0.00, 30.00, 216.67, 0, 1),
(1023, 1, 1, 472, NULL, 'PALOS', NULL, 0.00, 0, 155.56, 0.00, 1, '2026-01-02 01:06:09', 155.56, 'unidad', 1, 0.00, 30.00, 202.23, 0, 1),
(1024, 1, 1, 473, NULL, 'PERNIL POLLO GRANDE', NULL, 0.00, 0, 2428.57, 0.00, 1, '2026-01-02 01:06:09', 2428.57, 'unidad', 1, 0.00, 30.00, 3157.14, 0, 1),
(1025, 8, 40, 474, NULL, 'CINTA Ancha x50 Metros', NULL, 3500.00, 0, 1900.00, 0.00, 1, '2026-01-02 01:06:09', 1900.00, 'unidad', 1, 0.00, 80.00, 3500.00, 0, 1),
(1026, 8, 40, 475, NULL, 'CINTA X100M ANCHA', NULL, 6800.00, 0, 4500.00, 0.00, 1, '2026-01-02 01:06:09', 4500.00, 'unidad', 1, 0.00, 50.00, 6800.00, 0, 1),
(1027, 8, 40, 476, NULL, 'CINTA X200M ANCHA', NULL, 13500.00, 0, 9000.00, 0.00, 1, '2026-01-02 01:06:09', 9000.00, 'unidad', 1, 0.00, 50.00, 13500.00, 0, 1),
(1028, 8, 34, 477, NULL, 'CINTA AISLANTE 15MT', NULL, 2100.00, 0, 1365.00, 0.00, 1, '2026-01-02 01:06:09', 1365.00, 'unidad', 1, 0.00, 50.00, 2100.00, 0, 1),
(1029, 8, 34, 478, NULL, 'BOMBILLO Grande 50W', NULL, 20600.00, 0, 14700.00, 0.00, 1, '2026-01-02 01:06:09', 14700.00, 'unidad', 1, 0.00, 40.00, 20600.00, 0, 1),
(1030, 8, 40, 479, NULL, 'PALO BALSO CUADRADO 10X10', NULL, 1300.00, 0, 860.00, 0.00, 1, '2026-01-02 01:06:09', 860.00, 'unidad', 1, 0.00, 50.00, 1300.00, 0, 1),
(1031, 8, 40, 480, NULL, 'PALO BALSO CUADRADO 8X8', NULL, 1100.00, 0, 720.00, 0.00, 1, '2026-01-02 01:06:09', 720.00, 'unidad', 1, 0.00, 50.00, 1100.00, 0, 1),
(1032, 8, 40, 481, NULL, 'PALO BALSO CUADRADO 6X6', NULL, 1100.00, 0, 680.00, 0.00, 1, '2026-01-02 01:06:09', 680.00, 'unidad', 1, 0.00, 50.00, 1100.00, 0, 1),
(1033, 8, 40, 482, NULL, 'PALO BALSO CUADRADO 5X5', NULL, 1000.00, 0, 630.00, 0.00, 1, '2026-01-02 01:06:09', 630.00, 'unidad', 1, 0.00, 50.00, 1000.00, 0, 1),
(1034, 8, 40, 483, NULL, 'CORDON Con ESCARAPELA AZUL OSCURO', NULL, 1700.00, 0, 376.00, 0.00, 1, '2026-01-02 01:06:09', 1100.00, 'unidad', 1, 0.00, 50.00, 1700.00, 0, 1),
(1035, 1, 1, 484, NULL, 'ESCARAPELA SILICONADA', NULL, 0.00, 0, 700.00, 0.00, 1, '2026-01-02 01:06:09', 700.00, 'unidad', 1, 0.00, 30.00, 910.00, 0, 1),
(1036, 8, 40, 485, NULL, 'GANCHO LEGAJADOR PLASTICO ECONOMICO', NULL, 200.00, 0, 115.00, 0.00, 1, '2026-01-02 01:06:09', 115.00, 'unidad', 1, 0.00, 50.00, 200.00, 0, 1),
(1037, 8, 40, 486, NULL, 'GANCHO LEGAJADOR TRITON METAL ECONOMICO', NULL, 200.00, 0, 125.00, 0.00, 1, '2026-01-02 01:06:09', 125.00, 'unidad', 1, 0.00, 50.00, 200.00, 0, 1),
(1038, 8, 40, 487, NULL, 'LANA ESCOLAR', NULL, 1000.00, 0, 590.00, 0.00, 1, '2026-01-02 01:06:09', 590.00, 'unidad', 1, 0.00, 60.00, 1000.00, 0, 1),
(1039, 8, 40, 488, NULL, 'BARRA SILICONA DELGADA', NULL, 1000.00, 0, 258.33, 0.00, 1, '2026-01-02 01:06:09', 258.33, 'unidad', 1, 0.00, 280.00, 1000.00, 0, 1),
(1040, 8, 40, 489, NULL, 'SOBRE MANILA CARTA ECONOMICA', NULL, 400.00, 0, 95.00, 0.00, 1, '2026-01-02 01:06:09', 95.00, 'unidad', 1, 0.00, 300.00, 400.00, 0, 1),
(1041, 8, 40, 490, NULL, 'SOBRE MANILA OFICIO ECONOMICA', NULL, 500.00, 0, 95.00, 0.00, 1, '2026-01-02 01:06:09', 95.00, 'unidad', 1, 0.00, 400.00, 500.00, 0, 1),
(1042, 8, 33, 491, NULL, 'CARTULINA NEGRA 1/8', NULL, 500.00, 0, 284.00, 0.00, 1, '2026-01-02 01:06:09', 284.00, 'unidad', 1, 0.00, 50.00, 500.00, 0, 1),
(1043, 8, 40, 492, NULL, 'CARTULINA OCTAVOS COLORES SURTIDOS', NULL, 300.00, 0, 126.00, 0.00, 1, '2026-01-02 01:06:09', 126.00, 'unidad', 1, 0.00, 100.00, 300.00, 0, 1),
(1044, 8, 40, 493, NULL, 'TACO CINTA PEQUEA X12', NULL, 1000.00, 0, 458.33, 0.00, 1, '2026-01-02 01:06:09', 458.33, 'unidad', 1, 0.00, 100.00, 1000.00, 0, 1),
(1045, 8, 40, 494, NULL, 'BISTURI GRANDE ECONOMICO UNIDAD', NULL, 1500.00, 0, 716.67, 0.00, 1, '2026-01-02 01:06:09', 716.67, 'unidad', 1, 0.00, 100.00, 1500.00, 0, 1),
(1046, 8, 40, 495, NULL, 'REPUESTO BISTURI UND Y CAJA', NULL, 300.00, 0, 108.33, 0.00, 1, '2026-01-02 01:06:09', 108.33, 'unidad', 1, 0.00, 100.00, 300.00, 0, 1),
(1047, 1, 1, 496, NULL, 'ENCENDEDOR PIEDRA', NULL, 0.00, 0, 772.00, 0.00, 1, '2026-01-02 01:06:09', 772.00, 'unidad', 1, 0.00, 30.00, 1003.60, 0, 1),
(1048, 8, 36, 497, NULL, 'PEGANTE ASTRO Superbonder Pegatodo', NULL, 1500.00, 0, 825.00, 0.00, 1, '2026-01-02 01:06:09', 825.00, 'unidad', 1, 0.00, 70.00, 1500.00, 0, 1),
(1049, 8, 40, 498, NULL, 'COLORES STUD MARK X12', NULL, 6300.00, 0, 4200.00, 0.00, 1, '2026-01-02 01:06:09', 4200.00, 'unidad', 1, 0.00, 50.00, 6300.00, 0, 1),
(1050, 8, 40, 499, NULL, 'COLORES COLORS X12 PEQUEOS', NULL, 2100.00, 0, 1400.00, 0.00, 1, '2026-01-02 01:06:09', 1400.00, 'unidad', 1, 0.00, 50.00, 2100.00, 0, 1),
(1051, 8, 40, 500, NULL, 'PAPEL REGALO', NULL, 800.00, 0, 360.00, 0.00, 1, '2026-01-02 01:06:09', 360.00, 'unidad', 1, 0.00, 100.00, 800.00, 0, 1),
(1052, 8, 40, 501, NULL, 'RESALTADOR SURTIDO', NULL, 1900.00, 0, 1250.00, 0.00, 1, '2026-01-02 01:06:10', 1250.00, 'unidad', 1, 0.00, 50.00, 1900.00, 0, 1),
(1053, 8, 40, 502, NULL, 'CUADERNO 50 HOJAS COCIDO', NULL, 2900.00, 0, 2200.00, 0.00, 1, '2026-01-02 01:06:10', 2200.00, 'unidad', 1, 0.00, 30.00, 2900.00, 0, 1),
(1054, 8, 40, 503, NULL, 'CUADERNO Cuadriculado x100 HOJAS COCIDO', NULL, 2600.00, 0, 3000.00, 0.00, 1, '2026-01-02 01:06:10', 2100.00, 'unidad', 1, 0.00, 20.00, 2600.00, 0, 1),
(1055, 8, 40, 504, NULL, 'CAJA PLASTILINA PEQUEA X9', NULL, 1500.00, 0, 900.00, 0.00, 1, '2026-01-02 01:06:10', 900.00, 'unidad', 1, 0.00, 60.00, 1500.00, 0, 1),
(1056, 8, 40, 505, NULL, 'CAJA PLASTILINA MEDIANA X9', NULL, 2300.00, 0, 1500.00, 0.00, 1, '2026-01-02 01:06:10', 1500.00, 'unidad', 1, 0.00, 50.00, 2300.00, 0, 1),
(1057, 8, 40, 506, NULL, 'TEMPERA PEQUEA', NULL, 1000.00, 0, 433.33, 0.00, 1, '2026-01-02 01:06:10', 433.00, 'unidad', 1, 0.00, 110.00, 1000.00, 0, 1),
(1058, 8, 40, 507, NULL, 'Hoja CARTA', NULL, 200.96, 0, 16000.00, 0.00, 1, '2026-01-02 01:06:10', 32.00, 'unidad', 1, 0.00, 528.00, 200.96, 0, 0),
(1059, 10, 174, 508, NULL, 'RESMA OFICIO X500', NULL, 22400.00, 0, 16000.00, 0.00, 1, '2026-01-02 01:06:10', 16000.00, 'unidad', 1, 0.00, 40.00, 22400.00, 0, 1),
(1060, 8, 40, 509, NULL, 'CORRECTOR LAPIZ', NULL, 1500.00, 0, 1000.00, 0.00, 1, '2026-01-02 01:06:10', 1000.00, 'unidad', 1, 0.00, 50.00, 1500.00, 0, 1),
(1061, 8, 40, 510, NULL, 'MARCADOR PERMANENTE', NULL, 1500.00, 0, 1000.00, 0.00, 1, '2026-01-02 01:06:10', 1000.00, 'unidad', 1, 0.00, 50.00, 1500.00, 0, 1),
(1062, 8, 40, 511, NULL, 'TIJERA PUNTA ROMA', NULL, 1100.00, 0, 725.00, 0.00, 1, '2026-01-02 01:06:10', 725.00, 'unidad', 1, 0.00, 50.00, 1100.00, 0, 1),
(1063, 8, 40, 512, NULL, 'PEGANTE LIQUIDO 40GR', NULL, 1200.00, 0, 766.67, 0.00, 1, '2026-01-02 01:06:10', 766.67, 'unidad', 1, 0.00, 50.00, 1200.00, 0, 1),
(1064, 8, 40, 513, NULL, 'TAJALAPIZ DEPOSITO', NULL, 1500.00, 0, 1000.00, 0.00, 1, '2026-01-02 01:06:10', 1000.00, 'unidad', 1, 0.00, 50.00, 1500.00, 0, 1),
(1065, 8, 40, 514, NULL, 'LAPIZ NEGRO', NULL, 1000.00, 0, 400.00, 0.00, 1, '2026-01-02 01:06:10', 400.00, 'unidad', 1, 0.00, 130.00, 1000.00, 0, 1),
(1066, 8, 40, 515, NULL, 'LAPIZ ROJO', NULL, 1500.00, 0, 958.33, 0.00, 1, '2026-01-02 01:06:10', 958.33, 'unidad', 1, 0.00, 50.00, 1500.00, 0, 1),
(1067, 8, 40, 516, NULL, 'BORRADOR BLANCO Nata', NULL, 800.00, 0, 500.00, 0.00, 1, '2026-01-02 01:06:10', 500.00, 'unidad', 1, 0.00, 50.00, 800.00, 0, 1),
(1068, 8, 40, 517, NULL, 'ESFERO BOLIGRAFO', NULL, 1000.00, 0, 566.67, 0.00, 1, '2026-01-02 01:06:10', 566.67, 'unidad', 1, 0.00, 60.00, 1000.00, 0, 1),
(1069, 8, 40, 518, NULL, 'SHARPY NEGRO PUNTA FINA', NULL, 3400.00, 0, 2216.67, 0.00, 1, '2026-01-02 01:06:10', 2216.67, 'unidad', 1, 0.00, 50.00, 3400.00, 0, 1),
(1070, 8, 25, 519, NULL, 'CUCHILLA MINORA', NULL, 500.00, 0, 1755.00, 0.00, 1, '2026-01-02 01:06:10', 360.00, 'unidad', 1, 0.00, 20.00, 500.00, 0, 1),
(1071, 8, 40, 520, NULL, 'TAJALAPIZ Doble Deposito', NULL, 2100.00, 0, 1358.33, 0.00, 1, '2026-01-02 01:06:10', 1358.33, 'unidad', 1, 0.00, 50.00, 2100.00, 0, 1),
(1072, 8, 40, 521, NULL, 'ROLLO TERMICO 80X60X6', NULL, 6700.00, 0, 3333.33, 0.00, 1, '2026-01-02 01:06:10', 3333.33, 'unidad', 1, 0.00, 100.00, 6700.00, 0, 1),
(1073, 8, 40, 522, NULL, 'PAPEL FOTOGRAFICO Adesivo', NULL, 1000.00, 0, 295.00, 0.00, 1, '2026-01-02 01:06:10', 295.00, 'unidad', 1, 0.00, 220.00, 1000.00, 0, 1),
(1074, 8, 40, 523, NULL, 'HOJA DE VIDA', NULL, 1000.00, 0, 530.00, 0.00, 1, '2026-01-02 01:06:10', 530.00, 'unidad', 1, 0.00, 70.00, 1000.00, 0, 1),
(1075, 8, 40, 524, NULL, 'CARPETA CARTA CELUGUIA PLASTICA', NULL, 3300.00, 0, 2200.00, 0.00, 1, '2026-01-02 01:06:10', 2200.00, 'unidad', 1, 0.00, 50.00, 3300.00, 0, 1),
(1076, 8, 40, 525, NULL, 'CARPETA Cart贸n CARTA', NULL, 700.00, 0, 444.00, 0.00, 1, '2026-01-02 01:06:10', 444.00, 'unidad', 1, 0.00, 50.00, 700.00, 0, 1),
(1077, 8, 40, 526, NULL, 'CARPETA CARTON OFICIO', NULL, 1000.00, 0, 444.00, 0.00, 1, '2026-01-02 01:06:10', 444.00, 'unidad', 1, 0.00, 120.00, 1000.00, 0, 1),
(1078, 8, 40, 527, NULL, 'CARPETA OFICIO CELUGUIA PLASTICA', NULL, 3900.00, 0, 2600.00, 0.00, 1, '2026-01-02 01:06:10', 2600.00, 'unidad', 1, 0.00, 50.00, 3900.00, 0, 1),
(1079, 8, 40, 528, NULL, 'FACTURERO POPOCHO GRANDE TALONARIO', NULL, 3500.00, 0, 2300.00, 0.00, 1, '2026-01-02 01:06:10', 2300.00, 'unidad', 1, 0.00, 50.00, 3500.00, 0, 1),
(1080, 8, 40, 529, NULL, 'FACTURERO 1/32X40H PERIODICO MEDIANO', NULL, 900.00, 0, 550.00, 0.00, 1, '2026-01-02 01:06:10', 550.00, 'unidad', 1, 0.00, 50.00, 900.00, 0, 1),
(1081, 8, 40, 530, NULL, 'FACTURERO 1/72 PERIODICO ECONOMICO PEQUEO', NULL, 500.00, 0, 320.00, 0.00, 1, '2026-01-02 01:06:10', 320.00, 'unidad', 1, 0.00, 50.00, 500.00, 0, 1),
(1082, 8, 43, 531, NULL, 'ALCANCIA GRANDE', NULL, 2000.00, 0, 1200.00, 0.00, 1, '2026-01-02 01:06:10', 1200.00, 'unidad', 1, 0.00, 60.00, 2000.00, 0, 1),
(1083, 8, 43, 532, NULL, 'ALCANCIA PEQUEA', NULL, 1500.00, 0, 800.00, 0.00, 1, '2026-01-02 01:06:10', 800.00, 'unidad', 1, 0.00, 80.00, 1500.00, 0, 1),
(1084, 8, 40, 533, NULL, 'CARTON PAJA BLANCO 1/2', NULL, 2600.00, 0, 1700.00, 0.00, 1, '2026-01-02 01:06:10', 1700.00, 'unidad', 1, 0.00, 50.00, 2600.00, 0, 1),
(1085, 8, 40, 534, NULL, 'CARTON PAJA BLANCO 1/4', NULL, 1200.00, 0, 800.00, 0.00, 1, '2026-01-02 01:06:10', 800.00, 'unidad', 1, 0.00, 50.00, 1200.00, 0, 1),
(1086, 8, 40, 535, NULL, 'CARTON PAJA BLANCO 1/8', NULL, 700.00, 0, 408.00, 0.00, 1, '2026-01-02 01:06:10', 408.00, 'unidad', 1, 0.00, 50.00, 700.00, 0, 1),
(1087, 8, 40, 536, NULL, 'CARTON PAJA PLIEGO', NULL, 4900.00, 0, 3240.00, 0.00, 1, '2026-01-02 01:06:10', 3240.00, 'unidad', 1, 0.00, 50.00, 4900.00, 0, 1),
(1088, 8, 40, 537, NULL, 'DOMINO REF 4006P', NULL, 8100.00, 0, 6700.00, 0.00, 1, '2026-01-02 01:06:10', 6700.00, 'unidad', 1, 0.00, 20.00, 8100.00, 0, 1),
(1089, 8, 40, 538, NULL, 'JENGA PEQUEO', NULL, 9400.00, 0, 7820.00, 0.00, 1, '2026-01-02 01:06:10', 7820.00, 'unidad', 1, 0.00, 20.00, 9400.00, 0, 1),
(1090, 8, 40, 539, NULL, 'JUEGO DE CARTAS UNO', NULL, 5900.00, 0, 4850.00, 0.00, 1, '2026-01-02 01:06:10', 4850.00, 'unidad', 1, 0.00, 20.00, 5900.00, 0, 1),
(1091, 8, 40, 540, NULL, 'MARCADOR BORRABLE', NULL, 2500.00, 0, 1640.00, 0.00, 1, '2026-01-02 01:06:10', 1640.00, 'unidad', 1, 0.00, 50.00, 2500.00, 0, 1),
(1092, 8, 40, 541, NULL, 'PARQUES EN VINILO 6 PUESTOS', NULL, 7800.00, 0, 6500.00, 0.00, 1, '2026-01-02 01:06:10', 6500.00, 'unidad', 1, 0.00, 20.00, 7800.00, 0, 1),
(1093, 8, 40, 542, NULL, 'ROMPECABEZAS X100 PIEZAS', NULL, 15400.00, 0, 12800.00, 0.00, 1, '2026-01-02 01:06:10', 12800.00, 'unidad', 1, 0.00, 20.00, 15400.00, 0, 1),
(1094, 1, 1, 543, NULL, 'HUEVO PEQUEO', NULL, 0.00, 0, 2500.00, 0.00, 1, '2026-01-02 01:06:10', 2500.00, 'unidad', 1, 0.00, 30.00, 3250.00, 0, 1),
(1095, 1, 1, 544, NULL, 'HUEVO GRANDE', NULL, 0.00, 0, 8000.00, 0.00, 1, '2026-01-02 01:06:10', 8000.00, 'unidad', 1, 0.00, 30.00, 10400.00, 0, 1),
(1096, 1, 1, 545, NULL, 'BOLA #1', NULL, 0.00, 0, 100.00, 0.00, 1, '2026-01-02 01:06:10', 100.00, 'unidad', 1, 0.00, 30.00, 130.00, 0, 1),
(1097, 1, 1, 546, NULL, 'BOLA #2', NULL, 0.00, 0, 150.00, 0.00, 1, '2026-01-02 01:06:10', 150.00, 'unidad', 1, 0.00, 30.00, 195.00, 0, 1),
(1098, 1, 1, 547, NULL, 'BOLA #3', NULL, 0.00, 0, 0.00, 0.00, 1, '2026-01-02 01:06:10', 0.00, 'unidad', 1, 0.00, 30.00, 0.00, 0, 1),
(1099, 1, 1, 548, NULL, 'BOLA #4', NULL, 0.00, 0, 250.00, 0.00, 1, '2026-01-02 01:06:10', 250.00, 'unidad', 1, 0.00, 30.00, 325.00, 0, 1),
(1100, 1, 1, 549, NULL, 'BOLA #5', NULL, 0.00, 0, 0.00, 0.00, 1, '2026-01-02 01:06:10', 0.00, 'unidad', 1, 0.00, 30.00, 0.00, 0, 1),
(1101, 1, 1, 550, NULL, 'BOLA #6', NULL, 0.00, 0, 350.00, 0.00, 1, '2026-01-02 01:06:10', 350.00, 'unidad', 1, 0.00, 30.00, 455.00, 0, 1),
(1102, 1, 1, 551, NULL, 'BOLA #7', NULL, 0.00, 0, 400.00, 0.00, 1, '2026-01-02 01:06:10', 400.00, 'unidad', 1, 0.00, 30.00, 520.00, 0, 1),
(1103, 1, 1, 552, NULL, 'BOLA #15', NULL, 0.00, 0, 1800.00, 0.00, 1, '2026-01-02 01:06:10', 1800.00, 'unidad', 1, 0.00, 30.00, 2340.00, 0, 1),
(1104, 1, 1, 553, NULL, 'BOLA #20', NULL, 0.00, 0, 5000.00, 0.00, 1, '2026-01-02 01:06:10', 5000.00, 'unidad', 1, 0.00, 30.00, 6500.00, 0, 1),
(1105, 1, 1, 554, NULL, 'PLATO PIATA BANDEJA', NULL, 0.00, 0, 900.00, 0.00, 1, '2026-01-02 01:06:10', 900.00, 'unidad', 1, 0.00, 30.00, 1170.00, 0, 1),
(1106, 1, 1, 555, NULL, 'VASO PIATA', NULL, 0.00, 0, 900.00, 0.00, 1, '2026-01-02 01:06:10', 900.00, 'unidad', 1, 0.00, 30.00, 1170.00, 0, 1),
(1107, 1, 1, 556, NULL, 'GORRO PIATA', NULL, 0.00, 0, 700.00, 0.00, 1, '2026-01-02 01:06:10', 700.00, 'unidad', 1, 0.00, 30.00, 910.00, 0, 1),
(1108, 1, 1, 557, NULL, 'BANDERINES', NULL, 0.00, 0, 1500.00, 0.00, 1, '2026-01-02 01:06:10', 1500.00, 'unidad', 1, 0.00, 30.00, 1950.00, 0, 1),
(1109, 1, 1, 558, NULL, 'BURBUJA BOMBA TRANSP. GRANDE 24\"', NULL, 0.00, 0, 1800.00, 0.00, 1, '2026-01-02 01:06:10', 1800.00, 'unidad', 1, 0.00, 30.00, 2340.00, 0, 1),
(1110, 1, 1, 559, NULL, 'BOLSAS PIATA', NULL, 0.00, 0, 1600.00, 0.00, 1, '2026-01-02 01:06:10', 1600.00, 'unidad', 1, 0.00, 30.00, 2080.00, 0, 1),
(1111, 1, 1, 560, NULL, 'LETRERO FELIZ CUMPLE GLOBOS', NULL, 0.00, 0, 7500.00, 0.00, 1, '2026-01-02 01:06:10', 7500.00, 'unidad', 1, 0.00, 30.00, 9750.00, 0, 1),
(1112, 1, 1, 561, NULL, 'GLOBO REDONDO BALON Y CORAZON', NULL, 0.00, 0, 1400.00, 0.00, 1, '2026-01-02 01:06:10', 1400.00, 'unidad', 1, 0.00, 30.00, 1820.00, 0, 1),
(1113, 1, 1, 562, NULL, 'MANTEL PIATA', NULL, 0.00, 0, 2500.00, 0.00, 1, '2026-01-02 01:06:10', 2500.00, 'unidad', 1, 0.00, 30.00, 3250.00, 0, 1),
(1114, 1, 1, 563, NULL, 'CORONITAS NIA', NULL, 0.00, 0, 1400.00, 0.00, 1, '2026-01-02 01:06:10', 1400.00, 'unidad', 1, 0.00, 30.00, 1820.00, 0, 1),
(1115, 1, 1, 564, NULL, 'TARJETAS PIATA', NULL, 0.00, 0, 700.00, 0.00, 1, '2026-01-02 01:06:10', 700.00, 'unidad', 1, 0.00, 30.00, 910.00, 0, 1),
(1116, 1, 1, 565, NULL, 'GUIRNALDAS', NULL, 0.00, 0, 1900.00, 0.00, 1, '2026-01-02 01:06:10', 1900.00, 'unidad', 1, 0.00, 30.00, 2470.00, 0, 1),
(1117, 1, 1, 566, NULL, 'PITOS PIATA', NULL, 0.00, 0, 6500.00, 0.00, 1, '2026-01-02 01:06:10', 6500.00, 'unidad', 1, 0.00, 30.00, 8450.00, 0, 1),
(1118, 1, 1, 567, NULL, 'BOMBAS UNIDAD CUALQUIERA', NULL, 0.00, 0, 250.00, 0.00, 1, '2026-01-02 01:06:10', 250.00, 'unidad', 1, 0.00, 30.00, 325.00, 0, 1),
(1119, 1, 1, 568, NULL, 'BOMBAS X50 UNIDADES', NULL, 0.00, 0, 13000.00, 0.00, 1, '2026-01-02 01:06:10', 13000.00, 'unidad', 1, 0.00, 30.00, 16900.00, 0, 1),
(1120, 1, 1, 569, NULL, 'BOMBAS BUKETS X10 UND', NULL, 0.00, 0, 3500.00, 0.00, 1, '2026-01-02 01:06:10', 3500.00, 'unidad', 1, 0.00, 30.00, 4550.00, 0, 1),
(1121, 1, 1, 570, NULL, 'CAON PEQUEO', NULL, 0.00, 0, 2000.00, 0.00, 1, '2026-01-02 01:06:10', 2000.00, 'unidad', 1, 0.00, 30.00, 2600.00, 0, 1),
(1122, 1, 1, 571, NULL, 'CAON MEDIANO', NULL, 0.00, 0, 2500.00, 0.00, 1, '2026-01-02 01:06:10', 2500.00, 'unidad', 1, 0.00, 30.00, 3250.00, 0, 1),
(1123, 1, 1, 572, NULL, 'CAON GRANDE', NULL, 0.00, 0, 3500.00, 0.00, 1, '2026-01-02 01:06:10', 3500.00, 'unidad', 1, 0.00, 30.00, 4550.00, 0, 1),
(1124, 1, 1, 573, NULL, 'MANILLA NEON', NULL, 0.00, 0, 6500.00, 0.00, 1, '2026-01-02 01:06:10', 6500.00, 'unidad', 1, 0.00, 30.00, 8450.00, 0, 1),
(1125, 1, 1, 574, NULL, 'PAPEL PICADO', NULL, 0.00, 0, 300.00, 0.00, 1, '2026-01-02 01:06:10', 300.00, 'unidad', 1, 0.00, 30.00, 390.00, 0, 1),
(1126, 1, 1, 575, NULL, 'CONFETI', NULL, 0.00, 0, 300.00, 0.00, 1, '2026-01-02 01:06:10', 300.00, 'unidad', 1, 0.00, 30.00, 390.00, 0, 1),
(1127, 1, 1, 576, NULL, 'CONFETI DE MESA FELIZ CUMPLEAOS', NULL, 0.00, 0, 1200.00, 0.00, 1, '2026-01-02 01:06:10', 1200.00, 'unidad', 1, 0.00, 30.00, 1560.00, 0, 1),
(1128, 1, 1, 577, NULL, 'PAPEL PIATA METALIZADO', NULL, 0.00, 0, 800.00, 0.00, 1, '2026-01-02 01:06:10', 800.00, 'unidad', 1, 0.00, 30.00, 1040.00, 0, 1),
(1129, 1, 1, 578, NULL, 'SERPENTINA PAPEL', NULL, 0.00, 0, 300.00, 0.00, 1, '2026-01-02 01:06:10', 300.00, 'unidad', 1, 0.00, 30.00, 390.00, 0, 1),
(1130, 1, 1, 579, NULL, 'PIMPON PIATA', NULL, 0.00, 0, 4500.00, 0.00, 1, '2026-01-02 01:06:10', 4500.00, 'unidad', 1, 0.00, 30.00, 5850.00, 0, 1),
(1131, 1, 1, 580, NULL, 'RELLENO PIATA FIGURA INFLADA', NULL, 0.00, 0, 8000.00, 0.00, 1, '2026-01-02 01:06:10', 8000.00, 'unidad', 1, 0.00, 30.00, 10400.00, 0, 1),
(1132, 1, 1, 581, NULL, 'RELLENO PIATA MIXTO', NULL, 0.00, 0, 13000.00, 0.00, 1, '2026-01-02 01:06:10', 13000.00, 'unidad', 1, 0.00, 30.00, 16900.00, 0, 1),
(1133, 1, 1, 582, NULL, 'RELLENO PIATA SELECCIONADO', NULL, 0.00, 0, 18000.00, 0.00, 1, '2026-01-02 01:06:10', 18000.00, 'unidad', 1, 0.00, 30.00, 23400.00, 0, 1),
(1134, 1, 1, 583, NULL, 'RELLENO PIATA ADULTO', NULL, 0.00, 0, 14000.00, 0.00, 1, '2026-01-02 01:06:10', 14000.00, 'unidad', 1, 0.00, 30.00, 18200.00, 0, 1),
(1135, 1, 1, 584, NULL, 'SERPENTINA SATIN X3', NULL, 0.00, 0, 1200.00, 0.00, 1, '2026-01-02 01:06:10', 1200.00, 'unidad', 1, 0.00, 30.00, 1560.00, 0, 1),
(1136, 1, 1, 585, NULL, 'SERPENTINA ESTAMPADA', NULL, 0.00, 0, 1600.00, 0.00, 1, '2026-01-02 01:06:10', 1600.00, 'unidad', 1, 0.00, 30.00, 2080.00, 0, 1),
(1137, 1, 1, 586, NULL, 'VELA PORCELANICRON', NULL, 0.00, 0, 1000.00, 0.00, 1, '2026-01-02 01:06:10', 1000.00, 'unidad', 1, 0.00, 30.00, 1300.00, 0, 1),
(1138, 1, 1, 587, NULL, 'VELA PARAFINA', NULL, 0.00, 0, 800.00, 0.00, 1, '2026-01-02 01:06:10', 800.00, 'unidad', 1, 0.00, 30.00, 1040.00, 0, 1),
(1139, 1, 1, 588, NULL, 'VELA NUMERO', NULL, 0.00, 0, 300.00, 0.00, 1, '2026-01-02 01:06:10', 300.00, 'unidad', 1, 0.00, 30.00, 390.00, 0, 1),
(1140, 1, 1, 589, NULL, 'VELA VOLCAN', NULL, 0.00, 0, 500.00, 0.00, 1, '2026-01-02 01:06:10', 500.00, 'unidad', 1, 0.00, 30.00, 650.00, 0, 1),
(1141, 1, 1, 590, NULL, 'VELAS MOTIVO PEQUEO', NULL, 0.00, 0, 3100.00, 0.00, 1, '2026-01-02 01:06:10', 3100.00, 'unidad', 1, 0.00, 30.00, 4030.00, 0, 1),
(1142, 1, 1, 591, NULL, 'VELAS 15 AOS', NULL, 0.00, 0, 3500.00, 0.00, 1, '2026-01-02 01:06:10', 3500.00, 'unidad', 1, 0.00, 30.00, 4550.00, 0, 1),
(1143, 1, 1, 592, NULL, 'VELA PALITO X10', NULL, 0.00, 0, 1500.00, 0.00, 1, '2026-01-02 01:06:10', 1500.00, 'unidad', 1, 0.00, 30.00, 1950.00, 0, 1),
(1144, 1, 1, 593, NULL, 'VELA ESCUDO', NULL, 0.00, 0, 1500.00, 0.00, 1, '2026-01-02 01:06:10', 1500.00, 'unidad', 1, 0.00, 30.00, 1950.00, 0, 1),
(1145, 1, 1, 594, NULL, 'VELA BOTELLA', NULL, 0.00, 0, 2000.00, 0.00, 1, '2026-01-02 01:06:10', 2000.00, 'unidad', 1, 0.00, 30.00, 2600.00, 0, 1),
(1146, 1, 1, 595, NULL, 'VELA ADULTO PEQUEA', NULL, 0.00, 0, 2500.00, 0.00, 1, '2026-01-02 01:06:10', 2500.00, 'unidad', 1, 0.00, 30.00, 3250.00, 0, 1),
(1147, 1, 1, 596, NULL, 'VELA ADULTO GRANDE', NULL, 0.00, 0, 3500.00, 0.00, 1, '2026-01-02 01:06:10', 3500.00, 'unidad', 1, 0.00, 30.00, 4550.00, 0, 1),
(1148, 1, 1, 597, NULL, 'VELA ESPIRAL', NULL, 0.00, 0, 2500.00, 0.00, 1, '2026-01-02 01:06:10', 2500.00, 'unidad', 1, 0.00, 30.00, 3250.00, 0, 1),
(1149, 1, 1, 598, NULL, 'CORTINA PIATA', NULL, 0.00, 0, 2800.00, 0.00, 1, '2026-01-02 01:06:10', 2800.00, 'unidad', 1, 0.00, 30.00, 3640.00, 0, 1),
(1150, 1, 1, 599, NULL, 'NUMERO Y LETRAS 18\"', NULL, 0.00, 0, 1000.00, 0.00, 1, '2026-01-02 01:06:10', 1000.00, 'unidad', 1, 0.00, 30.00, 1300.00, 0, 1),
(1151, 1, 1, 600, NULL, 'BOMBAS X20 COMUNION Y CHAWER', NULL, 0.00, 0, 4500.00, 0.00, 1, '2026-01-02 01:06:10', 4500.00, 'unidad', 1, 0.00, 30.00, 5850.00, 0, 1),
(1152, 1, 1, 601, NULL, 'BOMBAS X20 50 AOS', NULL, 0.00, 0, 5500.00, 0.00, 1, '2026-01-02 01:06:10', 5500.00, 'unidad', 1, 0.00, 30.00, 7150.00, 0, 1),
(1153, 1, 1, 602, NULL, 'BANER LARGO', NULL, 0.00, 0, 1800.00, 0.00, 1, '2026-01-02 01:06:10', 1800.00, 'unidad', 1, 0.00, 30.00, 2340.00, 0, 1),
(1154, 1, 1, 603, NULL, 'BANER CORTO', NULL, 0.00, 0, 750.00, 0.00, 1, '2026-01-02 01:06:10', 750.00, 'unidad', 1, 0.00, 30.00, 975.00, 0, 1),
(1155, 1, 1, 604, NULL, 'PIATA 2 PATAS', NULL, 0.00, 0, 6000.00, 0.00, 1, '2026-01-02 01:06:10', 6000.00, 'unidad', 1, 0.00, 30.00, 7800.00, 0, 1),
(1156, 1, 1, 605, NULL, 'PIATA 4 PATAS', NULL, 0.00, 0, 8000.00, 0.00, 1, '2026-01-02 01:06:10', 8000.00, 'unidad', 1, 0.00, 30.00, 10400.00, 0, 1),
(1157, 1, 1, 606, NULL, 'PIATA VESTIDO', NULL, 0.00, 0, 10000.00, 0.00, 1, '2026-01-02 01:06:10', 10000.00, 'unidad', 1, 0.00, 30.00, 13000.00, 0, 1),
(1158, 1, 1, 607, NULL, 'PIATA ICOPOR ARMBLE', NULL, 0.00, 0, 10000.00, 0.00, 1, '2026-01-02 01:06:10', 10000.00, 'unidad', 1, 0.00, 30.00, 13000.00, 0, 1),
(1159, 1, 1, 608, NULL, 'PIATA CARS', NULL, 0.00, 0, 6000.00, 0.00, 1, '2026-01-02 01:06:10', 6000.00, 'unidad', 1, 0.00, 30.00, 7800.00, 0, 1),
(1160, 1, 1, 609, NULL, 'PIATA SENOS', NULL, 0.00, 0, 0.00, 0.00, 1, '2026-01-02 01:06:10', 0.00, 'unidad', 1, 0.00, 30.00, 0.00, 0, 1),
(1161, 1, 1, 610, NULL, 'PIATA SENOS Y TORSO', NULL, 0.00, 0, 9000.00, 0.00, 1, '2026-01-02 01:06:10', 9000.00, 'unidad', 1, 0.00, 30.00, 11700.00, 0, 1),
(1162, 1, 1, 611, NULL, 'PIATA PENE', NULL, 0.00, 0, 0.00, 0.00, 1, '2026-01-02 01:06:10', 0.00, 'unidad', 1, 0.00, 30.00, 0.00, 0, 1),
(1163, 1, 1, 612, NULL, 'RELLENO DE DULCES', NULL, 0.00, 0, 20000.00, 0.00, 1, '2026-01-02 01:06:10', 20000.00, 'unidad', 1, 0.00, 30.00, 26000.00, 0, 1),
(1164, 1, 1, 613, NULL, 'PINES PEQUEO X6', NULL, 0.00, 0, 416.67, 0.00, 1, '2026-01-02 01:06:10', 416.67, 'unidad', 1, 0.00, 30.00, 541.67, 0, 1),
(1165, 1, 1, 614, NULL, 'PINES GRANDE X6', NULL, 0.00, 0, 1000.00, 0.00, 1, '2026-01-02 01:06:10', 1000.00, 'unidad', 1, 0.00, 30.00, 1300.00, 0, 1),
(1166, 1, 1, 615, NULL, 'PALO GLOBO', NULL, 0.00, 0, 200.00, 0.00, 1, '2026-01-02 01:06:10', 200.00, 'unidad', 1, 0.00, 30.00, 260.00, 0, 1),
(1167, 1, 1, 616, NULL, 'VASO MUG ECONOMICO', NULL, 0.00, 0, 2700.00, 0.00, 1, '2026-01-02 01:06:10', 2700.00, 'unidad', 1, 0.00, 30.00, 3510.00, 0, 1),
(1168, 1, 1, 617, NULL, 'PINES X6 GRANDE', NULL, 0.00, 0, 416.67, 0.00, 1, '2026-01-02 01:06:10', 416.67, 'unidad', 1, 0.00, 30.00, 541.67, 0, 1),
(1169, 1, 1, 618, NULL, 'PINES X12 PEQUEO', NULL, 0.00, 0, 208.33, 0.00, 1, '2026-01-02 01:06:10', 208.33, 'unidad', 1, 0.00, 30.00, 270.83, 0, 1),
(1170, 1, 1, 619, NULL, 'PALO GLOBO BOMBA X100', NULL, 0.00, 0, 38.00, 0.00, 1, '2026-01-02 01:06:10', 38.00, 'unidad', 1, 0.00, 30.00, 49.40, 0, 1),
(1171, 1, 1, 620, NULL, 'TEMPORADA DICIEMBRE PAPEL CELOFAN NAVIDEO HOJA Y PAQUETE', NULL, 0.00, 0, 392.00, 0.00, 1, '2026-01-02 01:06:10', 392.00, 'unidad', 1, 0.00, 30.00, 509.60, 0, 1),
(1172, 1, 1, 621, NULL, 'CAJA MALETIN #3', NULL, 0.00, 0, 2000.00, 0.00, 1, '2026-01-02 01:06:10', 2000.00, 'unidad', 1, 0.00, 30.00, 2600.00, 0, 1),
(1173, 1, 1, 622, NULL, 'CAJA CUP CAKE X6 NAVIDAD', NULL, 0.00, 0, 2200.00, 0.00, 1, '2026-01-02 01:06:10', 2200.00, 'unidad', 1, 0.00, 30.00, 2860.00, 0, 1),
(1174, 1, 1, 623, NULL, 'PLATO REDONDO X12', NULL, 0.00, 0, 666.67, 0.00, 1, '2026-01-02 01:06:10', 666.67, 'unidad', 1, 0.00, 30.00, 866.67, 0, 1),
(1175, 1, 1, 624, NULL, 'TENEDOR X20', NULL, 0.00, 0, 3800.00, 0.00, 1, '2026-01-02 01:06:10', 3800.00, 'unidad', 1, 0.00, 30.00, 4940.00, 0, 1),
(1176, 1, 1, 625, NULL, 'PAAL WINNY 0X30', NULL, 0.00, 0, 19200.00, 0.00, 1, '2026-01-02 01:06:10', 19200.00, 'unidad', 1, 0.00, 30.00, 24960.00, 0, 1),
(1177, 1, 1, 626, NULL, 'PAAL WINNY 0X50', NULL, 0.00, 0, 33000.00, 0.00, 1, '2026-01-02 01:06:10', 33000.00, 'unidad', 1, 0.00, 30.00, 42900.00, 0, 1),
(1178, 1, 1, 627, NULL, 'PAAL WINNY 1X16', NULL, 0.00, 0, 12000.00, 0.00, 1, '2026-01-02 01:06:10', 12000.00, 'unidad', 1, 0.00, 30.00, 15600.00, 0, 1),
(1179, 1, 1, 628, NULL, 'PAAL WINNY 1X30', NULL, 0.00, 0, 22000.00, 0.00, 1, '2026-01-02 01:06:10', 22000.00, 'unidad', 1, 0.00, 30.00, 28600.00, 0, 1),
(1180, 1, 1, 629, NULL, 'PAAL WINNY 1X50', NULL, 0.00, 0, 37000.00, 0.00, 1, '2026-01-02 01:06:10', 37000.00, 'unidad', 1, 0.00, 30.00, 48100.00, 0, 1),
(1181, 1, 1, 630, NULL, 'PAAL WINNY 2X16', NULL, 0.00, 0, 14000.00, 0.00, 1, '2026-01-02 01:06:10', 14000.00, 'unidad', 1, 0.00, 30.00, 18200.00, 0, 1),
(1182, 1, 1, 631, NULL, 'PAAL WINNY 2X30', NULL, 0.00, 0, 25000.00, 0.00, 1, '2026-01-02 01:06:10', 25000.00, 'unidad', 1, 0.00, 30.00, 32500.00, 0, 1),
(1183, 1, 1, 632, NULL, 'PAAL WINNY 2X50', NULL, 0.00, 0, 42000.00, 0.00, 1, '2026-01-02 01:06:10', 42000.00, 'unidad', 1, 0.00, 30.00, 54600.00, 0, 1),
(1184, 1, 1, 633, NULL, 'PAAL WINNY 2X100', NULL, 0.00, 0, 83000.00, 0.00, 1, '2026-01-02 01:06:10', 83000.00, 'unidad', 1, 0.00, 30.00, 107900.00, 0, 1),
(1185, 1, 1, 634, NULL, 'PAAL WINNY 3X16', NULL, 0.00, 0, 16000.00, 0.00, 1, '2026-01-02 01:06:10', 16000.00, 'unidad', 1, 0.00, 30.00, 20800.00, 0, 1),
(1186, 1, 1, 635, NULL, 'PAAL WINNY 3X30', NULL, 0.00, 0, 31000.00, 0.00, 1, '2026-01-02 01:06:10', 31000.00, 'unidad', 1, 0.00, 30.00, 40300.00, 0, 1);
INSERT INTO `products` (`id`, `category_id`, `subcategory_id`, `sku`, `image`, `name`, `description`, `price`, `min_quantity`, `cost`, `tax_percent`, `active`, `created_at`, `cost_initial`, `packaging_type`, `packaging_qty`, `iva_percent`, `margin_percent`, `price_unit`, `stock`, `rounding_enabled`) VALUES
(1187, 1, 1, 636, NULL, 'PAAL WINNY 3X50', NULL, 0.00, 0, 51000.00, 0.00, 1, '2026-01-02 01:06:10', 51000.00, 'unidad', 1, 0.00, 30.00, 66300.00, 0, 1),
(1188, 1, 1, 637, NULL, 'PAAL WINNY 3X100', NULL, 0.00, 0, 101000.00, 0.00, 1, '2026-01-02 01:06:10', 101000.00, 'unidad', 1, 0.00, 30.00, 131300.00, 0, 1),
(1189, 1, 1, 638, NULL, 'PAAL WINNY 4X16', NULL, 0.00, 0, 21000.00, 0.00, 1, '2026-01-02 01:06:10', 21000.00, 'unidad', 1, 0.00, 30.00, 27300.00, 0, 1),
(1190, 1, 1, 639, NULL, 'PAAL WINNY 4X30', NULL, 0.00, 0, 39000.00, 0.00, 1, '2026-01-02 01:06:10', 39000.00, 'unidad', 1, 0.00, 30.00, 50700.00, 0, 1),
(1191, 1, 1, 640, NULL, 'PAAL WINNY 4X50', NULL, 0.00, 0, 62000.00, 0.00, 1, '2026-01-02 01:06:10', 62000.00, 'unidad', 1, 0.00, 30.00, 80600.00, 0, 1),
(1192, 1, 1, 641, NULL, 'PAAL WINNY 4X100', NULL, 0.00, 0, 126000.00, 0.00, 1, '2026-01-02 01:06:10', 126000.00, 'unidad', 1, 0.00, 30.00, 163800.00, 0, 1),
(1193, 1, 1, 642, NULL, 'PAAL WINNY 5X16', NULL, 0.00, 0, 24000.00, 0.00, 1, '2026-01-02 01:06:10', 24000.00, 'unidad', 1, 0.00, 30.00, 31200.00, 0, 1),
(1194, 1, 1, 643, NULL, 'PAAL WINNY 5X30', NULL, 0.00, 0, 43000.00, 0.00, 1, '2026-01-02 01:06:10', 43000.00, 'unidad', 1, 0.00, 30.00, 55900.00, 0, 1),
(1195, 1, 1, 644, NULL, 'PAAL WINNY 5X50', NULL, 0.00, 0, 69000.00, 0.00, 1, '2026-01-02 01:06:10', 69000.00, 'unidad', 1, 0.00, 30.00, 89700.00, 0, 1),
(1196, 1, 1, 645, NULL, 'PAAL WINNY GOLD PANTI 6X30', NULL, 0.00, 0, 47000.00, 0.00, 1, '2026-01-02 01:06:10', 47000.00, 'unidad', 1, 0.00, 30.00, 61100.00, 0, 1),
(1197, 1, 1, 646, NULL, 'PAAL WINNY GOLD PANTI 6X50', NULL, 0.00, 0, 88000.00, 0.00, 1, '2026-01-02 01:06:10', 88000.00, 'unidad', 1, 0.00, 30.00, 114400.00, 0, 1),
(1198, 1, 1, 647, NULL, 'PAAL WINNY GOLD PANTI 6X100', NULL, 0.00, 0, 83000.00, 0.00, 1, '2026-01-02 01:06:10', 83000.00, 'unidad', 1, 0.00, 30.00, 107900.00, 0, 1),
(1199, 1, 1, 648, NULL, 'PAITO WINNY X24', NULL, 0.00, 0, 2800.00, 0.00, 1, '2026-01-02 01:06:10', 2800.00, 'unidad', 1, 0.00, 30.00, 3640.00, 0, 1),
(1200, 1, 1, 649, NULL, 'PAITO WINNY X100', NULL, 0.00, 0, 8700.00, 0.00, 1, '2026-01-02 01:06:10', 8700.00, 'unidad', 1, 0.00, 30.00, 11310.00, 0, 1),
(1201, 1, 1, 650, NULL, 'PAITO PEQUEIN X24', NULL, 0.00, 0, 2800.00, 0.00, 1, '2026-01-02 01:06:10', 2800.00, 'unidad', 1, 0.00, 30.00, 3640.00, 0, 1),
(1202, 1, 1, 651, NULL, 'PAITO PEQUEIN X80', NULL, 0.00, 0, 5600.00, 0.00, 1, '2026-01-02 01:06:10', 5600.00, 'unidad', 1, 0.00, 30.00, 7280.00, 0, 1),
(1203, 1, 1, 652, NULL, 'PAITO PEQUEIN X100', NULL, 0.00, 0, 8000.00, 0.00, 1, '2026-01-02 01:06:10', 8000.00, 'unidad', 1, 0.00, 30.00, 10400.00, 0, 1),
(1204, 1, 1, 653, NULL, 'PAITO ARURU X70', NULL, 0.00, 0, 5000.00, 0.00, 1, '2026-01-02 01:06:10', 5000.00, 'unidad', 1, 0.00, 30.00, 6500.00, 0, 1),
(1205, 1, 1, 654, NULL, 'PAITO ARURU X100', NULL, 0.00, 0, 7800.00, 0.00, 1, '2026-01-02 01:06:10', 7800.00, 'unidad', 1, 0.00, 30.00, 10140.00, 0, 1),
(1206, 1, 1, 655, NULL, 'PAITO DAMPY X120', NULL, 0.00, 0, 6700.00, 0.00, 1, '2026-01-02 01:06:10', 6700.00, 'unidad', 1, 0.00, 30.00, 8710.00, 0, 1),
(1207, 1, 1, 656, NULL, 'PAITO DAMPY ACOLCHADO X110', NULL, 0.00, 0, 9000.00, 0.00, 1, '2026-01-02 01:06:10', 9000.00, 'unidad', 1, 0.00, 30.00, 11700.00, 0, 1),
(1208, 1, 1, 657, NULL, 'PRODUCTO RESERVADO', NULL, 0.00, 0, 0.00, 0.00, 1, '2026-01-02 01:06:10', 0.00, 'unidad', 1, 0.00, 30.00, 0.00, 0, 1),
(1209, 1, 1, 658, NULL, 'PRODUCTO RESERVADO', NULL, 0.00, 0, 0.00, 0.00, 1, '2026-01-02 01:06:10', 0.00, 'unidad', 1, 0.00, 30.00, 0.00, 0, 1),
(1210, 1, 1, 659, NULL, 'PRODUCTO RESERVADO', NULL, 0.00, 0, 0.00, 0.00, 1, '2026-01-02 01:06:10', 0.00, 'unidad', 1, 0.00, 30.00, 0.00, 0, 1),
(1211, 11, 225, 660, NULL, 'Varios', NULL, 1.00, 0, 0.00, 0.00, 1, '2026-01-02 01:06:10', 0.99, 'unidad', 1, 0.00, 1.00, 1.00, 0, 0),
(1214, 8, 19, 661, NULL, 'Contenedor Tarrina 24 onz', NULL, 12000.00, 0, 0.00, 0.00, 1, '2026-01-15 15:38:12', 10625.00, 'unidad', 1, 0.00, 12.50, 12000.00, 0, 1),
(1215, 8, 19, 662, NULL, 'Contenedor Tarrina 16 onz', NULL, 11000.00, 0, 0.00, 0.00, 1, '2026-01-15 15:51:37', 9400.00, 'unidad', 1, 0.00, 16.00, 11000.00, 0, 1),
(1216, 10, 159, 663, NULL, 'GORRO ORUGA BLANCO Paquete x100 Unidades', NULL, 14000.00, 0, 0.00, 0.00, 1, '2026-01-19 00:28:07', 10000.00, 'unidad', 1, 0.00, 40.00, 14000.00, 0, 1),
(1217, 9, 93, 664, NULL, 'Servilleta Tami x300 Darnel', NULL, 3800.00, 0, 0.00, 0.00, 1, '2026-01-19 15:43:36', 3050.00, 'unidad', 1, 0.00, 22.00, 3800.00, 0, 1),
(1218, 10, 177, 665, NULL, 'Caucho Elastico Paquete Grande', NULL, 15600.00, 0, 0.00, 0.00, 1, '2026-01-20 17:15:00', 12000.00, 'unidad', 1, 0.00, 30.00, 15600.00, 0, 1),
(1219, 8, 25, 666, NULL, 'Acondisionador Sobre', NULL, 1100.00, 0, 0.00, 0.00, 1, '2026-01-21 16:41:54', 916.00, 'unidad', 1, 0.00, 20.00, 1100.00, 0, 1),
(1220, 8, 211, 667, NULL, 'Bolsa Papelera-Basura Paquete', NULL, 1500.00, 0, 0.00, 0.00, 1, '2026-01-21 22:11:48', 700.00, 'unidad', 1, 0.00, 110.00, 1500.00, 0, 1),
(1221, 8, 34, 668, NULL, 'Bombillo Led 9W', NULL, 4000.00, 0, 0.00, 0.00, 1, '2026-01-21 23:26:20', 3000.00, 'unidad', 1, 0.00, 33.00, 4000.00, 0, 1),
(1222, 8, 33, 669, NULL, 'BARRA SILICONA Gruesa', NULL, 2000.00, 0, 0.00, 0.00, 1, '2026-01-21 23:52:42', 700.00, 'unidad', 1, 0.00, 180.00, 2000.00, 0, 1),
(1223, 8, 40, 670, NULL, 'L谩piz Jumbo Triangular', NULL, 1500.00, 0, 0.00, 0.00, 1, '2026-01-22 20:29:36', 1000.00, 'unidad', 1, 0.00, 50.00, 1500.00, 0, 1),
(1224, 8, 40, 671, NULL, 'Carpeta Azul Horizontal Oficio', NULL, 2400.00, 0, 0.00, 0.00, 1, '2026-01-22 20:45:43', 1500.00, 'unidad', 1, 0.00, 60.00, 2400.00, 0, 1),
(1225, 8, 264, 672, NULL, 'Bombas x1', NULL, 500.00, 0, 0.00, 0.00, 1, '2026-01-22 21:08:04', 390.00, 'unidad', 1, 0.00, 20.00, 500.00, 0, 1);

-- --------------------------------------------------------

--
-- Estructura de tabla para la tabla `product_images`
--

CREATE TABLE `product_images` (
  `id` int(11) NOT NULL,
  `product_id` int(11) NOT NULL,
  `filename` varchar(255) NOT NULL,
  `position` int(11) NOT NULL DEFAULT 1,
  `alt_text` varchar(255) DEFAULT NULL,
  `is_main` tinyint(1) NOT NULL DEFAULT 0,
  `created_at` timestamp NOT NULL DEFAULT current_timestamp()
) ENGINE=InnoDB DEFAULT CHARSET=utf8mb4 COLLATE=utf8mb4_unicode_ci;

--
-- Volcado de datos para la tabla `product_images`
--

INSERT INTO `product_images` (`id`, `product_id`, `filename`, `position`, `alt_text`, `is_main`, `created_at`) VALUES
(1, 552, 'p552_1767322292_0.png', 1, NULL, 1, '2026-01-02 02:51:32'),
(5, 553, 'p553_1768231617_0.jpg', 1, NULL, 1, '2026-01-12 15:26:57');

-- --------------------------------------------------------

--
-- Estructura de tabla para la tabla `product_prices`
--

CREATE TABLE `product_prices` (
  `id` int(11) NOT NULL,
  `product_id` int(11) NOT NULL,
  `unit_label` varchar(50) NOT NULL,
  `quantity` int(11) NOT NULL DEFAULT 1,
  `price` decimal(12,2) NOT NULL,
  `margin_percent` decimal(6,2) NOT NULL DEFAULT 0.00,
  `category_id` int(11) DEFAULT NULL,
  `subcategory_id` int(11) DEFAULT NULL,
  `iva_percent` decimal(5,2) DEFAULT 0.00
) ENGINE=InnoDB DEFAULT CHARSET=utf8mb4 COLLATE=utf8mb4_unicode_ci;

--
-- Volcado de datos para la tabla `product_prices`
--

INSERT INTO `product_prices` (`id`, `product_id`, `unit_label`, `quantity`, `price`, `margin_percent`, `category_id`, `subcategory_id`, `iva_percent`) VALUES
(49, 553, 'unidad', 1, 2600.00, 20.00, 10, 145, 0.00),
(50, 553, '.', 1, 2600.00, 20.00, 12, 44, 0.00),
(51, 552, '.', 1, 1900.00, 20.00, 12, 44, 0.00),
(52, 552, 'unidad', 1, 1900.00, 20.00, 10, 145, 0.00),
(53, 554, 'unidad', 1, 3000.00, 20.00, 10, 145, 0.00),
(54, 554, '.', 1, 3000.00, 20.00, 12, 44, 0.00),
(55, 555, 'unidad', 1, 4100.00, 20.00, 10, 145, 0.00),
(56, 555, '.', 1, 4100.00, 20.00, 12, 44, 0.00),
(57, 556, 'unidad', 1, 5400.00, 20.00, 10, 145, 0.00),
(58, 556, '.', 1, 5400.00, 20.00, 12, 44, 0.00),
(59, 557, 'unidad', 1, 6400.00, 20.00, 10, 145, 0.00),
(60, 557, '.', 1, 6400.00, 20.00, 12, 44, 0.00),
(61, 558, 'unidad', 1, 7700.00, 20.00, 10, 145, 0.00),
(62, 558, '.', 1, 7700.00, 20.00, 12, 44, 0.00),
(63, 559, 'unidad', 1, 10200.00, 20.00, 10, 145, 0.00),
(64, 559, '.', 1, 10200.00, 20.00, 12, 44, 0.00),
(65, 560, 'unidad', 1, 14400.00, 20.00, 10, 145, 0.00),
(66, 560, '.', 1, 14400.00, 20.00, 12, 44, 0.00),
(67, 561, '.', 1, 2600.00, 105.00, 12, 48, 0.00),
(69, 563, 'unidad', 1, 3300.00, 100.00, 12, 48, 0.00),
(70, 562, '.', 1, 3100.00, 76.00, 12, 48, 0.00),
(71, 564, '.', 1, 3500.00, 100.00, 12, 48, 0.00),
(72, 565, '.', 1, 4000.00, 70.00, 12, 48, 0.00),
(73, 566, '.', 1, 4500.00, 70.00, 12, 48, 0.00),
(74, 567, '.', 1, 4800.00, 40.00, 12, 48, 0.00),
(75, 568, '.', 1, 5200.00, 40.00, 12, 48, 0.00),
(76, 569, '.', 1, 7000.00, 40.00, 12, 48, 0.00),
(77, 570, '.', 1, 5400.00, 40.00, 12, 48, 0.00),
(78, 571, '.', 1, 5800.00, 40.00, 12, 48, 0.00),
(79, 572, '.', 1, 7200.00, 40.00, 12, 48, 0.00),
(80, 573, '.', 1, 8400.00, 40.00, 12, 48, 0.00),
(81, 574, '.', 1, 12400.00, 40.00, 12, 48, 0.00),
(82, 575, '.', 1, 9700.00, 40.00, 12, 48, 0.00),
(83, 576, '.', 1, 12400.00, 40.00, 12, 48, 0.00),
(84, 577, '.', 1, 15400.00, 40.00, 12, 48, 0.00),
(85, 578, '.', 1, 23300.00, 40.00, 12, 48, 0.00),
(86, 579, '.', 1, 26200.00, 40.00, 12, 48, 0.00),
(87, 580, '.', 1, 35000.00, 40.00, 12, 48, 0.00),
(88, 581, '.', 1, 65800.00, 40.00, 12, 48, 0.00),
(89, 582, '.', 1, 2600.00, 50.00, 12, 222, 0.00),
(90, 583, '.', 1, 2700.00, 50.00, 12, 222, 0.00),
(91, 584, '.', 1, 14.95, 30.00, 12, 222, 0.00),
(92, 585, '.', 1, 4900.00, 40.00, 12, 50, 0.00),
(93, 586, '.', 1, 4800.00, 40.00, 12, 50, 0.00),
(94, 587, '.', 1, 5200.00, 40.00, 12, 50, 0.00),
(95, 588, '.', 1, 2400.00, 30.00, 12, 45, 0.00),
(99, 589, '.', 1, 2700.00, 20.00, 12, 45, 0.00),
(100, 590, '.', 1, 3500.00, 20.00, 12, 45, 0.00),
(101, 591, '.', 1, 4200.00, 20.00, 12, 45, 0.00),
(102, 592, '.', 1, 5400.00, 20.00, 12, 45, 0.00),
(103, 593, '.', 1, 7200.00, 20.00, 12, 45, 0.00),
(113, 594, '.', 1, 2000.00, 100.00, 12, 52, 0.00),
(114, 594, '..', 1, 1200.00, 20.00, 15, 119, 0.00),
(115, 594, 'unidad', 1, 1200.00, 20.00, 9, 86, 0.00),
(116, 595, '.', 1, 3000.00, 50.00, 12, 52, 0.00),
(117, 595, '..', 1, 2400.00, 20.00, 15, 119, 0.00),
(118, 595, 'unidad', 1, 2400.00, 20.00, 9, 86, 0.00),
(119, 596, 'unidad', 1, 3300.00, 20.00, 9, 86, 0.00),
(120, 596, '.', 1, 3800.00, 40.00, 12, 52, 0.00),
(121, 596, '..', 1, 3300.00, 20.00, 15, 119, 0.00),
(122, 597, 'unidad', 1, 4300.00, 20.00, 9, 86, 0.00),
(123, 597, '.', 1, 5000.00, 40.00, 12, 52, 0.00),
(124, 597, '..', 1, 4300.00, 20.00, 15, 119, 0.00),
(125, 598, 'unidad', 1, 5500.00, 20.00, 9, 86, 0.00),
(126, 598, '.', 1, 6400.00, 40.00, 12, 52, 0.00),
(127, 598, '..', 1, 5500.00, 20.00, 15, 119, 0.00),
(128, 599, 'unidad', 1, 7000.00, 20.00, 9, 86, 0.00),
(129, 599, '.', 1, 8200.00, 40.00, 12, 52, 0.00),
(130, 599, '..', 1, 7000.00, 20.00, 15, 119, 0.00),
(131, 600, 'unidad', 1, 1300.00, 20.00, 9, 86, 0.00),
(132, 600, '.', 1, 1500.00, 40.00, 12, 52, 0.00),
(133, 600, '..', 1, 1300.00, 20.00, 15, 119, 0.00),
(134, 601, 'unidad', 1, 3200.00, 20.00, 9, 86, 0.00),
(135, 601, '.', 1, 3500.00, 30.00, 12, 52, 0.00),
(136, 601, '..', 1, 3200.00, 20.00, 15, 119, 0.00),
(137, 602, 'unidad', 1, 3700.00, 20.00, 9, 86, 0.00),
(138, 602, '.', 1, 4800.00, 55.00, 12, 52, 0.00),
(139, 602, '..', 1, 3700.00, 20.00, 15, 119, 0.00),
(140, 603, 'unidad', 1, 5400.00, 20.00, 9, 86, 0.00),
(141, 603, '.', 1, 6700.00, 50.00, 12, 52, 0.00),
(142, 603, '..', 1, 5400.00, 20.00, 15, 119, 0.00),
(145, 604, '.', 1, 7800.00, 40.00, 12, 52, 0.00),
(146, 604, 'unidad', 1, 6700.00, 20.00, 9, 86, 0.00),
(147, 604, '..', 1, 6700.00, 20.00, 15, 119, 0.00),
(149, 605, '.', 1, 15000.00, 20.00, 12, 53, 0.00),
(150, 606, '.', 1, 20000.00, 13.00, 12, 53, 0.00),
(151, 1214, '.', 1, 12000.00, 12.50, 12, 53, 0.00),
(152, 1215, '.', 1, 11000.00, 16.00, 12, 53, 0.00),
(162, 607, '.', 1, 500.00, 15.00, 10, 153, 0.00),
(163, 607, 'unidad', 1, 600.00, 30.00, 9, 87, 0.00),
(164, 607, '..', 1, 700.00, 50.00, 12, 53, 0.00),
(165, 607, '...', 1, 600.00, 30.00, 15, 120, 0.00),
(166, 607, '....', 1, 500.00, 15.00, 14, 186, 0.00),
(167, 608, 'unidad', 1, 500.00, 30.00, 9, 87, 0.00),
(168, 608, '.', 1, 500.00, 15.00, 10, 153, 0.00),
(169, 608, '..', 1, 600.00, 50.00, 12, 53, 0.00),
(170, 608, '...', 1, 500.00, 30.00, 15, 120, 0.00),
(171, 608, '....', 1, 500.00, 15.00, 14, 186, 0.00),
(172, 609, 'unidad', 1, 1100.00, 30.00, 9, 87, 0.00),
(173, 609, '.', 1, 900.00, 15.00, 10, 153, 0.00),
(174, 609, '..', 1, 1200.00, 50.00, 12, 53, 0.00),
(175, 609, '...', 1, 1100.00, 30.00, 15, 120, 0.00),
(176, 609, '....', 1, 900.00, 15.00, 14, 186, 0.00),
(177, 610, 'unidad', 1, 700.00, 30.00, 9, 87, 0.00),
(178, 610, '.', 1, 700.00, 15.00, 10, 153, 0.00),
(179, 610, '..', 1, 800.00, 50.00, 12, 53, 0.00),
(180, 610, '...', 1, 700.00, 30.00, 15, 120, 0.00),
(181, 610, '....', 1, 700.00, 15.00, 14, 186, 0.00),
(182, 611, 'unidad', 1, 700.00, 30.00, 9, 87, 0.00),
(183, 611, '.', 1, 600.00, 15.00, 10, 153, 0.00),
(184, 611, '..', 1, 800.00, 50.00, 12, 53, 0.00),
(185, 611, '...', 1, 700.00, 30.00, 15, 120, 0.00),
(186, 611, '....', 1, 600.00, 15.00, 14, 186, 0.00),
(187, 612, 'unidad', 1, 1000.00, 30.00, 9, 87, 0.00),
(188, 612, '.', 1, 900.00, 15.00, 10, 153, 0.00),
(189, 612, '..', 1, 1200.00, 50.00, 12, 53, 0.00),
(190, 612, '...', 1, 1000.00, 30.00, 15, 120, 0.00),
(191, 612, '....', 1, 900.00, 15.00, 14, 186, 0.00),
(192, 613, 'unidad', 1, 1100.00, 30.00, 9, 87, 0.00),
(193, 613, '.', 1, 1000.00, 15.00, 10, 153, 0.00),
(194, 613, '..', 1, 1300.00, 50.00, 12, 53, 0.00),
(195, 613, '...', 1, 1100.00, 30.00, 15, 120, 0.00),
(196, 613, '....', 1, 1000.00, 15.00, 14, 186, 0.00),
(197, 614, 'unidad', 1, 1600.00, 30.00, 9, 87, 0.00),
(198, 614, '.', 1, 1400.00, 15.00, 10, 153, 0.00),
(199, 614, '..', 1, 1800.00, 50.00, 12, 53, 0.00),
(200, 614, '...', 1, 1600.00, 30.00, 15, 120, 0.00),
(201, 614, '....', 1, 1400.00, 15.00, 14, 186, 0.00),
(202, 615, 'unidad', 1, 500.00, 30.00, 9, 87, 0.00),
(203, 615, '.', 1, 400.00, 15.00, 10, 153, 0.00),
(204, 615, '..', 1, 500.00, 50.00, 12, 53, 0.00),
(205, 615, '...', 1, 500.00, 30.00, 15, 120, 0.00),
(206, 615, '....', 1, 400.00, 15.00, 14, 186, 0.00),
(207, 616, 'unidad', 1, 500.00, 30.00, 9, 87, 0.00),
(208, 616, '.', 1, 400.00, 15.00, 10, 153, 0.00),
(209, 616, '..', 1, 600.00, 50.00, 12, 53, 0.00),
(210, 616, '...', 1, 500.00, 30.00, 15, 120, 0.00),
(211, 616, '....', 1, 400.00, 15.00, 14, 186, 0.00),
(212, 617, 'unidad', 1, 400.00, 30.00, 9, 87, 0.00),
(213, 617, '.', 1, 400.00, 15.00, 10, 153, 0.00),
(214, 617, '..', 1, 500.00, 50.00, 12, 53, 0.00),
(215, 617, '...', 1, 400.00, 30.00, 15, 120, 0.00),
(216, 617, '....', 1, 400.00, 15.00, 14, 186, 0.00),
(217, 618, 'unidad', 1, 500.00, 30.00, 9, 87, 0.00),
(218, 618, '.', 1, 400.00, 15.00, 10, 153, 0.00),
(219, 618, '..', 1, 500.00, 50.00, 12, 53, 0.00),
(220, 618, '...', 1, 500.00, 30.00, 15, 120, 0.00),
(221, 618, '....', 1, 400.00, 15.00, 14, 186, 0.00),
(222, 619, 'unidad', 1, 700.00, 30.00, 9, 87, 0.00),
(223, 619, '.', 1, 600.00, 15.00, 10, 153, 0.00),
(224, 619, '..', 1, 800.00, 50.00, 12, 53, 0.00),
(225, 619, '...', 1, 700.00, 30.00, 15, 120, 0.00),
(226, 619, '....', 1, 600.00, 15.00, 14, 186, 0.00),
(227, 620, 'unidad', 1, 4500.00, 50.00, 12, 53, 0.00),
(228, 621, 'unidad', 1, 7000.00, 30.00, 12, 53, 0.00),
(229, 622, 'unidad', 1, 500.00, 30.00, 9, 87, 0.00),
(230, 622, '.', 1, 500.00, 15.00, 10, 153, 0.00),
(231, 622, '..', 1, 600.00, 50.00, 12, 53, 0.00),
(232, 622, '...', 1, 500.00, 30.00, 15, 120, 0.00),
(233, 622, '....', 1, 500.00, 15.00, 14, 186, 0.00),
(234, 623, 'unidad', 1, 3000.00, 65.00, 12, 53, 0.00),
(235, 623, '.', 1, 2400.00, 30.00, 9, 87, 0.00),
(236, 623, '..', 1, 2400.00, 30.00, 15, 120, 0.00),
(237, 624, 'unidad', 1, 13800.00, 30.00, 12, 57, 0.00),
(238, 625, 'unidad', 1, 18600.00, 30.00, 12, 57, 0.00),
(239, 626, 'unidad', 1, 600.00, 30.00, 9, 87, 0.00),
(240, 626, '.', 1, 500.00, 15.00, 10, 153, 0.00),
(241, 626, '..', 1, 700.00, 50.00, 12, 53, 0.00),
(242, 626, '...', 1, 600.00, 30.00, 15, 120, 0.00),
(243, 626, '....', 1, 500.00, 15.00, 14, 186, 0.00),
(244, 627, 'unidad', 1, 1500.00, 30.00, 9, 87, 0.00),
(245, 627, '.', 1, 1700.00, 50.00, 12, 53, 0.00),
(246, 627, '..', 1, 1500.00, 30.00, 15, 120, 0.00),
(247, 628, 'unidad', 1, 3500.00, 30.00, 9, 87, 0.00),
(248, 628, '.', 1, 4000.00, 50.00, 12, 53, 0.00),
(249, 628, '..', 1, 3500.00, 30.00, 15, 120, 0.00),
(250, 629, 'unidad', 1, 1700.00, 30.00, 9, 87, 0.00),
(251, 629, '.', 1, 2500.00, 100.00, 12, 53, 0.00),
(252, 629, '..', 1, 1700.00, 30.00, 15, 120, 0.00),
(253, 630, 'unidad', 1, 1200.00, 30.00, 9, 87, 0.00),
(254, 630, '.', 1, 2500.00, 185.00, 12, 53, 0.00),
(255, 630, '..', 1, 1200.00, 30.00, 15, 120, 0.00),
(256, 631, 'unidad', 1, 3200.00, 50.00, 12, 53, 0.00),
(257, 652, 'unidad', 1, 3300.00, 30.00, 9, 87, 0.00),
(258, 652, '.', 1, 3800.00, 50.00, 12, 53, 0.00),
(259, 652, '..', 1, 3300.00, 30.00, 15, 120, 0.00),
(260, 653, 'unidad', 1, 3200.00, 30.00, 9, 87, 0.00),
(261, 653, '.', 1, 4600.00, 86.00, 12, 53, 0.00),
(262, 653, '..', 1, 3200.00, 30.00, 15, 120, 0.00),
(263, 654, 'unidad', 1, 3200.00, 30.00, 9, 87, 0.00),
(264, 654, '.', 1, 5000.00, 101.00, 12, 53, 0.00),
(265, 654, '..', 1, 3200.00, 30.00, 15, 120, 0.00),
(266, 655, 'unidad', 1, 3900.00, 30.00, 9, 87, 0.00),
(267, 655, '.', 1, 4400.00, 50.00, 12, 53, 0.00),
(268, 655, '..', 1, 3900.00, 30.00, 15, 120, 0.00),
(295, 656, '.', 1, 233.46, 15.00, 10, 153, 0.00),
(296, 656, '..', 1, 406.02, 100.00, 12, 53, 0.00),
(297, 656, '...', 1, 263.91, 30.00, 15, 120, 0.00),
(298, 656, '....', 1, 233.46, 15.00, 14, 186, 0.00),
(299, 656, 'unidad', 1, 263.91, 30.00, 9, 87, 0.00),
(300, 657, '.', 1, 290.40, 15.00, 10, 153, 0.00),
(301, 657, '..', 1, 505.04, 100.00, 12, 53, 0.00),
(302, 657, '...', 1, 328.28, 30.00, 15, 120, 0.00),
(303, 657, '....', 1, 290.40, 15.00, 14, 186, 0.00),
(304, 657, 'unidad', 1, 328.28, 30.00, 9, 87, 0.00),
(307, 659, '.', 1, 425.60, 15.00, 10, 153, 0.00),
(308, 659, 'unidad', 1, 425.60, 15.00, 9, 87, 0.00),
(309, 659, '..', 1, 799.39, 116.00, 12, 53, 0.00),
(310, 659, '...', 1, 425.60, 15.00, 15, 120, 0.00),
(311, 659, '....', 1, 425.60, 15.00, 14, 186, 0.00),
(326, 660, '.', 1, 1399.74, 108.00, 12, 53, 0.00),
(327, 660, '..', 1, 874.84, 30.00, 15, 120, 0.00),
(328, 660, 'unidad', 1, 874.84, 30.00, 9, 87, 0.00),
(329, 661, 'unidad', 1, 338.71, 15.00, 9, 87, 0.00),
(330, 661, '.', 1, 338.71, 15.00, 10, 153, 0.00),
(331, 661, '...', 1, 338.71, 15.00, 15, 120, 0.00),
(332, 661, '....', 1, 338.71, 15.00, 14, 186, 0.00),
(333, 661, '..', 1, 600.84, 104.00, 12, 53, 0.00),
(339, 662, '.', 1, 785.52, 15.00, 10, 153, 0.00),
(340, 662, '..', 1, 1366.12, 100.00, 12, 53, 0.00),
(341, 662, '...', 1, 785.52, 15.00, 15, 120, 0.00),
(342, 662, '....', 1, 785.52, 15.00, 14, 186, 0.00),
(343, 662, 'unidad', 1, 785.52, 15.00, 9, 87, 0.00),
(347, 663, '.', 1, 100.08, 45.00, 12, 53, 0.00),
(348, 663, '..', 1, 82.82, 20.00, 14, 186, 0.00),
(349, 663, 'unidad', 1, 82.82, 20.00, 10, 153, 0.00),
(352, 664, 'unidad', 1, 132.73, 30.00, 9, 87, 0.00),
(353, 664, '.', 1, 199.09, 95.00, 12, 53, 0.00),
(354, 664, '..', 1, 132.73, 30.00, 15, 120, 0.00),
(355, 665, 'unidad', 1, 139.23, 30.00, 9, 87, 0.00),
(356, 665, '.', 1, 199.21, 86.00, 12, 53, 0.00),
(357, 665, '..', 1, 139.23, 30.00, 15, 120, 0.00),
(361, 666, '.', 1, 300.13, 126.00, 12, 53, 0.00),
(362, 666, '..', 1, 172.64, 30.00, 15, 120, 0.00),
(363, 666, 'unidad', 1, 172.64, 30.00, 9, 87, 0.00),
(364, 667, 'unidad', 1, 254.33, 30.00, 9, 87, 0.00),
(365, 667, '.', 1, 399.11, 104.00, 12, 53, 0.00),
(366, 667, '..', 1, 254.33, 30.00, 15, 120, 0.00),
(367, 669, 'unidad', 1, 3000.00, 42.00, 12, 55, 0.00),
(368, 670, 'unidad', 1, 1800.00, 10.00, 12, 55, 0.00),
(369, 671, 'unidad', 1, 4000.00, 20.00, 12, 77, 0.00),
(370, 672, 'unidad', 1, 2000.00, 21.00, 12, 55, 0.00),
(371, 673, 'unidad', 1, 2200.00, 20.00, 12, 55, 0.00),
(372, 674, 'unidad', 1, 2600.00, 20.00, 12, 55, 0.00),
(373, 675, 'unidad', 1, 3600.00, 20.00, 12, 55, 0.00),
(374, 676, 'unidad', 1, 4400.00, 10.00, 12, 55, 0.00),
(376, 677, 'unidad', 1, 4100.00, 20.00, 12, 55, 0.00),
(377, 678, 'unidad', 1, 3300.00, 20.00, 12, 55, 0.00),
(378, 679, 'unidad', 1, 5300.00, 20.00, 12, 55, 0.00),
(379, 680, 'unidad', 1, 3300.00, 20.00, 12, 55, 0.00),
(380, 681, 'unidad', 1, 3500.00, 20.00, 12, 55, 0.00),
(381, 682, 'unidad', 1, 6000.00, 30.00, 12, 55, 0.00),
(382, 683, 'unidad', 1, 6100.00, 30.00, 12, 55, 0.00),
(384, 684, 'unidad', 1, 1100.00, 1.00, 12, 55, 0.00),
(385, 686, 'unidad', 1, 4000.00, 20.00, 12, 56, 0.00),
(387, 688, 'unidad', 1, 5100.00, 20.00, 12, 56, 0.00),
(388, 687, 'unidad', 1, 5500.00, 40.00, 12, 56, 0.00),
(389, 689, 'unidad', 1, 5400.00, 20.00, 12, 56, 0.00),
(390, 691, 'unidad', 1, 3000.00, 40.00, 12, 56, 0.00),
(391, 692, 'unidad', 1, 2000.00, 30.00, 12, 56, 0.00),
(392, 693, 'unidad', 1, 1900.00, 30.00, 12, 56, 0.00),
(395, 694, 'unidad', 1, 2300.00, 30.00, 12, 57, 0.00),
(396, 695, 'unidad', 1, 3500.00, 30.00, 12, 57, 0.00),
(397, 696, 'unidad', 1, 2800.00, 40.00, 12, 57, 0.00),
(398, 697, 'unidad', 1, 6100.00, 40.00, 12, 56, 0.00),
(399, 698, 'unidad', 1, 4000.00, 40.00, 12, 57, 0.00),
(400, 699, 'unidad', 1, 5500.00, 22.00, 12, 57, 0.00),
(401, 700, 'unidad', 1, 5500.00, 22.00, 12, 57, 0.00),
(402, 701, 'unidad', 1, 5500.00, 22.00, 12, 57, 0.00),
(403, 702, 'unidad', 1, 2000.00, 30.00, 12, 57, 0.00),
(404, 703, 'unidad', 1, 1200.00, 100.00, 12, 57, 0.00),
(405, 704, 'unidad', 1, 1400.00, 100.00, 12, 57, 0.00),
(406, 705, 'unidad', 1, 1800.00, 100.00, 12, 57, 0.00),
(407, 706, 'unidad', 1, 1800.00, 20.00, 12, 58, 0.00),
(408, 707, 'unidad', 1, 2700.00, 20.00, 12, 58, 0.00),
(409, 708, 'unidad', 1, 3500.00, 20.00, 12, 58, 0.00),
(410, 709, 'unidad', 1, 3900.00, 20.00, 12, 58, 0.00),
(411, 710, 'unidad', 1, 5200.00, 20.00, 12, 58, 0.00),
(412, 711, 'unidad', 1, 5000.00, 20.00, 12, 58, 0.00),
(413, 712, 'unidad', 1, 5400.00, 20.00, 12, 58, 0.00),
(414, 713, 'unidad', 1, 8100.00, 20.00, 12, 58, 0.00),
(415, 714, 'unidad', 1, 2500.00, 30.00, 12, 58, 0.00),
(416, 715, 'unidad', 1, 4700.00, 20.00, 12, 58, 0.00),
(417, 716, 'unidad', 1, 12000.00, 20.00, 12, 58, 0.00),
(418, 717, 'unidad', 1, 400.00, 50.00, 12, 58, 0.00),
(419, 718, '.', 1, 400.00, 100.00, 12, 58, 0.00),
(420, 718, 'unidad', 1, 300.00, 30.00, 9, 92, 0.00),
(421, 718, '..', 1, 300.00, 30.00, 15, 125, 0.00),
(424, 719, 'unidad', 1, 200.00, 30.00, 9, 90, 0.00),
(425, 719, '.', 1, 200.00, 100.00, 12, 56, 0.00),
(426, 719, '..', 1, 200.00, 30.00, 15, 123, 0.00),
(427, 720, 'unidad', 1, 300.00, 30.00, 9, 92, 0.00),
(428, 720, '.', 1, 400.00, 100.00, 12, 58, 0.00),
(429, 720, '..', 1, 300.00, 30.00, 15, 125, 0.00),
(430, 721, 'unidad', 1, 200.00, 30.00, 9, 90, 0.00),
(431, 721, '.', 1, 300.00, 100.00, 12, 56, 0.00),
(432, 721, '..', 1, 200.00, 30.00, 15, 123, 0.00),
(433, 722, 'unidad', 1, 400.00, 30.00, 9, 92, 0.00),
(434, 722, '.', 1, 500.00, 100.00, 12, 58, 0.00),
(435, 722, '..', 1, 400.00, 30.00, 15, 125, 0.00),
(436, 723, 'unidad', 1, 300.00, 30.00, 9, 90, 0.00),
(437, 723, '.', 1, 500.00, 100.00, 12, 56, 0.00),
(438, 723, '..', 1, 300.00, 30.00, 15, 123, 0.00),
(439, 724, 'unidad', 1, 400.00, 30.00, 9, 92, 0.00),
(440, 724, '.', 1, 500.00, 100.00, 12, 58, 0.00),
(441, 724, '..', 1, 400.00, 30.00, 15, 125, 0.00),
(442, 725, 'unidad', 1, 500.00, 30.00, 9, 90, 0.00),
(443, 725, '.', 1, 800.00, 100.00, 12, 56, 0.00),
(444, 725, '..', 1, 500.00, 30.00, 15, 123, 0.00),
(448, 726, '.', 1, 1400.00, 300.00, 15, 125, 0.00),
(449, 726, '..', 1, 500.00, 30.00, 15, 125, 0.00),
(450, 726, 'unidad', 1, 500.00, 30.00, 9, 92, 0.00),
(451, 727, 'unidad', 1, 1300.00, 30.00, 9, 92, 0.00),
(452, 727, '.', 1, 2000.00, 100.00, 12, 58, 0.00),
(453, 727, '..', 1, 1300.00, 30.00, 15, 125, 0.00),
(454, 728, 'unidad', 1, 1100.00, 30.00, 9, 92, 0.00),
(455, 728, '.', 1, 2400.00, 200.00, 12, 58, 0.00),
(456, 728, '..', 1, 1100.00, 30.00, 15, 125, 0.00),
(457, 729, '.', 1, 600.00, 30.00, 12, 56, 0.00),
(458, 730, 'unidad', 1, 1000.00, 30.00, 9, 92, 0.00),
(459, 730, '.', 1, 1500.00, 100.00, 12, 58, 0.00),
(460, 730, '..', 1, 1000.00, 30.00, 15, 125, 0.00),
(461, 731, 'unidad', 1, 2300.00, 30.00, 9, 92, 0.00),
(462, 731, '.', 1, 3500.00, 100.00, 13, NULL, 0.00),
(463, 731, '..', 1, 2300.00, 30.00, 15, 125, 0.00),
(464, 732, 'unidad', 1, 5200.00, 30.00, 9, 92, 0.00),
(465, 732, '.', 1, 6000.00, 50.00, 12, 58, 0.00),
(466, 732, '..', 1, 5200.00, 30.00, 15, 125, 0.00),
(467, 733, 'unidad', 1, 1800.00, 30.00, 9, 92, 0.00),
(468, 733, '.', 1, 2500.00, 85.00, 12, 58, 0.00),
(469, 733, '..', 1, 1800.00, 30.00, 15, 125, 0.00),
(473, 735, 'unidad', 1, 1700.00, 30.00, 12, 56, 0.00),
(474, 734, 'unidad', 1, 1600.00, 30.00, 9, 92, 0.00),
(475, 734, '.', 1, 3000.00, 140.00, 12, 58, 0.00),
(476, 734, '..', 1, 1600.00, 30.00, 15, 125, 0.00),
(477, 736, 'unidad', 1, 2000.00, 30.00, 9, 92, 0.00),
(478, 736, '.', 1, 5300.00, 250.00, 12, 58, 0.00),
(479, 736, '..', 1, 2000.00, 30.00, 15, 125, 0.00),
(480, 737, 'unidad', 1, 4200.00, 30.00, 12, 56, 0.00),
(481, 738, 'unidad', 1, 6900.00, 45.00, 12, 58, 0.00),
(482, 739, 'unidad', 1, 7300.00, 45.00, 12, 58, 0.00),
(483, 740, 'unidad', 1, 7000.00, 40.00, 12, 58, 0.00),
(484, 741, 'unidad', 1, 8000.00, 32.00, 12, 58, 0.00),
(485, 742, 'unidad', 1, 11000.00, 37.00, 12, 58, 0.00),
(486, 743, 'unidad', 1, 8900.00, 30.00, 12, 58, 0.00),
(487, 744, 'unidad', 1, 3400.00, 20.00, 12, 58, 0.00),
(488, 745, 'unidad', 1, 2300.00, 50.00, 12, 58, 0.00),
(489, 746, 'unidad', 1, 2400.00, 20.00, 12, 60, 0.00),
(490, 747, 'unidad', 1, 1000.00, 100.00, 12, 60, 0.00),
(491, 748, 'unidad', 1, 4500.00, 20.00, 12, 60, 0.00),
(492, 749, 'unidad', 1, 1500.00, 50.00, 12, 60, 0.00),
(493, 751, 'unidad', 1, 6800.00, 30.00, 12, 60, 0.00),
(495, 771, 'unidad', 1, 3200.00, 20.00, 12, 61, 0.00),
(496, 772, 'unidad', 1, 5700.00, 20.00, 12, 61, 0.00),
(498, 773, 'unidad', 1, 5700.00, 20.00, 12, 61, 0.00),
(499, 774, 'unidad', 1, 8900.00, 20.00, 12, 61, 0.00),
(500, 770, 'unidad', 1, 1800.00, 20.00, 12, 61, 0.00),
(502, 775, 'unidad', 1, 13800.00, 20.00, 12, 61, 0.00),
(503, 776, 'unidad', 1, 17900.00, 20.00, 12, 61, 0.00),
(504, 777, 'unidad', 1, 64800.00, 20.00, 12, 61, 0.00),
(505, 778, 'unidad', 1, 5300.00, 110.00, 12, 61, 0.00),
(507, 779, 'unidad', 1, 5600.00, 20.00, 12, 61, 0.00),
(508, 780, 'unidad', 1, 9600.00, 20.00, 12, 61, 0.00),
(509, 781, 'unidad', 1, 3000.00, 20.00, 12, 61, 0.00),
(510, 783, 'unidad', 1, 4200.00, 20.00, 12, 61, 0.00),
(511, 782, 'unidad', 1, 7800.00, 20.00, 12, 61, 0.00),
(512, 784, 'unidad', 1, 7800.00, 20.00, 12, 61, 0.00),
(513, 785, 'unidad', 1, 13000.00, 23.00, 12, 61, 0.00),
(514, 786, 'unidad', 1, 18000.00, 20.00, 12, 61, 0.00),
(515, 787, 'unidad', 1, 2900.00, 20.00, 12, 59, 0.00),
(516, 788, 'unidad', 1, 600.00, 30.00, 12, 59, 0.00),
(517, 789, 'unidad', 1, 1900.00, 30.00, 12, 59, 0.00),
(518, 793, 'unidad', 1, 8400.00, 20.00, 14, 192, 0.00),
(519, 794, 'unidad', 1, 500.00, 200.00, 12, 59, 0.00),
(520, 795, 'unidad', 1, 300.00, 200.00, 12, 59, 0.00),
(522, 1216, 'unidad', 1, 14000.00, 40.00, 14, 192, 0.00),
(523, 796, 'unidad', 1, 500.00, 100.00, 12, 59, 0.00),
(524, 797, 'unidad', 1, 1700.00, 20.00, 12, 63, 0.00),
(525, 798, 'unidad', 1, 1900.00, 20.00, 12, 63, 0.00),
(526, 799, 'unidad', 1, 2700.00, 20.00, 12, 63, 0.00),
(527, 800, 'unidad', 1, 3400.00, 20.00, 12, 63, 0.00),
(528, 801, 'unidad', 1, 1500.00, 200.00, 12, 63, 0.00),
(529, 802, 'unidad', 1, 2000.00, 110.00, 12, NULL, 0.00),
(530, 803, 'unidad', 1, 12000.00, 20.00, 14, 196, 0.00),
(531, 804, 'unidad', 1, 2500.00, 120.00, 12, 63, 0.00),
(532, 805, 'unidad', 1, 6600.00, 40.00, 12, 57, 0.00),
(533, 806, 'unidad', 1, 2200.00, 20.00, 12, 59, 0.00),
(534, 807, 'unidad', 1, 2600.00, 20.00, 12, 59, 0.00),
(535, 808, 'unidad', 1, 2500.00, 20.00, 12, 59, 0.00),
(536, 809, 'unidad', 1, 4700.00, 20.00, 12, 59, 0.00),
(537, 811, 'unidad', 1, 2900.00, 20.00, 12, 59, 0.00),
(539, 814, 'unidad', 1, 3700.00, 20.00, 12, 59, 0.00),
(540, 815, 'unidad', 1, 12000.00, 20.00, 12, 59, 0.00),
(541, 816, 'unidad', 1, 1500.00, 20.00, 12, 59, 0.00),
(542, 817, 'unidad', 1, 1800.00, 20.00, 12, 59, 0.00),
(543, 818, 'unidad', 1, 2500.00, 20.00, 12, 59, 0.00),
(544, 820, 'unidad', 1, 5600.00, 20.00, 12, 64, 0.00),
(545, 819, 'unidad', 1, 2300.00, 20.00, 12, 59, 0.00),
(546, 821, 'unidad', 1, 7200.00, 20.00, 12, 64, 0.00),
(547, 822, 'unidad', 1, 12000.00, 20.00, 12, 64, 0.00),
(548, 823, 'unidad', 1, 15000.00, 20.00, 12, 64, 0.00),
(549, 824, 'unidad', 1, 21000.00, 20.00, 12, 64, 0.00),
(550, 825, 'unidad', 1, 25200.00, 20.00, 12, 64, 0.00),
(551, 828, 'unidad', 1, 2900.00, 20.00, 12, 66, 0.00),
(552, 829, 'unidad', 1, 3600.00, 20.00, 12, 66, 0.00),
(553, 830, 'unidad', 1, 3000.00, 20.00, 12, 66, 0.00),
(554, 831, 'unidad', 1, 4600.00, 20.00, 8, 32, 0.00),
(555, 832, 'unidad', 1, 1200.00, 30.00, 12, 66, 0.00),
(557, 834, 'unidad', 1, 1700.00, 30.00, 12, 66, 0.00),
(558, 833, 'unidad', 1, 1400.00, 30.00, 12, 66, 0.00),
(559, 835, 'unidad', 1, 2300.00, 30.00, 12, 66, 0.00),
(561, 836, 'unidad', 1, 3000.00, 35.00, 12, 66, 0.00),
(562, 837, 'unidad', 1, 4000.00, 41.00, 12, 66, 0.00),
(563, 838, 'unidad', 1, 2100.00, 30.00, 12, 66, 0.00),
(564, 839, 'unidad', 1, 2500.00, 30.00, 12, 66, 0.00),
(565, 840, 'unidad', 1, 2700.00, 32.00, 12, 66, 0.00),
(566, 842, 'unidad', 1, 200.00, 30.00, 12, 65, 0.00),
(567, 843, 'unidad', 1, 300.00, 30.00, 12, 65, 0.00),
(569, 845, 'unidad', 1, 600.00, 30.00, 12, 65, 0.00),
(571, 844, 'unidad', 1, 500.00, 40.00, 12, 65, 0.00),
(572, 846, 'unidad', 1, 1500.00, 100.00, 12, 65, 0.00),
(573, 847, 'unidad', 1, 2000.00, 80.00, 12, 65, 0.00),
(574, 849, 'unidad', 1, 1400.00, 30.00, 12, 65, 0.00),
(575, 850, 'unidad', 1, 2100.00, 30.00, 12, 65, 0.00),
(576, 851, 'unidad', 1, 2900.00, 30.00, 12, 65, 0.00),
(577, 852, 'unidad', 1, 4100.00, 30.00, 12, 65, 0.00),
(578, 853, 'unidad', 1, 4100.00, 30.00, 12, 65, 0.00),
(579, 854, 'unidad', 1, 6900.00, 30.00, 12, 65, 0.00),
(580, 855, 'unidad', 1, 5000.00, 123.00, 12, 77, 0.00),
(581, 856, 'unidad', 1, 15000.00, 50.00, 12, 77, 0.00),
(582, 857, 'unidad', 1, 3400.00, 20.00, 12, 77, 0.00),
(583, 858, 'unidad', 1, 1000.00, 30.00, 12, 77, 0.00),
(584, 859, 'unidad', 1, 3900.00, 20.00, 12, 77, 0.00),
(585, 860, 'unidad', 1, 2200.00, 30.00, 12, 77, 0.00),
(586, 861, 'unidad', 1, 12700.00, 30.00, 12, 77, 0.00),
(587, 862, 'unidad', 1, 200.00, 30.00, 12, 77, 0.00),
(588, 863, 'unidad', 1, 1000.00, 100.00, 12, 59, 0.00),
(589, 864, 'unidad', 1, 7800.00, 30.00, 12, 59, 0.00),
(590, 865, 'unidad', 1, 500.00, 30.00, 12, 62, 0.00),
(591, 866, 'unidad', 1, 14400.00, 20.00, 12, 77, 0.00),
(592, 867, 'unidad', 1, 4800.00, 20.00, 12, 77, 0.00),
(593, 868, 'unidad', 1, 1000.00, 60.00, 12, 77, 0.00),
(594, 1218, 'unidad', 1, 15600.00, 30.00, 10, 177, 0.00),
(596, 870, 'unidad', 1, 3300.00, 40.00, 12, 68, 0.00),
(597, 869, 'unidad', 1, 3300.00, 31.00, 12, 68, 0.00),
(598, 871, 'unidad', 1, 1500.00, 90.00, 12, 70, 0.00),
(606, 883, 'unidad', 1, 2000.00, 50.00, 12, 67, 0.00),
(607, 873, 'unidad', 1, 400.00, 60.00, 12, 67, 0.00),
(608, 874, 'unidad', 1, 500.00, 90.00, 12, 67, 0.00),
(609, 875, 'unidad', 1, 600.00, 140.00, 12, 67, 0.00),
(610, 876, 'unidad', 1, 900.00, 100.00, 12, 67, 0.00),
(611, 877, 'unidad', 1, 1100.00, 120.00, 12, 67, 0.00),
(612, 884, 'unidad', 1, 2500.00, 100.00, 13, 240, 0.00),
(613, 885, 'unidad', 1, 4000.00, 100.00, 12, 67, 0.00),
(614, 887, 'unidad', 1, 1500.00, 50.00, 12, 77, 0.00),
(615, 888, 'unidad', 1, 2000.00, 50.00, 12, 77, 0.00),
(616, 890, 'unidad', 1, 400.00, 100.00, 12, 70, 0.00),
(617, 891, 'unidad', 1, 2000.00, 50.00, 12, 70, 0.00),
(618, 892, 'unidad', 1, 1300.00, 20.00, 12, 59, 0.00),
(619, 893, 'unidad', 1, 2000.00, 110.00, 12, 59, 0.00),
(620, 894, 'unidad', 1, 12000.00, 84.00, 12, 59, 0.00),
(621, 895, 'unidad', 1, 1000.00, 50.00, 12, 59, 0.00),
(622, 896, 'unidad', 1, 14500.00, 40.00, 12, 68, 0.00),
(623, 897, 'unidad', 1, 14000.00, 40.00, 12, 68, 0.00),
(624, 898, 'unidad', 1, 22000.00, 40.00, 12, 68, 0.00),
(625, 899, 'unidad', 1, 600.00, 20.00, 9, 93, 0.00),
(626, 899, '.', 1, 800.00, 50.00, 12, 59, 0.00),
(627, 899, '..', 1, 600.00, 20.00, 15, 126, 0.00),
(628, 900, 'unidad', 1, 700.00, 20.00, 9, 93, 0.00),
(629, 900, '.', 1, 900.00, 50.00, 12, 59, 0.00),
(630, 900, '..', 1, 700.00, 20.00, 15, 126, 0.00),
(631, 901, 'unidad', 1, 4600.00, 20.00, 12, 59, 0.00),
(632, 902, 'unidad', 1, 8100.00, 20.00, 12, 59, 0.00),
(633, 903, 'unidad', 1, 7200.00, 20.00, 12, 59, 0.00),
(634, 904, 'unidad', 1, 4700.00, 20.00, 12, 59, 0.00),
(635, 905, 'unidad', 1, 1400.00, 20.00, 12, 59, 0.00),
(636, 906, 'unidad', 1, 5000.00, 20.00, 12, 59, 0.00),
(637, 907, 'unidad', 1, 5400.00, 20.00, 12, 59, 0.00),
(638, 908, 'unidad', 1, 6600.00, 20.00, 12, 59, 0.00),
(639, 909, 'unidad', 1, 7200.00, 20.00, 12, 59, 0.00),
(640, 910, 'unidad', 1, 8400.00, 20.00, 12, 59, 0.00),
(641, 911, 'unidad', 1, 2200.00, 20.00, 12, 59, 0.00),
(642, 933, 'unidad', 1, 3400.00, 20.00, 12, 59, 0.00),
(643, 934, 'unidad', 1, 1700.00, 30.00, 12, 59, 0.00),
(644, 935, 'unidad', 1, 3200.00, 30.00, 12, 59, 0.00),
(645, 936, 'unidad', 1, 20000.00, 100.00, 12, 59, 0.00),
(646, 938, 'unidad', 1, 5100.00, 20.00, 12, 59, 0.00),
(647, 939, 'unidad', 1, 1200.00, 20.00, 12, 59, 0.00),
(648, 1219, 'unidad', 1, 1100.00, 20.00, 12, 59, 0.00),
(649, 952, 'unidad', 1, 1000.00, 30.00, 12, 59, 0.00),
(650, 953, 'unidad', 1, 3300.00, 20.00, 12, 59, 0.00),
(651, 955, 'unidad', 1, 300.00, 200.00, 12, 69, 0.00),
(652, 956, 'unidad', 1, 2400.00, 20.00, 12, 69, 0.00),
(653, 957, 'unidad', 1, 3500.00, 20.00, 12, 69, 0.00),
(654, 958, 'unidad', 1, 6200.00, 20.00, 12, 69, 0.00),
(655, 959, 'unidad', 1, 10400.00, 20.00, 12, 69, 0.00),
(656, 960, 'unidad', 1, 1000.00, 50.00, 12, 70, 0.00),
(658, 961, 'unidad', 1, 5200.00, 20.00, 12, 70, 0.00),
(660, 963, 'unidad', 1, 5200.00, 20.00, 12, 70, 0.00),
(661, 964, 'unidad', 1, 6500.00, 12.00, 12, 70, 0.00),
(662, 965, 'unidad', 1, 12700.00, 10.00, 12, 70, 0.00),
(663, 966, 'unidad', 1, 7500.00, 13.00, 12, 70, 0.00),
(665, 967, 'unidad', 1, 15000.00, 10.00, 12, 70, 0.00),
(666, 968, 'unidad', 1, 4000.00, 15.00, 12, 70, 0.00),
(667, 969, 'unidad', 1, 10000.00, 13.00, 12, 70, 0.00),
(668, 970, 'unidad', 1, 5000.00, 15.00, 12, 70, 0.00),
(669, 971, 'unidad', 1, 1500.00, 100.00, 12, 71, 0.00),
(670, 972, 'unidad', 1, 1500.00, 110.00, 12, 71, 0.00),
(671, 973, 'unidad', 1, 1500.00, 80.00, 12, 71, 0.00),
(672, 974, 'unidad', 1, 1500.00, 60.00, 12, 71, 0.00),
(673, 975, 'unidad', 1, 1700.00, 70.00, 12, 71, 0.00),
(674, 976, 'unidad', 1, 2000.00, 80.00, 12, 71, 0.00),
(675, 977, 'unidad', 1, 1500.00, 130.00, 12, 71, 0.00),
(676, 979, 'unidad', 1, 2000.00, 120.00, 12, 71, 0.00),
(677, 980, 'unidad', 1, 2500.00, 75.00, 12, 71, 0.00),
(678, 982, 'unidad', 1, 1000.00, 150.00, 12, 71, 0.00),
(679, 983, 'unidad', 1, 2000.00, 400.00, 12, 71, 0.00),
(680, 984, 'unidad', 1, 3000.00, 230.00, 12, 71, 0.00),
(681, 985, 'unidad', 1, 1400.00, 100.00, 12, 72, 0.00),
(682, 986, 'unidad', 1, 1500.00, 100.00, 12, 72, 0.00),
(683, 987, 'unidad', 1, 1800.00, 50.00, 12, 72, 0.00),
(684, 989, 'unidad', 1, 2700.00, 40.00, 12, 72, 0.00),
(685, 990, 'unidad', 1, 3600.00, 30.00, 12, 72, 0.00),
(686, 991, 'unidad', 1, 4100.00, 30.00, 12, 72, 0.00),
(687, 992, 'unidad', 1, 6.76, 30.00, 9, 216, 0.00),
(688, 992, '.', 1, 5.82, 12.00, 10, 218, 0.00),
(689, 992, '..', 1, 7.49, 44.00, 12, 212, 0.00),
(690, 992, '...', 1, 6.76, 30.00, 15, 217, 0.00),
(691, 992, '....', 1, 5.82, 12.00, 14, 219, 0.00),
(692, 993, 'unidad', 1, 8600.00, 35.00, 14, 219, 0.00),
(693, 1220, 'unidad', 1, 1500.00, 110.00, 12, 212, 0.00),
(694, 994, 'unidad', 1, 3800.00, 50.00, 12, 50, 0.00),
(695, 995, 'unidad', 1, 4500.00, 50.00, 12, 50, 0.00),
(696, 996, 'unidad', 1, 4500.00, 50.00, 12, 51, 0.00),
(697, 997, 'unidad', 1, 5300.00, 50.00, 12, 51, 0.00),
(698, 998, 'unidad', 1, 8.16, 20.00, 12, 72, 0.00),
(699, 998, '.', 1, 7.48, 10.00, 10, 172, 0.00),
(700, 999, 'unidad', 1, 12600.00, 20.00, 12, 72, 0.00),
(701, 1025, 'unidad', 1, 2500.00, 30.00, 12, 74, 0.00),
(702, 1026, 'unidad', 1, 5900.00, 30.00, 12, 74, 0.00),
(703, 1027, 'unidad', 1, 11700.00, 30.00, 12, 74, 0.00),
(704, 1028, 'unidad', 1, 2100.00, 50.00, 12, 68, 0.00),
(705, 1221, 'unidad', 1, 4000.00, 33.00, 12, 68, 0.00),
(706, 1222, 'unidad', 1, 2000.00, 180.00, 12, 67, 0.00),
(707, 1039, 'unidad', 1, 1000.00, 280.00, 12, 74, 0.00),
(708, 1044, 'unidad', 1, 1000.00, 100.00, 12, 74, 0.00),
(709, 1045, 'unidad', 1, 1500.00, 100.00, 12, 74, 0.00),
(710, 1048, 'unidad', 1, 1500.00, 70.00, 12, 70, 0.00),
(711, 1057, 'unidad', 1, 700.00, 50.00, 10, 174, 0.00),
(720, 1058, 'x500 hojas', 1, 41.60, 30.00, 10, 174, 0.00),
(721, 1058, 'Fotocopia', 1, 400.00, 1150.00, 17, 265, 0.00),
(722, 1058, 'Fotocopia.', 1, 400.00, 1150.00, 18, 266, 0.00),
(723, 1058, '.', 1, 200.96, 528.00, 12, 74, 0.00),
(724, 1073, 'Impresi贸n', 1, 3300.00, 1000.00, 17, 265, 0.00),
(725, 1225, 'x5 Und', 1, 400.00, 1.00, 8, 264, 0.00),
(727, 1211, 'unidad', 1, 1.00, 1.00, 13, 224, 0.00),
(728, 658, '.', 1, 384.55, 15.00, 10, 153, 0.00),
(729, 658, '...', 1, 384.55, 15.00, 15, 120, 0.00),
(730, 658, '....', 1, 384.55, 15.00, 14, 186, 0.00),
(731, 658, 'unidad', 1, 384.55, 15.00, 9, 87, 0.00),
(732, 658, '..', 1, 699.88, 109.30, 13, 224, 0.00);

-- --------------------------------------------------------

--
-- Estructura de tabla para la tabla `roles`
--

CREATE TABLE `roles` (
  `id` int(11) NOT NULL,
  `name` varchar(50) NOT NULL,
  `description` varchar(255) DEFAULT NULL,
  `created_at` timestamp NOT NULL DEFAULT current_timestamp()
) ENGINE=InnoDB DEFAULT CHARSET=utf8mb4 COLLATE=utf8mb4_unicode_ci;

--
-- Volcado de datos para la tabla `roles`
--

INSERT INTO `roles` (`id`, `name`, `description`, `created_at`) VALUES
(1, 'Administrador', 'Administrador General', '2025-12-04 21:43:36'),
(2, 'Supervisor', 'Supervisor de sucursal', '2025-12-04 21:43:36'),
(3, 'Cajero', 'Cajero / Vendedor', '2025-12-04 21:43:36'),
(4, 'Auxiliar', 'Auxiliar de inventario', '2025-12-04 21:43:36'),
(5, 'Repartidor', 'Repartidor', '2025-12-04 21:43:36'),
(6, 'Contador', 'Contador', '2025-12-04 21:43:36'),
(7, 'Cliente', 'Cliente', '2025-12-04 21:43:36');

-- --------------------------------------------------------

--
-- Estructura de tabla para la tabla `sales`
--

CREATE TABLE `sales` (
  `id` int(11) NOT NULL,
  `branch_id` int(11) NOT NULL,
  `user_id` int(11) NOT NULL,
  `total` decimal(10,2) NOT NULL,
  `created_at` datetime DEFAULT current_timestamp()
) ENGINE=InnoDB DEFAULT CHARSET=utf8mb4 COLLATE=utf8mb4_unicode_ci;

-- --------------------------------------------------------

--
-- Estructura de tabla para la tabla `sale_items`
--

CREATE TABLE `sale_items` (
  `id` int(11) NOT NULL,
  `sale_id` int(11) NOT NULL,
  `product_id` int(11) NOT NULL,
  `quantity` int(11) NOT NULL,
  `price` decimal(10,2) NOT NULL
) ENGINE=InnoDB DEFAULT CHARSET=utf8mb4 COLLATE=utf8mb4_unicode_ci;

-- --------------------------------------------------------

--
-- Estructura de tabla para la tabla `settings`
--

CREATE TABLE `settings` (
  `key` varchar(191) NOT NULL,
  `value` mediumtext DEFAULT NULL,
  `created_at` datetime DEFAULT NULL,
  `updated_at` datetime DEFAULT NULL
) ENGINE=InnoDB DEFAULT CHARSET=utf8mb4 COLLATE=utf8mb4_unicode_ci;

--
-- Volcado de datos para la tabla `settings`
--

INSERT INTO `settings` (`key`, `value`, `created_at`, `updated_at`) VALUES
('company_address', '', NULL, NULL),
('company_legend', '', NULL, NULL),
('company_logo', '', NULL, NULL),
('company_name', '', NULL, NULL),
('company_nit', '', NULL, NULL),
('company_phone', '', NULL, NULL),
('invoice_template_html', '<!doctype html>\r\n<html>\r\n<head>\r\n<meta charset=\"utf-8\">\r\n<style>\r\n  body { font-family: monospace; margin:0; padding:6px; color:#000; }\r\n  .print-area { max-width:320px; margin:0 auto; }\r\n  .center { text-align:center; }\r\n  .small { font-size:11px; }\r\n  .tiny { font-size:10px; }\r\n  .items { width:100%; border-collapse:collapse; margin-top:6px; }\r\n  .items td { padding:2px 0; vertical-align:top; }\r\n  .sep { border-top:1px dashed #000; margin:6px 0; }\r\n  .total { font-weight:bold; font-size:13px; }\r\n</style>\r\n</head>\r\n<body>\r\n<div class=\"print-area\">\r\n  <div class=\"center\">\r\n    <img src=\"{{LOGO}}\" alt=\"Logo\" style=\"max-width:160px;max-height:60px;margin-bottom:6px;\">\r\n  </div>\r\n  <div class=\"center\" style=\"font-weight:bold;font-size:14px;\">{{COMPANY_NAME}}</div>\r\n  <div class=\"center small\">NIT: {{NIT}}</div>\r\n  <div class=\"center small\">{{ADDRESS}}</div>\r\n  <div class=\"center small\">{{PHONE}}</div>\r\n  <div class=\"sep\"></div>\r\n  <div class=\"small\">Factura: <strong>{{INVOICE_NUMBER}}</strong></div>\r\n  <div class=\"small\">Fecha: {{DATE}}</div>\r\n  <div class=\"small\">Cajero: {{CASHIER}}</div>\r\n  <div class=\"small\">Cliente: {{CUSTOMER_NAME}}</div>\r\n  {{ITEMS}}\r\n  <div class=\"sep\"></div>\r\n  <div class=\"small\">Subtotal: ${{SUBTOTAL}}</div>\r\n  <div class=\"small\">IVA: ${{TAX}}</div>\r\n  <div class=\"total\">TOTAL: ${{TOTAL}}</div>\r\n  <div class=\"sep\"></div>\r\n  <div class=\"tiny\">{{LEGAL_LEGEND}}</div>\r\n</div>\r\n</body>\r\n</html>', NULL, NULL),
('invoice_template_html_branch_1', '', NULL, NULL),
('invoice_template_html_branch_2', '', NULL, NULL);

-- --------------------------------------------------------

--
-- Estructura de tabla para la tabla `subcategories`
--

CREATE TABLE `subcategories` (
  `id` int(11) NOT NULL,
  `category_id` int(11) NOT NULL,
  `active` tinyint(1) NOT NULL DEFAULT 1,
  `name` varchar(100) NOT NULL,
  `icon` varchar(255) DEFAULT NULL,
  `position` int(11) DEFAULT 0
) ENGINE=InnoDB DEFAULT CHARSET=utf8mb4 COLLATE=utf8mb4_unicode_ci;

--
-- Volcado de datos para la tabla `subcategories`
--

INSERT INTO `subcategories` (`id`, `category_id`, `active`, `name`, `icon`, `position`) VALUES
(10, 8, 1, 'Bolsa Manija', NULL, 0),
(11, 8, 1, 'Bolsa Papel', NULL, 0),
(14, 8, 1, 'Bolsa Hermetica', NULL, 0),
(15, 8, 1, 'Bolsa Polipropileno', NULL, 0),
(16, 8, 1, 'Bolsa Polipropileno Pegante', NULL, 0),
(17, 8, 1, 'Bolsa Polipropileno Pegante Zolapa', NULL, 0),
(18, 8, 1, 'Platos', NULL, 0),
(19, 8, 1, 'Contenedores Darnel', NULL, 0),
(21, 8, 1, 'Vasos', NULL, 0),
(22, 8, 1, 'Tapas', NULL, 0),
(23, 8, 1, 'Copas', NULL, 0),
(24, 8, 1, 'Molde Y Aluminios', NULL, 0),
(25, 8, 1, 'Aseo', NULL, 0),
(26, 8, 1, 'Cubiertos', NULL, 0),
(27, 8, 1, 'Vinipel', NULL, 0),
(28, 8, 1, 'Papeles', NULL, 0),
(29, 8, 1, 'Palos', NULL, 0),
(30, 8, 1, 'Neveras Icopor', NULL, 0),
(31, 8, 1, 'Blondas', NULL, 0),
(32, 8, 1, 'Cajas Cart贸n', NULL, 0),
(33, 8, 1, 'Pasteleria', NULL, 0),
(34, 8, 1, 'Ferreteria', NULL, 0),
(35, 8, 1, 'Drogueria', NULL, 0),
(36, 8, 1, 'Cigarrer铆a', NULL, 0),
(37, 8, 1, 'Bolsa Transparente', NULL, 0),
(38, 8, 1, 'Bolsa Lechosa', NULL, 0),
(39, 8, 1, 'Mascotas', NULL, 0),
(40, 8, 1, 'Papeler铆a', NULL, 0),
(42, 8, 1, 'Pa帽aleria', NULL, 0),
(43, 8, 1, 'Varios', NULL, 0),
(44, 12, 1, 'Bolsa Manija', NULL, 0),
(45, 12, 1, 'Bolsa Papel', NULL, 0),
(48, 12, 1, 'Bolsa Herm茅tica', NULL, 0),
(49, 12, 1, 'Bolsa Polipropileno', NULL, 0),
(50, 12, 1, 'Bolsa Polipropileno Pegante', NULL, 0),
(51, 12, 1, 'Bolsa Polipropileno Pegante Zolapa', NULL, 0),
(52, 12, 1, 'Platos', NULL, 0),
(53, 12, 1, 'Contenedores Darnel', NULL, 0),
(54, 12, 1, 'Icopores', NULL, 0),
(55, 12, 1, 'Vasos', NULL, 0),
(56, 12, 1, 'Tapas', NULL, 0),
(57, 12, 1, 'Copas', NULL, 0),
(58, 12, 1, 'Moldes Y Aluminios', NULL, 0),
(59, 12, 1, 'Aseo', NULL, 0),
(60, 12, 1, 'Cubiertos', NULL, 0),
(61, 12, 1, 'Vinipel', NULL, 0),
(62, 12, 1, 'Papeles', NULL, 0),
(63, 12, 1, 'Palos', NULL, 0),
(64, 12, 1, 'Neveras Icopor', NULL, 0),
(65, 12, 1, 'Blondas', NULL, 0),
(66, 12, 1, 'Cajas Cart贸n', NULL, 0),
(67, 12, 1, 'Pasteleria', NULL, 0),
(68, 12, 1, 'Ferreteria', NULL, 0),
(69, 12, 1, 'Drogueria', NULL, 0),
(70, 12, 1, 'Cigarreria', NULL, 0),
(71, 12, 1, 'Bolsa Transparente', NULL, 0),
(72, 12, 1, 'Bolsa Lechosa', NULL, 0),
(73, 12, 1, 'Mascotas', NULL, 0),
(74, 12, 1, 'Papeleria', NULL, 0),
(75, 12, 1, 'Pi帽ateria', NULL, 0),
(76, 12, 1, 'Pa帽aleria', NULL, 0),
(77, 12, 1, 'Varios', NULL, 0),
(78, 9, 1, 'Bolsa Manija', NULL, 0),
(79, 9, 1, 'Bolsa Papel', NULL, 0),
(81, 9, 1, 'Bolsa Lechosa', NULL, 0),
(82, 9, 1, 'Bolsa Herm茅tica', NULL, 0),
(83, 9, 1, 'Bolsa Polipropileno', NULL, 0),
(84, 9, 1, 'Bolsa Polipropileno Pegante', NULL, 0),
(85, 9, 1, 'Bolsa Polipropileno Pegante Zolapa', NULL, 0),
(86, 9, 1, 'Platos', NULL, 0),
(87, 9, 1, 'Contenedores Darnel', NULL, 0),
(89, 9, 1, 'Vasos', NULL, 0),
(90, 9, 1, 'Tapas', NULL, 0),
(91, 9, 1, 'Copas', NULL, 0),
(92, 9, 1, 'Moldes Y Aluminios', NULL, 0),
(93, 9, 1, 'Aseo', NULL, 0),
(94, 9, 1, 'Cubiertos', NULL, 0),
(95, 9, 1, 'Vinipel', NULL, 0),
(96, 9, 1, 'Papeles', NULL, 0),
(97, 9, 1, 'Palos', NULL, 0),
(98, 9, 1, 'Neveras Icopor', NULL, 0),
(99, 9, 1, 'Blondas', NULL, 0),
(100, 9, 1, 'Cajas Carton', NULL, 0),
(101, 9, 1, 'Pasteleria', NULL, 0),
(102, 9, 1, 'Ferreteria', NULL, 0),
(103, 9, 1, 'Drogueria', NULL, 0),
(104, 9, 1, 'Cigarreria', NULL, 0),
(105, 9, 1, 'Bolsa Transparente', NULL, 0),
(106, 9, 1, 'Bolsa Lechosa', NULL, 0),
(107, 9, 1, 'Mascotas', NULL, 0),
(108, 9, 1, 'Papeleria', NULL, 0),
(109, 9, 1, 'Pi帽ateria', NULL, 0),
(110, 9, 1, 'Pa帽aleria', NULL, 0),
(111, 9, 1, 'Varios', NULL, 0),
(112, 15, 1, 'Bolsa Manija', NULL, 0),
(113, 15, 1, 'Bolsa Papel', NULL, 0),
(114, 15, 1, 'Bolsa Lechosa', NULL, 0),
(115, 15, 1, 'Bolsa Hermetica', NULL, 0),
(116, 15, 1, 'Bolsa Polipropileno', NULL, 0),
(117, 15, 1, 'Bolsa Polipropileno Pegante', NULL, 0),
(118, 15, 1, 'Bolsa Polipropileno Pegante Zolapa', NULL, 0),
(119, 15, 1, 'Platos', NULL, 0),
(120, 15, 1, 'Contenedores Darnel', NULL, 0),
(122, 15, 1, 'Vasos', NULL, 0),
(123, 15, 1, 'Tapas', NULL, 0),
(124, 15, 1, 'Copas', NULL, 0),
(125, 15, 1, 'Moldes Y Aluminios', NULL, 0),
(126, 15, 1, 'Aseo', NULL, 0),
(127, 15, 1, 'Cubiertos', NULL, 0),
(128, 15, 1, 'Vinipel', NULL, 0),
(129, 15, 1, 'Papeles', NULL, 0),
(130, 15, 1, 'Palos', NULL, 0),
(131, 15, 1, 'Neveras Icopor', NULL, 0),
(132, 15, 1, 'Blondas', NULL, 0),
(133, 15, 1, 'Cajas Carton', NULL, 0),
(134, 15, 1, 'Pasteleria', NULL, 0),
(135, 15, 1, 'Ferreteria', NULL, 0),
(136, 15, 1, 'Drogueria', NULL, 0),
(137, 15, 1, 'Cigarreria', NULL, 0),
(138, 15, 1, 'Bolsa Transparente', NULL, 0),
(139, 15, 1, 'Bolsa Lechosa', NULL, 0),
(140, 15, 1, 'Mascotas', NULL, 0),
(141, 15, 1, 'Papeleria', NULL, 0),
(142, 15, 1, 'Pi帽ateria', NULL, 0),
(143, 15, 1, 'Pa帽aleria', NULL, 0),
(144, 15, 1, 'Varios', NULL, 0),
(145, 10, 1, 'Bolsa Manija', NULL, 0),
(146, 10, 1, 'Bolsa Papel', NULL, 0),
(147, 10, 1, 'Bolsa Lechosa', NULL, 0),
(148, 10, 1, 'Bolsa Herm茅tica', NULL, 0),
(149, 10, 1, 'Bolsa Polipropileno', NULL, 0),
(150, 10, 1, 'Bolsa Polipropileno Pegante', NULL, 0),
(151, 10, 1, 'Bolsa Polipropileno Pegante Zolapa', NULL, 0),
(152, 10, 1, 'Platos', NULL, 0),
(153, 10, 1, 'Contenedores Darnel', NULL, 0),
(155, 10, 1, 'Vasos', NULL, 0),
(156, 10, 1, 'Tapas', NULL, 0),
(157, 10, 1, 'Copas', NULL, 0),
(158, 10, 1, 'Moldes Y Aluminios', NULL, 0),
(159, 10, 1, 'Aseo', NULL, 0),
(160, 10, 1, 'Cubiertos', NULL, 0),
(161, 10, 1, 'Vinipel', NULL, 0),
(162, 10, 1, 'Papeles', NULL, 0),
(163, 10, 1, 'Palos', NULL, 0),
(164, 10, 1, 'Neveras Icopor', NULL, 0),
(165, 10, 1, 'Blondas', NULL, 0),
(166, 10, 1, 'Cajas Carton', NULL, 0),
(167, 10, 1, 'Pasteleria', NULL, 0),
(168, 10, 1, 'Ferreteria', NULL, 0),
(169, 10, 1, 'Drogueria', NULL, 0),
(170, 10, 1, 'Cigarreria', NULL, 0),
(171, 10, 1, 'Bolsa Transparente', NULL, 0),
(172, 10, 1, 'Bolsa Lechosa', NULL, 0),
(173, 10, 1, 'Mascotas', NULL, 0),
(174, 10, 1, 'Papeleria', NULL, 0),
(175, 10, 1, 'Pi帽ateria', NULL, 0),
(176, 10, 1, 'Pa帽aleria', NULL, 0),
(177, 10, 1, 'Varios', NULL, 0),
(178, 14, 1, 'Bolsa Manija', NULL, 0),
(179, 14, 1, 'Bolsa Papel', NULL, 0),
(180, 14, 1, 'Bolsa Lechosa', NULL, 0),
(181, 14, 1, 'Bolsa Hermetica', NULL, 0),
(182, 14, 1, 'Bolsa Polipropileno', NULL, 0),
(183, 14, 1, 'Bolsa Polipropileno Pegante', NULL, 0),
(184, 14, 1, 'Bolsa Polipropileno Pegante Zolapa', NULL, 0),
(185, 14, 1, 'Platos', NULL, 0),
(186, 14, 1, 'Contenedores', NULL, 0),
(188, 14, 1, 'Vasos', NULL, 0),
(189, 14, 1, 'Tapas', NULL, 0),
(190, 14, 1, 'Copas', NULL, 0),
(191, 14, 1, 'Moldes Y Aluminios', NULL, 0),
(192, 14, 1, 'Aseo', NULL, 0),
(193, 14, 1, 'Cubiertos', NULL, 0),
(194, 14, 1, 'Vinipel', NULL, 0),
(195, 14, 1, 'Papeles', NULL, 0),
(196, 14, 1, 'Palos', NULL, 0),
(197, 14, 1, 'Neveras Icopor', NULL, 0),
(198, 14, 1, 'Blondas', NULL, 0),
(199, 14, 1, 'Cajas Carton', NULL, 0),
(200, 14, 1, 'Pasteleria', NULL, 0),
(201, 14, 1, 'Ferreteria', NULL, 0),
(202, 14, 1, 'Drogueria', NULL, 0),
(203, 14, 1, 'Cigarreria', NULL, 0),
(204, 14, 1, 'Bolsa Transparente', NULL, 0),
(205, 14, 1, 'Bolsa Lechosa', NULL, 0),
(206, 14, 1, 'Mascotas', NULL, 0),
(207, 14, 1, 'Papeleria', NULL, 0),
(209, 14, 1, 'Pa帽oler铆a', NULL, 0),
(210, 14, 1, 'Varios', NULL, 0),
(211, 8, 1, 'Bolsa Para Basura', NULL, 0),
(212, 12, 1, 'Bolsa Para Basura', NULL, 0),
(214, 11, 1, 'Bolsa Para Basura', NULL, 0),
(216, 9, 1, 'Bolsa Para Basura', NULL, 0),
(217, 15, 1, 'Bolsa Para Basura', NULL, 0),
(218, 10, 1, 'Bolsa Para Basura', NULL, 0),
(219, 14, 1, 'Bolsa Para Basura', NULL, 0),
(220, 13, 1, 'Bolsa Para Basura', NULL, 0),
(221, 8, 1, 'Bolsa Presentaci贸n', NULL, 0),
(222, 12, 1, 'Bolsa Presentaci贸n', NULL, 0),
(223, 16, 1, 'Errores de digirtacion', NULL, 0),
(224, 13, 1, 'Varios', NULL, 0),
(225, 11, 1, 'Varios', NULL, 0),
(226, 13, 1, 'Pi帽ateria', NULL, 0),
(227, 11, 1, 'Pi帽ateria', NULL, 0),
(228, 13, 1, 'Papeleria', NULL, 0),
(229, 11, 1, 'Papeleria', NULL, 0),
(230, 13, 1, 'Mascotas', NULL, 0),
(231, 11, 1, 'Mascotas', NULL, 0),
(232, 13, 1, 'Bolsa Lechosa', NULL, 0),
(233, 11, 1, 'Bolsa Lechosa', NULL, 0),
(234, 13, 1, 'Bolsa Transparente', NULL, 0),
(235, 11, 1, 'Bolsa Transparente', NULL, 0),
(236, 13, 1, 'Cigarreria', NULL, 0),
(237, 11, 1, 'Cigarreria', NULL, 0),
(238, 13, 1, 'Drogueria', NULL, 0),
(239, 11, 1, 'Drogueria', NULL, 0),
(240, 13, 1, 'Pasteleria', NULL, 0),
(241, 11, 1, 'Pasteleria', NULL, 0),
(242, 13, 1, 'Palos', NULL, 0),
(243, 11, 1, 'Palos', NULL, 0),
(244, 13, 1, 'Cubiertos', NULL, 0),
(245, 11, 1, 'Cubiertos', NULL, 0),
(246, 13, 1, 'Aseo', NULL, 0),
(247, 11, 1, 'Aseo', NULL, 0),
(248, 13, 1, 'Copas', NULL, 0),
(249, 11, 1, 'Copas', NULL, 0),
(250, 13, 1, 'Vasos', NULL, 0),
(251, 11, 1, 'Vasos', NULL, 0),
(252, 13, 1, 'Contenedores', NULL, 0),
(253, 11, 1, 'Contenedores', NULL, 0),
(254, 13, 1, 'Platos', NULL, 0),
(255, 11, 1, 'Platos', NULL, 0),
(256, 13, 1, 'Bolsa Polipropileno Pegante', NULL, 0),
(257, 11, 1, 'Bolsa Polipropileno Pegante', NULL, 0),
(258, 13, 1, 'Bolsa Hermetica', NULL, 0),
(259, 11, 1, 'Bolsa Hermetica', NULL, 0),
(260, 13, 1, 'Bolsa Papel', NULL, 0),
(261, 11, 1, 'Bolsa Papel', NULL, 0),
(264, 8, 1, 'Pi帽ater铆a', NULL, 0),
(265, 17, 1, 'Servicios Papeler铆a', NULL, 0),
(266, 18, 1, 'Servicios Papeler铆a', NULL, 0);

-- --------------------------------------------------------

--
-- Estructura de tabla para la tabla `transfers`
--

CREATE TABLE `transfers` (
  `id` int(11) NOT NULL,
  `from_branch_id` int(11) NOT NULL,
  `to_branch_id` int(11) NOT NULL,
  `status` enum('pending','accepted','cancelled') NOT NULL DEFAULT 'pending',
  `sent_by` int(11) NOT NULL,
  `sent_at` datetime NOT NULL DEFAULT current_timestamp(),
  `accepted_by` int(11) DEFAULT NULL,
  `accepted_at` datetime DEFAULT NULL,
  `notes` text DEFAULT NULL
) ENGINE=InnoDB DEFAULT CHARSET=utf8mb4 COLLATE=utf8mb4_unicode_ci;

--
-- Volcado de datos para la tabla `transfers`
--

INSERT INTO `transfers` (`id`, `from_branch_id`, `to_branch_id`, `status`, `sent_by`, `sent_at`, `accepted_by`, `accepted_at`, `notes`) VALUES
(8, 1, 2, 'pending', 1, '2025-12-20 17:01:49', NULL, NULL, ''),
(9, 1, 2, 'pending', 1, '2025-12-20 17:05:35', NULL, NULL, ''),
(10, 1, 2, 'pending', 10, '2025-12-20 17:13:49', NULL, NULL, ''),
(11, 1, 2, 'pending', 1, '2025-12-20 18:39:13', NULL, NULL, '');

-- --------------------------------------------------------

--
-- Estructura de tabla para la tabla `transfer_items`
--

CREATE TABLE `transfer_items` (
  `id` int(11) NOT NULL,
  `transfer_id` int(11) NOT NULL,
  `product_id` int(11) NOT NULL,
  `qty` decimal(10,2) NOT NULL,
  `unit` text DEFAULT NULL
) ENGINE=InnoDB DEFAULT CHARSET=utf8mb4 COLLATE=utf8mb4_unicode_ci;

-- --------------------------------------------------------

--
-- Estructura de tabla para la tabla `transfer_logs`
--

CREATE TABLE `transfer_logs` (
  `id` int(11) NOT NULL,
  `transfer_id` int(11) NOT NULL,
  `action` varchar(50) NOT NULL,
  `user_id` int(11) NOT NULL,
  `created_at` datetime NOT NULL DEFAULT current_timestamp(),
  `details` text DEFAULT NULL
) ENGINE=InnoDB DEFAULT CHARSET=utf8mb4 COLLATE=utf8mb4_unicode_ci;

-- --------------------------------------------------------

--
-- Estructura de tabla para la tabla `users`
--

CREATE TABLE `users` (
  `id` int(11) NOT NULL,
  `name` varchar(100) NOT NULL,
  `email` varchar(150) NOT NULL,
  `password_hash` varchar(255) NOT NULL,
  `role_id` int(11) NOT NULL,
  `branch_id` int(11) NOT NULL DEFAULT 1,
  `active` tinyint(1) DEFAULT 1,
  `created_at` timestamp NOT NULL DEFAULT current_timestamp()
) ENGINE=InnoDB DEFAULT CHARSET=utf8mb4 COLLATE=utf8mb4_unicode_ci;

--
-- Volcado de datos para la tabla `users`
--

INSERT INTO `users` (`id`, `name`, `email`, `password_hash`, `role_id`, `branch_id`, `active`, `created_at`) VALUES
(1, 'Administrador', 'admin@mitienda.local', '$2y$10$phvSdSek9hbi5hiwqJy8mu78T58eYgQrJ9QnpRu99MJoSOfk1CNR2', 1, 1, 1, '2025-12-04 22:44:37'),
(2, 'Yamel Guaca', 'yguaca@gmail.com', '$2y$10$p5KUPjqkkDIfSjzpKdTOKeV/l6/z96nt93gA5ivnY/tlSvIhNzjT.', 3, 1, 1, '2025-12-06 16:13:37'),
(5, 'Adriana Julieth', 'cajero@mitienda.local', '$2y$10$ATZns80aWG6Pns8HgM7BVeXY4SzTW0/cI0X1oVS6CXB7FTqkox/8m', 3, 2, 1, '2025-12-15 18:44:21'),
(10, 'Duvis', 'cajerodanubio@mitienda.local', '$2y$10$aYrSPaGvAdsdG1x1XaKdeuu2mol8cazyjcgc6f6xA1K8zZEdX9Nt6', 3, 1, 1, '2025-12-15 20:06:15'),
(11, 'Duvis Lopez', 'duvisveredita@mitienda.local', '$2y$10$nlZa.4vmzOXo46eej1BdXumpLk7dDMEm2hEAoKk8vvNE0IAAbUhZW', 3, 2, 1, '2026-01-02 02:54:29');

-- --------------------------------------------------------

--
-- Estructura de tabla para la tabla `user_branches`
--

CREATE TABLE `user_branches` (
  `id` int(11) NOT NULL,
  `user_id` int(11) NOT NULL,
  `branch_id` int(11) NOT NULL
) ENGINE=InnoDB DEFAULT CHARSET=utf8mb4 COLLATE=utf8mb4_unicode_ci;

--
-- Volcado de datos para la tabla `user_branches`
--

INSERT INTO `user_branches` (`id`, `user_id`, `branch_id`) VALUES
(1, 1, 1),
(2, 1, 2);

--
-- ndices para tablas volcadas
--

--
-- Indices de la tabla `audit_logs`
--
ALTER TABLE `audit_logs`
  ADD PRIMARY KEY (`id`),
  ADD KEY `user_id` (`user_id`);

--
-- Indices de la tabla `branches`
--
ALTER TABLE `branches`
  ADD PRIMARY KEY (`id`);

--
-- Indices de la tabla `branch_category_visibility`
--
ALTER TABLE `branch_category_visibility`
  ADD PRIMARY KEY (`id`),
  ADD UNIQUE KEY `ux_branch_category` (`branch_id`,`category_id`),
  ADD KEY `category_id` (`category_id`);

--
-- Indices de la tabla `branch_subcategory_visibility`
--
ALTER TABLE `branch_subcategory_visibility`
  ADD PRIMARY KEY (`id`),
  ADD UNIQUE KEY `ux_branch_subcategory` (`branch_id`,`subcategory_id`),
  ADD KEY `subcategory_id` (`subcategory_id`);

--
-- Indices de la tabla `cash_sessions`
--
ALTER TABLE `cash_sessions`
  ADD PRIMARY KEY (`id`);

--
-- Indices de la tabla `categories`
--
ALTER TABLE `categories`
  ADD PRIMARY KEY (`id`);

--
-- Indices de la tabla `inventory`
--
ALTER TABLE `inventory`
  ADD PRIMARY KEY (`id`),
  ADD UNIQUE KEY `product_id` (`product_id`,`branch_id`),
  ADD UNIQUE KEY `uniq_inventory_prod_branch` (`product_id`,`branch_id`),
  ADD KEY `branch_id` (`branch_id`);

--
-- Indices de la tabla `inventory_movements`
--
ALTER TABLE `inventory_movements`
  ADD PRIMARY KEY (`id`),
  ADD KEY `product_id` (`product_id`),
  ADD KEY `branch_id` (`branch_id`),
  ADD KEY `user_id` (`user_id`);

--
-- Indices de la tabla `invoice_deletes`
--
ALTER TABLE `invoice_deletes`
  ADD PRIMARY KEY (`id`),
  ADD KEY `order_id` (`order_id`),
  ADD KEY `user_id` (`user_id`);

--
-- Indices de la tabla `orders`
--
ALTER TABLE `orders`
  ADD PRIMARY KEY (`id`),
  ADD KEY `user_id` (`user_id`);

--
-- Indices de la tabla `order_cancellations_log`
--
ALTER TABLE `order_cancellations_log`
  ADD PRIMARY KEY (`id`),
  ADD KEY `idx_oclog_order_id` (`order_id`);

--
-- Indices de la tabla `order_items`
--
ALTER TABLE `order_items`
  ADD PRIMARY KEY (`id`),
  ADD KEY `order_id` (`order_id`),
  ADD KEY `product_id` (`product_id`);

--
-- Indices de la tabla `payments`
--
ALTER TABLE `payments`
  ADD PRIMARY KEY (`id`),
  ADD KEY `order_id` (`order_id`);

--
-- Indices de la tabla `products`
--
ALTER TABLE `products`
  ADD PRIMARY KEY (`id`),
  ADD UNIQUE KEY `sku` (`sku`),
  ADD UNIQUE KEY `sku_2` (`sku`);

--
-- Indices de la tabla `product_images`
--
ALTER TABLE `product_images`
  ADD PRIMARY KEY (`id`),
  ADD KEY `fk_product_images_product` (`product_id`);

--
-- Indices de la tabla `product_prices`
--
ALTER TABLE `product_prices`
  ADD PRIMARY KEY (`id`),
  ADD UNIQUE KEY `product_id` (`product_id`,`unit_label`);

--
-- Indices de la tabla `roles`
--
ALTER TABLE `roles`
  ADD PRIMARY KEY (`id`),
  ADD UNIQUE KEY `name` (`name`);

--
-- Indices de la tabla `sales`
--
ALTER TABLE `sales`
  ADD PRIMARY KEY (`id`);

--
-- Indices de la tabla `sale_items`
--
ALTER TABLE `sale_items`
  ADD PRIMARY KEY (`id`);

--
-- Indices de la tabla `settings`
--
ALTER TABLE `settings`
  ADD PRIMARY KEY (`key`);

--
-- Indices de la tabla `subcategories`
--
ALTER TABLE `subcategories`
  ADD PRIMARY KEY (`id`),
  ADD KEY `category_id` (`category_id`);

--
-- Indices de la tabla `transfers`
--
ALTER TABLE `transfers`
  ADD PRIMARY KEY (`id`);

--
-- Indices de la tabla `transfer_items`
--
ALTER TABLE `transfer_items`
  ADD PRIMARY KEY (`id`),
  ADD KEY `fk_transfer_items_transfer_id` (`transfer_id`),
  ADD KEY `fk_transfer_items_product_id` (`product_id`);

--
-- Indices de la tabla `transfer_logs`
--
ALTER TABLE `transfer_logs`
  ADD PRIMARY KEY (`id`);

--
-- Indices de la tabla `users`
--
ALTER TABLE `users`
  ADD PRIMARY KEY (`id`),
  ADD UNIQUE KEY `email` (`email`),
  ADD KEY `role_id` (`role_id`);

--
-- Indices de la tabla `user_branches`
--
ALTER TABLE `user_branches`
  ADD PRIMARY KEY (`id`),
  ADD KEY `user_id` (`user_id`),
  ADD KEY `branch_id` (`branch_id`);

--
-- AUTO_INCREMENT de las tablas volcadas
--

--
-- AUTO_INCREMENT de la tabla `audit_logs`
--
ALTER TABLE `audit_logs`
  MODIFY `id` int(11) NOT NULL AUTO_INCREMENT;

--
-- AUTO_INCREMENT de la tabla `branches`
--
ALTER TABLE `branches`
  MODIFY `id` int(11) NOT NULL AUTO_INCREMENT, AUTO_INCREMENT=7;

--
-- AUTO_INCREMENT de la tabla `branch_category_visibility`
--
ALTER TABLE `branch_category_visibility`
  MODIFY `id` int(11) NOT NULL AUTO_INCREMENT, AUTO_INCREMENT=115;

--
-- AUTO_INCREMENT de la tabla `branch_subcategory_visibility`
--
ALTER TABLE `branch_subcategory_visibility`
  MODIFY `id` int(11) NOT NULL AUTO_INCREMENT, AUTO_INCREMENT=2078;

--
-- AUTO_INCREMENT de la tabla `cash_sessions`
--
ALTER TABLE `cash_sessions`
  MODIFY `id` int(11) NOT NULL AUTO_INCREMENT, AUTO_INCREMENT=11;

--
-- AUTO_INCREMENT de la tabla `categories`
--
ALTER TABLE `categories`
  MODIFY `id` int(11) NOT NULL AUTO_INCREMENT, AUTO_INCREMENT=19;

--
-- AUTO_INCREMENT de la tabla `inventory`
--
ALTER TABLE `inventory`
  MODIFY `id` int(11) NOT NULL AUTO_INCREMENT, AUTO_INCREMENT=691;

--
-- AUTO_INCREMENT de la tabla `inventory_movements`
--
ALTER TABLE `inventory_movements`
  MODIFY `id` int(11) NOT NULL AUTO_INCREMENT, AUTO_INCREMENT=1406;

--
-- AUTO_INCREMENT de la tabla `invoice_deletes`
--
ALTER TABLE `invoice_deletes`
  MODIFY `id` int(11) NOT NULL AUTO_INCREMENT;

--
-- AUTO_INCREMENT de la tabla `orders`
--
ALTER TABLE `orders`
  MODIFY `id` int(11) NOT NULL AUTO_INCREMENT, AUTO_INCREMENT=213;

--
-- AUTO_INCREMENT de la tabla `order_cancellations_log`
--
ALTER TABLE `order_cancellations_log`
  MODIFY `id` int(11) NOT NULL AUTO_INCREMENT, AUTO_INCREMENT=6;

--
-- AUTO_INCREMENT de la tabla `order_items`
--
ALTER TABLE `order_items`
  MODIFY `id` int(11) NOT NULL AUTO_INCREMENT, AUTO_INCREMENT=72;

--
-- AUTO_INCREMENT de la tabla `payments`
--
ALTER TABLE `payments`
  MODIFY `id` int(11) NOT NULL AUTO_INCREMENT, AUTO_INCREMENT=64;

--
-- AUTO_INCREMENT de la tabla `products`
--
ALTER TABLE `products`
  MODIFY `id` int(11) NOT NULL AUTO_INCREMENT, AUTO_INCREMENT=1226;

--
-- AUTO_INCREMENT de la tabla `product_images`
--
ALTER TABLE `product_images`
  MODIFY `id` int(11) NOT NULL AUTO_INCREMENT, AUTO_INCREMENT=6;

--
-- AUTO_INCREMENT de la tabla `product_prices`
--
ALTER TABLE `product_prices`
  MODIFY `id` int(11) NOT NULL AUTO_INCREMENT, AUTO_INCREMENT=733;

--
-- AUTO_INCREMENT de la tabla `roles`
--
ALTER TABLE `roles`
  MODIFY `id` int(11) NOT NULL AUTO_INCREMENT, AUTO_INCREMENT=8;

--
-- AUTO_INCREMENT de la tabla `sales`
--
ALTER TABLE `sales`
  MODIFY `id` int(11) NOT NULL AUTO_INCREMENT;

--
-- AUTO_INCREMENT de la tabla `sale_items`
--
ALTER TABLE `sale_items`
  MODIFY `id` int(11) NOT NULL AUTO_INCREMENT;

--
-- AUTO_INCREMENT de la tabla `subcategories`
--
ALTER TABLE `subcategories`
  MODIFY `id` int(11) NOT NULL AUTO_INCREMENT, AUTO_INCREMENT=267;

--
-- AUTO_INCREMENT de la tabla `transfers`
--
ALTER TABLE `transfers`
  MODIFY `id` int(11) NOT NULL AUTO_INCREMENT, AUTO_INCREMENT=12;

--
-- AUTO_INCREMENT de la tabla `transfer_items`
--
ALTER TABLE `transfer_items`
  MODIFY `id` int(11) NOT NULL AUTO_INCREMENT;

--
-- AUTO_INCREMENT de la tabla `transfer_logs`
--
ALTER TABLE `transfer_logs`
  MODIFY `id` int(11) NOT NULL AUTO_INCREMENT;

--
-- AUTO_INCREMENT de la tabla `users`
--
ALTER TABLE `users`
  MODIFY `id` int(11) NOT NULL AUTO_INCREMENT, AUTO_INCREMENT=12;

--
-- AUTO_INCREMENT de la tabla `user_branches`
--
ALTER TABLE `user_branches`
  MODIFY `id` int(11) NOT NULL AUTO_INCREMENT, AUTO_INCREMENT=3;

--
-- Restricciones para tablas volcadas
--

--
-- Filtros para la tabla `audit_logs`
--
ALTER TABLE `audit_logs`
  ADD CONSTRAINT `audit_logs_ibfk_1` FOREIGN KEY (`user_id`) REFERENCES `users` (`id`);

--
-- Filtros para la tabla `branch_category_visibility`
--
ALTER TABLE `branch_category_visibility`
  ADD CONSTRAINT `branch_category_visibility_ibfk_1` FOREIGN KEY (`branch_id`) REFERENCES `branches` (`id`) ON DELETE CASCADE ON UPDATE CASCADE,
  ADD CONSTRAINT `branch_category_visibility_ibfk_2` FOREIGN KEY (`category_id`) REFERENCES `categories` (`id`) ON DELETE CASCADE ON UPDATE CASCADE;

--
-- Filtros para la tabla `branch_subcategory_visibility`
--
ALTER TABLE `branch_subcategory_visibility`
  ADD CONSTRAINT `branch_subcategory_visibility_ibfk_1` FOREIGN KEY (`branch_id`) REFERENCES `branches` (`id`) ON DELETE CASCADE ON UPDATE CASCADE,
  ADD CONSTRAINT `branch_subcategory_visibility_ibfk_2` FOREIGN KEY (`subcategory_id`) REFERENCES `subcategories` (`id`) ON DELETE CASCADE ON UPDATE CASCADE;

--
-- Filtros para la tabla `inventory`
--
ALTER TABLE `inventory`
  ADD CONSTRAINT `inventory_ibfk_1` FOREIGN KEY (`product_id`) REFERENCES `products` (`id`) ON DELETE CASCADE,
  ADD CONSTRAINT `inventory_ibfk_2` FOREIGN KEY (`branch_id`) REFERENCES `branches` (`id`) ON DELETE CASCADE;

--
-- Filtros para la tabla `inventory_movements`
--
ALTER TABLE `inventory_movements`
  ADD CONSTRAINT `inventory_movements_ibfk_1` FOREIGN KEY (`product_id`) REFERENCES `products` (`id`),
  ADD CONSTRAINT `inventory_movements_ibfk_2` FOREIGN KEY (`branch_id`) REFERENCES `branches` (`id`),
  ADD CONSTRAINT `inventory_movements_ibfk_3` FOREIGN KEY (`user_id`) REFERENCES `users` (`id`);

--
-- Filtros para la tabla `orders`
--
ALTER TABLE `orders`
  ADD CONSTRAINT `orders_ibfk_1` FOREIGN KEY (`user_id`) REFERENCES `users` (`id`);

--
-- Filtros para la tabla `order_items`
--
ALTER TABLE `order_items`
  ADD CONSTRAINT `order_items_ibfk_1` FOREIGN KEY (`order_id`) REFERENCES `orders` (`id`) ON DELETE CASCADE,
  ADD CONSTRAINT `order_items_ibfk_2` FOREIGN KEY (`product_id`) REFERENCES `products` (`id`);

--
-- Filtros para la tabla `payments`
--
ALTER TABLE `payments`
  ADD CONSTRAINT `payments_ibfk_1` FOREIGN KEY (`order_id`) REFERENCES `orders` (`id`);

--
-- Filtros para la tabla `product_images`
--
ALTER TABLE `product_images`
  ADD CONSTRAINT `fk_product_images_product` FOREIGN KEY (`product_id`) REFERENCES `products` (`id`) ON DELETE CASCADE;

--
-- Filtros para la tabla `product_prices`
--
ALTER TABLE `product_prices`
  ADD CONSTRAINT `product_prices_ibfk_1` FOREIGN KEY (`product_id`) REFERENCES `products` (`id`) ON DELETE CASCADE;

--
-- Filtros para la tabla `subcategories`
--
ALTER TABLE `subcategories`
  ADD CONSTRAINT `subcategories_ibfk_1` FOREIGN KEY (`category_id`) REFERENCES `categories` (`id`) ON DELETE CASCADE;

--
-- Filtros para la tabla `transfer_items`
--
ALTER TABLE `transfer_items`
  ADD CONSTRAINT `fk_ti_product` FOREIGN KEY (`product_id`) REFERENCES `products` (`id`),
  ADD CONSTRAINT `fk_ti_transfer` FOREIGN KEY (`transfer_id`) REFERENCES `transfers` (`id`) ON DELETE CASCADE,
  ADD CONSTRAINT `fk_transfer_items_product_id` FOREIGN KEY (`product_id`) REFERENCES `products` (`id`),
  ADD CONSTRAINT `fk_transfer_items_transfer_id` FOREIGN KEY (`transfer_id`) REFERENCES `transfers` (`id`) ON DELETE CASCADE;

--
-- Filtros para la tabla `users`
--
ALTER TABLE `users`
  ADD CONSTRAINT `users_ibfk_1` FOREIGN KEY (`role_id`) REFERENCES `roles` (`id`);

--
-- Filtros para la tabla `user_branches`
--
ALTER TABLE `user_branches`
  ADD CONSTRAINT `user_branches_ibfk_1` FOREIGN KEY (`user_id`) REFERENCES `users` (`id`),
  ADD CONSTRAINT `user_branches_ibfk_2` FOREIGN KEY (`branch_id`) REFERENCES `branches` (`id`);
COMMIT;

/*!40101 SET CHARACTER_SET_CLIENT=@OLD_CHARACTER_SET_CLIENT */;
/*!40101 SET CHARACTER_SET_RESULTS=@OLD_CHARACTER_SET_RESULTS */;
/*!40101 SET COLLATION_CONNECTION=@OLD_COLLATION_CONNECTION */;
